,control_rep1,control_rep2,pfos50_rep1,pfos50_rep2
ENSG00000000003.18,197.495659592627,169.559837299626,300.603784174307,186.001778753656
ENSG00000000419.16,88.592144893848,68.6647275015014,92.0998828108516,76.8807352181779
ENSG00000000457.16,11.2360769133661,21.0198145412759,14.0708154294357,12.4001185835771
ENSG00000000460.19,86.863517676407,85.4805791345221,79.3082324204556,65.7206284929585
ENSG00000001036.16,199.224286810068,197.586256687994,195.71225097306,219.482098929314
ENSG00000001084.15,28.5223490877754,44.8422710213887,31.9791259759901,14.8801423002925
ENSG00000001167.17,55.7482277624702,44.8422710213887,60.1207568348615,59.52056920117
ENSG00000001461.21,53.587443740669,29.4277403577863,101.054038084129,80.600770793251
ENSG00000001497.20,249.786632920215,246.632490617638,254.553842768882,231.882217512891
ENSG00000001561.9,63.5270502409544,63.0594436238278,70.3540771471783,57.0405454844546
ENSG00000001629.12,52.2909733275883,56.0528387767358,42.212446288307,52.0804980510237
ENSG00000001630.20,510.377185949436,409.185723070171,175.245610348426,171.121636453364
ENSG00000001631.19,61.3662662191532,35.0330242354599,76.7499023423763,73.1606996431048
ENSG00000002330.16,45.8086212621848,32.2303822966231,39.6541162102278,32.2403083173004
ENSG00000002549.15,169.837624113572,177.967763116136,150.941474606673,131.441256985917
ENSG00000002586.22,79.5168520022831,61.6581226544094,70.3540771471783,70.6806759263894
ENSG00000002822.18,44.5121508491041,43.4409500519703,26.8624658198317,38.440367609089
ENSG00000002834.21,627.49167993106,421.797611794937,267.345493159278,265.36253768855
ENSG00000002919.17,73.4666567412398,77.0726533180118,51.1666015615842,45.8804387592352
ENSG00000003056.10,335.785836987902,290.073440669608,312.116269525664,338.523237331654
ENSG00000003249.17,36.3011715662597,30.8290613272047,34.5374560540694,33.4803201756581
ENSG00000003393.18,116.682337177263,121.9149243394,113.845688474525,76.8807352181779
ENSG00000003402.23,73.0344999368796,72.8686904097566,67.7957470690991,43.4004150425198
ENSG00000003436.18,102.853319437736,112.105677553472,156.058134762832,141.361351852779
ENSG00000003509.18,25.929408261614,25.2237774495311,38.3749511711882,27.2802608838696
ENSG00000003756.19,121.003905220866,117.710961431145,104.891533201248,146.32139928621
ENSG00000003989.20,12.5325473264468,11.2105677553472,15.3499804684753,23.5602253087965
ENSG00000004059.13,99.8282218072141,95.2898259204509,130.47483398204,117.801126543982
ENSG00000004142.14,353.504265966671,295.678724547281,271.182988276396,259.162478396761
ENSG00000004455.20,345.293286683827,319.501181027394,370.957861321486,328.603142464793
ENSG00000004478.10,278.741138812351,229.816638984617,213.620561519614,262.882513971834
ENSG00000004487.20,83.8384200458854,61.6581226544094,37.0957861321486,63.2406047762431
ENSG00000004534.17,79.5168520022831,57.4541597461542,72.9124072252575,63.2406047762431
ENSG00000004700.18,423.081511468669,389.567229498314,377.353686516684,452.604328300563
ENSG00000004766.19,60.5019526104328,50.4475548990622,47.3291064444654,64.4806166346008
ENSG00000004779.12,38.0297987837006,29.4277403577863,43.4916113273466,37.2003557507312
ENSG00000004864.16,93.7780265461708,109.303035614635,61.3999218739011,84.3208063683242
ENSG00000004866.24,143.476059047598,166.757195360789,282.695473627753,202.121932912306
ENSG00000004897.14,268.369375507705,214.402108321015,165.012290036109,193.441849903802
ENSG00000004961.17,113.657239546742,93.8885049510325,75.4707373033367,88.0408419433973
ENSG00000004975.14,100.692535415935,105.09907270638,62.6790869129407,49.6004743343083
ENSG00000005007.16,12.964704130807,5.60528387767358,10.2333203123168,16.1201541586502
ENSG00000005022.8,462.40778066545,400.777797253661,492.478540030248,462.524423167425
ENSG00000005059.18,38.8941123924211,28.0264193883679,35.816621093109,28.5202727422273
ENSG00000005075.18,27.2258786746947,23.8224564801127,42.212446288307,35.9603438923735
ENSG00000005100.14,13.8290177395275,11.2105677553472,29.4207958979109,21.080201592081
ENSG00000005156.14,42.7835236316632,43.4409500519703,55.004096678703,74.4007115014625
ENSG00000005175.12,199.224286810068,283.066835822516,182.920600582664,218.242087070957
ENSG00000005189.22,22.9043106310924,26.6250984189495,10.2333203123168,28.5202727422273
ENSG00000005194.17,161.194488026367,161.151911483115,120.241513669723,158.721517869787
ENSG00000005206.19,34.5725443488187,43.4409500519703,70.3540771471783,62.0005929178854
ENSG00000005238.22,21.6078402180117,19.6184935718575,16.6291455075149,22.3202134504387
ENSG00000005243.12,20.311369804931,15.4145306636024,24.3041357417525,9.92009486686167
ENSG00000005302.20,72.6023431325193,71.4673694403382,98.4957080060496,102.92098424369
ENSG00000005339.16,32.4117603270176,44.8422710213887,58.8415917958219,34.7203320340158
ENSG00000005436.16,15.5576449569684,18.2171726024391,12.7916503903961,12.4001185835771
ENSG00000005448.19,60.0697958060725,60.256801684991,93.3790478498912,119.04113840234
ENSG00000005469.14,31.9796035226573,32.2303822966231,26.8624658198317,19.8401897337233
ENSG00000005483.24,734.234410608038,1133.66866425948,770.057353501843,695.646652538674
ENSG00000005486.19,130.511354916791,135.928134033584,103.612368162208,99.2009486686166
ENSG00000005700.17,6.91450886976375,58.8554807155726,38.3749511711882,73.1606996431048
ENSG00000005801.20,50.5623461101474,53.250196837899,49.8874365225446,54.5605217677392
ENSG00000005810.22,12.1003905220866,16.8158516330207,10.2333203123168,16.1201541586502
ENSG00000005812.13,69.5772455019977,67.263406532083,29.4207958979109,45.8804387592352
ENSG00000005882.14,101.124692220295,109.303035614635,133.033164060119,128.961233269202
ENSG00000005884.20,184.96311226618,201.790219596249,298.045454096228,323.643095031362
ENSG00000005889.18,59.6376390017123,56.0528387767358,34.5374560540694,29.760284600585
ENSG00000005893.19,359.122304423355,284.468156791934,318.512094720862,301.322881580923
ENSG00000006007.14,158.601547200206,134.526813064166,130.47483398204,159.961529728144
ENSG00000006015.20,6.05019526104328,2.80264193883679,8.95415527327724,13.6401304419348
ENSG00000006025.15,9.93960650028538,16.8158516330207,16.6291455075149,23.5602253087965
ENSG00000006042.14,75.627440763041,67.263406532083,61.3999218739011,69.4406640680317
ENSG00000006062.20,21.6078402180117,18.2171726024391,11.5124853513564,11.1601067252194
ENSG00000006125.20,732.937940194957,861.812396192313,1167.87768064316,1057.73011517913
ENSG00000006194.13,45.8086212621848,50.4475548990622,56.2832617177426,53.3205099093814
ENSG00000006282.24,115.818023568543,133.125492094748,140.708154294357,145.081387427852
ENSG00000006327.16,135.265079764753,130.322850155911,212.341396480575,205.84196848738
ENSG00000006432.18,15.1254881526082,15.4145306636024,15.3499804684753,17.3601660170079
ENSG00000006451.10,54.0196005450293,33.6317032660415,60.1207568348615,85.5608182266819
ENSG00000006453.16,85.5670472633263,65.8620855626646,65.2374169910199,42.1604031841621
ENSG00000006468.17,17.2862721744094,26.6250984189495,15.3499804684753,32.2403083173004
ENSG00000006530.20,105.878417068257,42.0396290825519,58.8415917958219,69.4406640680317
ENSG00000006534.19,41.4870532185825,47.6449129602254,44.7707763663862,28.5202727422273
ENSG00000006576.19,261.022709833581,278.862872914261,216.178891597693,208.321992204095
ENSG00000006607.16,41.4870532185825,32.2303822966231,25.5833007807921,21.080201592081
ENSG00000006625.20,35.8690147618994,50.4475548990622,42.212446288307,37.2003557507312
ENSG00000006634.10,115.818023568543,95.2898259204509,70.3540771471783,86.8008300850396
ENSG00000006652.16,235.093301571967,211.599466382178,327.466249994139,355.883403348662
ENSG00000006695.14,59.6376390017123,67.263406532083,65.2374169910199,33.4803201756581
ENSG00000006704.13,23.7686242398129,22.4211355106943,8.95415527327724,13.6401304419348
ENSG00000006712.17,74.7631271543205,56.0528387767358,65.2374169910199,79.3607589348933
ENSG00000006715.18,62.6627366322339,79.8752952568485,103.612368162208,96.7209249519012
ENSG00000006744.21,328.439171313778,334.915711690997,277.578813471594,271.562596980338
ENSG00000006756.18,18.1505857831298,4.20396290825519,7.67499023423763,12.4001185835771
ENSG00000006757.14,8.21097928284445,5.60528387767358,10.2333203123168,17.3601660170079
ENSG00000006831.12,36.3011715662597,35.0330242354599,31.9791259759901,23.5602253087965
ENSG00000007080.13,53.1552869363088,53.250196837899,67.7957470690991,65.7206284929585
ENSG00000007168.17,141.315275025797,194.783614749157,148.383144528594,131.441256985917
ENSG00000007202.18,69.1450886976374,89.6845420427773,110.008193357406,94.2409012351858
ENSG00000007237.21,12.964704130807,15.4145306636024,7.67499023423763,9.92009486686167
ENSG00000007341.21,31.1152899139369,32.2303822966231,52.4457666006238,34.7203320340158
ENSG00000007372.26,34.1403875444585,39.2369871437151,44.7707763663862,48.3604624759506
ENSG00000007376.10,41.0548964142222,51.8488758684806,49.8874365225446,38.440367609089
ENSG00000007384.17,20.311369804931,35.0330242354599,24.3041357417525,27.2802608838696
ENSG00000007392.19,37.1654851749801,49.0462339296438,53.7249316396634,40.9203913258044
ENSG00000007541.19,58.7733253929918,47.6449129602254,47.3291064444654,50.840486192666
ENSG00000007866.23,42.3513668273029,26.6250984189495,21.7458056636733,14.8801423002925
ENSG00000007923.19,149.094097504281,189.178330871483,145.824814450515,148.801423002925
ENSG00000008018.11,158.601547200206,127.520208217074,186.758095699782,168.641612736648
ENSG00000008083.16,11.6682337177263,14.013209694184,15.3499804684753,11.1601067252194
ENSG00000008086.14,6.91450886976375,14.013209694184,12.7916503903961,4.96004743343083
ENSG00000008130.17,40.622739609862,44.8422710213887,19.1874755855941,28.5202727422273
ENSG00000008256.19,48.8337188927065,65.8620855626646,26.8624658198317,19.8401897337233
ENSG00000008282.12,249.354476115855,203.191540565667,220.016386714812,254.20243096333
ENSG00000008294.24,44.0799940447439,51.8488758684806,55.004096678703,60.7605810595277
ENSG00000008300.17,22.4721538267322,58.8554807155726,66.5165820300595,80.600770793251
ENSG00000008311.18,43.6478372403836,32.2303822966231,25.5833007807921,17.3601660170079
ENSG00000008324.14,10.8039201090059,7.00660484709198,14.0708154294357,12.4001185835771
ENSG00000008394.15,34.5725443488187,19.6184935718575,44.7707763663862,32.2403083173004
ENSG00000008405.14,157.737233591485,159.750590513697,108.729028318366,79.3607589348933
ENSG00000008513.19,16.4219585656889,14.013209694184,25.5833007807921,17.3601660170079
ENSG00000008838.23,69.5772455019977,70.0660484709198,47.3291064444654,50.840486192666
ENSG00000008853.20,17.7184289787696,23.8224564801127,16.6291455075149,18.6001778753656
ENSG00000008869.14,254.972514572538,360.139489140528,448.986928702902,396.803794674467
ENSG00000008952.19,421.352884251228,392.369871437151,304.441279291426,343.483284765085
ENSG00000008988.13,124.461159655747,109.303035614635,214.899726558654,159.961529728144
ENSG00000009307.19,1249.7974782098,1050.9907270638,873.669721664051,1013.08968827825
ENSG00000009335.21,102.421162633375,68.6647275015014,53.7249316396634,64.4806166346008
ENSG00000009413.18,4.75372484796257,16.8158516330207,3.83749511711882,6.20005929178854
ENSG00000009830.15,29.3866626964959,21.0198145412759,24.3041357417525,33.4803201756581
ENSG00000009844.18,880.303410481797,1544.25570829907,1588.72297848719,1165.61114685625
ENSG00000009954.12,48.4015620883462,99.4937888287061,150.941474606673,114.081090968909
ENSG00000010017.15,17.7184289787696,14.013209694184,17.9083105465545,16.1201541586502
ENSG00000010072.18,51.8588165232281,42.0396290825519,26.8624658198317,39.6803794674467
ENSG00000010165.22,63.5270502409544,72.8686904097566,58.8415917958219,70.6806759263894
ENSG00000010244.21,419.192100229427,383.96194562064,342.816230462614,288.922762997346
ENSG00000010256.14,477.101112013698,511.482153837714,718.890751940258,610.085834311992
ENSG00000010270.16,74.3309703499603,67.263406532083,80.5873974594952,71.9206877847471
ENSG00000010278.17,97.6674377854129,86.8819001039405,75.4707373033367,89.280853801755
ENSG00000010292.15,647.370892931631,861.812396192313,672.840810534833,575.365502277977
ENSG00000010322.18,48.4015620883462,51.8488758684806,29.4207958979109,45.8804387592352
ENSG00000010404.20,126.621943677549,113.50699852289,158.616464840911,133.921280702632
ENSG00000010539.14,44.5121508491041,50.4475548990622,28.1416308588713,31.0002964589427
ENSG00000010626.17,6.48235206540351,8.40792581651037,5.11666015615842,12.4001185835771
ENSG00000010704.21,15.5576449569684,14.013209694184,3.83749511711882,12.4001185835771
ENSG00000010803.20,46.6729348709053,32.2303822966231,42.212446288307,45.8804387592352
ENSG00000011007.15,154.712135960964,140.13209694184,106.170698240287,138.881328136063
ENSG00000011009.14,59.2054821973521,54.6515178073174,44.7707763663862,43.4004150425198
ENSG00000011021.25,78.6525383935626,107.901714645216,97.21654296701,95.4809130935435
ENSG00000011028.15,18.1505857831298,15.4145306636024,17.9083105465545,14.8801423002925
ENSG00000011052.21,14.693331348248,0,39.6541162102278,8.68008300850396
ENSG00000011105.16,10.8039201090059,14.013209694184,8.95415527327724,11.1601067252194
ENSG00000011114.17,65.2556774583953,89.6845420427773,75.4707373033367,73.1606996431048
ENSG00000011132.14,10.3717633046456,11.2105677553472,16.6291455075149,16.1201541586502
ENSG00000011143.21,52.7231301319486,61.6581226544094,88.2623876937328,69.4406640680317
ENSG00000011198.12,33.7082307400983,30.8290613272047,37.0957861321486,47.1204506175929
ENSG00000011243.21,30.6831331095766,23.8224564801127,23.0249707027129,16.1201541586502
ENSG00000011258.18,6.48235206540351,1.4013209694184,16.6291455075149,7.44007115014625
ENSG00000011260.16,178.048603396416,158.349269544279,200.828911129218,173.601660170079
ENSG00000011275.20,89.4564585025685,74.270011379175,117.683183591644,128.961233269202
ENSG00000011295.18,41.0548964142222,67.263406532083,48.608271483505,49.6004743343083
ENSG00000011304.24,319.796035226573,266.250984189495,225.133046870971,223.202134504387
ENSG00000011376.14,54.0196005450293,51.8488758684806,37.0957861321486,39.6803794674467
ENSG00000011405.16,143.908215851958,187.777009902065,97.21654296701,132.681268844275
ENSG00000011422.14,51.4266597188679,51.8488758684806,258.391337886,279.002668130484
ENSG00000011426.13,938.644579070428,875.825605886497,306.999609369505,310.002964589427
ENSG00000011451.23,19.4470561962105,26.6250984189495,42.212446288307,39.6803794674467
ENSG00000011454.20,63.5270502409544,70.0660484709198,92.0998828108516,66.9606403513162
ENSG00000011485.17,135.265079764753,137.329455003003,143.266484372436,166.161589019933
ENSG00000011523.17,39.3262691967813,33.6317032660415,28.1416308588713,27.2802608838696
ENSG00000011566.17,55.7482277624702,58.8554807155726,42.212446288307,28.5202727422273
ENSG00000012048.28,90.7529289156492,92.4871839816141,56.2832617177426,78.1207470765356
ENSG00000012061.19,66.5521478714761,61.6581226544094,86.9832226546932,94.2409012351858
ENSG00000012171.22,11.2360769133661,14.013209694184,10.2333203123168,8.68008300850396
ENSG00000012174.14,101.124692220295,89.6845420427773,101.054038084129,126.481209552486
ENSG00000012232.12,37.1654851749801,33.6317032660415,14.0708154294357,19.8401897337233
ENSG00000012660.16,1244.61159655747,1590.49930028988,1377.66074704566,1233.81179906592
ENSG00000012822.18,79.5168520022831,82.6779371956853,112.566523435485,114.081090968909
ENSG00000012963.17,281.766236442873,325.106464905068,385.028676750921,347.203320340158
ENSG00000012983.14,127.918414090629,112.105677553472,76.7499023423763,116.561114685625
ENSG00000013016.18,214.349774962676,353.132884293436,360.724541009169,385.643687949247
ENSG00000013275.10,102.421162633375,56.0528387767358,126.637338864921,109.121043535478
ENSG00000013288.11,47.1050916752655,89.6845420427773,53.7249316396634,32.2403083173004
ENSG00000013306.18,142.611745438877,107.901714645216,199.549746090178,204.601956629022
ENSG00000013364.21,147.7976270912,109.303035614635,61.3999218739011,105.401007960405
ENSG00000013374.19,98.9639081984936,71.4673694403382,92.0998828108516,68.2006522096739
ENSG00000013375.19,133.536452547312,109.303035614635,163.73312499707,230.642205654534
ENSG00000013392.10,15.1254881526082,22.4211355106943,37.0957861321486,33.4803201756581
ENSG00000013441.19,42.7835236316632,35.0330242354599,46.0499414054258,65.7206284929585
ENSG00000013503.12,130.943511721151,138.730775972421,177.803940426505,120.281150260698
ENSG00000013523.14,31.1152899139369,32.2303822966231,47.3291064444654,34.7203320340158
ENSG00000013561.20,89.0243016982082,95.2898259204509,102.333203123168,95.4809130935435
ENSG00000013563.16,26.7937218703345,42.0396290825519,17.9083105465545,28.5202727422273
ENSG00000013573.19,92.0493993287299,99.4937888287061,98.4957080060496,81.8407826516087
ENSG00000013583.12,32.8439171313778,23.8224564801127,51.1666015615842,49.6004743343083
ENSG00000013588.12,606.748153321769,601.166695880492,496.316035147367,458.804387592352
ENSG00000013619.17,63.5270502409544,93.8885049510325,78.0290673814159,45.8804387592352
ENSG00000013810.23,231.203890332725,221.408713168106,134.312329099159,100.440960526974
ENSG00000014123.12,24.6329378485333,29.4277403577863,43.4916113273466,55.8005336260969
ENSG00000014138.12,145.204686265039,161.151911483115,158.616464840911,131.441256985917
ENSG00000014164.9,39.7584260011415,26.6250984189495,40.9332812492674,42.1604031841621
ENSG00000014216.18,227.314479093483,193.382293779739,85.7040576156536,167.401600878291
ENSG00000014641.23,378.137203815205,340.52099556867,310.837104486624,300.082869722565
ENSG00000014824.16,131.807825329871,93.8885049510325,118.962348630683,164.921577161575
ENSG00000014914.23,7.77882247848421,9.80924678592877,3.83749511711882,14.8801423002925
ENSG00000014919.15,92.0493993287299,89.6845420427773,78.0290673814159,75.6407233598202
ENSG00000015133.21,7.77882247848421,1.4013209694184,8.95415527327724,18.6001778753656
ENSG00000015153.17,22.9043106310924,9.80924678592877,14.0708154294357,16.1201541586502
ENSG00000015171.23,74.7631271543205,60.256801684991,62.6790869129407,50.840486192666
ENSG00000015475.21,105.446260263897,119.112282400564,72.9124072252575,106.641019818763
ENSG00000015479.22,1086.87436296599,1254.18226762946,1016.93620603649,948.609071643647
ENSG00000015532.12,35.8690147618994,30.8290613272047,17.9083105465545,23.5602253087965
ENSG00000015568.15,35.004701153179,63.0594436238278,25.5833007807921,24.8002371671542
ENSG00000015676.20,55.7482277624702,70.0660484709198,57.5624267567823,85.5608182266819
ENSG00000016864.21,66.1199910671158,53.250196837899,81.8665624985348,84.3208063683242
ENSG00000017260.22,312.449369552449,299.882687455537,175.245610348426,167.401600878291
ENSG00000017797.15,63.0948934365942,50.4475548990622,35.816621093109,54.5605217677392
ENSG00000018408.17,374.679949380323,458.231956999815,310.837104486624,262.882513971834
ENSG00000018510.20,164.651742461249,117.710961431145,51.1666015615842,80.600770793251
ENSG00000018610.17,27.658035479055,29.4277403577863,51.1666015615842,27.2802608838696
ENSG00000018699.15,107.174887481338,126.118887247656,81.8665624985348,81.8407826516087
ENSG00000019144.22,99.8282218072141,105.09907270638,30.6999609369505,35.9603438923735
ENSG00000019549.14,39.7584260011415,33.6317032660415,72.9124072252575,47.1204506175929
ENSG00000019995.7,9.50744969592515,21.0198145412759,8.95415527327724,8.68008300850396
ENSG00000020129.18,63.0948934365942,71.4673694403382,69.0749121081387,53.3205099093814
ENSG00000020256.22,38.8941123924211,42.0396290825519,26.8624658198317,40.9203913258044
ENSG00000020426.13,38.8941123924211,19.6184935718575,44.7707763663862,31.0002964589427
ENSG00000020577.16,9.07529289156492,18.2171726024391,14.0708154294357,16.1201541586502
ENSG00000020922.15,125.757630068828,116.309640461727,104.891533201248,117.801126543982
ENSG00000021574.17,26.3615650659743,12.6118887247656,11.5124853513564,16.1201541586502
ENSG00000021645.20,32.8439171313778,36.4343452048783,20.4666406246337,24.8002371671542
ENSG00000021776.13,397.584260011415,535.304610317827,602.486733387654,560.485359977684
ENSG00000022267.21,139.154491003995,140.13209694184,116.404018552604,156.241494153071
ENSG00000022277.15,475.804641600618,365.744773018201,340.257900384535,349.683344056874
ENSG00000022840.18,248.058005702774,200.388898626831,181.641435543624,214.522051495884
ENSG00000023041.14,125.757630068828,130.322850155911,199.549746090178,163.681565303217
ENSG00000023191.19,109.767828307499,213.000787351596,182.920600582664,84.3208063683242
ENSG00000023228.17,285.223490877755,276.060230975424,158.616464840911,158.721517869787
ENSG00000023287.15,91.6172425243696,63.0594436238278,28.1416308588713,83.0807945099664
ENSG00000023318.11,65.2556774583953,57.4541597461542,93.3790478498912,68.2006522096739
ENSG00000023330.17,116.682337177263,82.6779371956853,94.6582128889308,107.881031677121
ENSG00000023572.11,22.4721538267322,26.6250984189495,17.9083105465545,35.9603438923735
ENSG00000023608.7,146.501156678119,123.316245308819,175.245610348426,174.841672028437
ENSG00000023697.15,111.06429872058,93.8885049510325,80.5873974594952,75.6407233598202
ENSG00000023734.13,512.105813166877,325.106464905068,319.791259759901,322.403083173004
ENSG00000024048.13,83.8384200458854,72.8686904097566,74.1915722642971,96.7209249519012
ENSG00000024422.14,790.414795174868,899.64806236661,542.365976552793,587.765620861554
ENSG00000024526.19,231.636047137085,227.01399704578,120.241513669723,135.16129256099
ENSG00000024862.20,14.693331348248,7.00660484709198,21.7458056636733,9.92009486686167
ENSG00000025156.15,38.8941123924211,51.8488758684806,20.4666406246337,28.5202727422273
ENSG00000025293.19,129.64704130807,100.895109798124,70.3540771471783,101.680972385332
ENSG00000025434.21,11.2360769133661,14.013209694184,15.3499804684753,22.3202134504387
ENSG00000025770.21,81.6776360240842,96.6911468898693,70.3540771471783,96.7209249519012
ENSG00000025772.10,347.454070705628,354.534205262854,420.84529784403,362.083462640451
ENSG00000025796.16,122.732532438306,110.704356584053,150.941474606673,193.441849903802
ENSG00000025800.15,137.858020590915,198.987577657412,122.799843747802,137.641316277706
ENSG00000026025.18,1080.39201090059,896.845420427773,952.977954084506,1184.21132473161
ENSG00000026103.26,6.48235206540351,9.80924678592877,25.5833007807921,19.8401897337233
ENSG00000026508.23,391.534064750372,372.751377865293,865.994731429813,939.928988635143
ENSG00000026559.16,5.18588165232281,7.00660484709198,8.95415527327724,17.3601660170079
ENSG00000026652.17,18.5827425874901,22.4211355106943,30.6999609369505,22.3202134504387
ENSG00000027001.12,27.658035479055,18.2171726024391,20.4666406246337,27.2802608838696
ENSG00000027697.18,67.8486182845567,54.6515178073174,57.5624267567823,53.3205099093814
ENSG00000027847.16,34.1403875444585,42.0396290825519,55.004096678703,57.0405454844546
ENSG00000028116.20,60.934109414793,51.8488758684806,39.6541162102278,69.4406640680317
ENSG00000028203.21,134.400766156033,138.730775972421,136.870659177238,137.641316277706
ENSG00000028310.20,67.8486182845567,61.6581226544094,51.1666015615842,64.4806166346008
ENSG00000028528.17,194.470561962105,179.369084085555,175.245610348426,204.601956629022
ENSG00000028839.11,20.7435266092912,28.0264193883679,16.6291455075149,17.3601660170079
ENSG00000029153.17,28.9545058921357,19.6184935718575,14.0708154294357,13.6401304419348
ENSG00000029363.19,337.946621009703,283.066835822516,231.528872066169,240.562300521395
ENSG00000029364.14,317.203094400412,416.192327917263,450.266093741941,410.443925116401
ENSG00000029639.13,19.8792130005708,16.8158516330207,20.4666406246337,18.6001778753656
ENSG00000029725.19,167.676840091771,166.757195360789,107.449863279327,106.641019818763
ENSG00000029993.17,116.682337177263,95.2898259204509,63.9582519519803,58.2805573428123
ENSG00000030066.16,312.449369552449,341.922316538089,272.462153315436,270.32258512198
ENSG00000030110.16,74.7631271543205,64.4607645932462,51.1666015615842,68.2006522096739
ENSG00000030582.21,768.806954956856,828.180692926272,940.18630369411,1111.05062508851
ENSG00000031003.13,34.1403875444585,65.8620855626646,47.3291064444654,55.8005336260969
ENSG00000031691.9,122.732532438306,106.500393675798,102.333203123168,74.4007115014625
ENSG00000031698.15,567.854040929348,475.047808632836,1216.48595212666,1197.85145517355
ENSG00000031823.16,93.3458697418106,119.112282400564,69.0749121081387,83.0807945099664
ENSG00000032219.21,38.0297987837006,26.6250984189495,11.5124853513564,14.8801423002925
ENSG00000032389.15,63.5270502409544,54.6515178073174,58.8415917958219,47.1204506175929
ENSG00000032444.17,72.6023431325193,58.8554807155726,39.6541162102278,39.6803794674467
ENSG00000032742.20,15.5576449569684,8.40792581651037,12.7916503903961,28.5202727422273
ENSG00000033011.16,198.792130005708,291.474761639026,524.457666006238,445.164257150417
ENSG00000033030.18,62.2305798278737,58.8554807155726,62.6790869129407,69.4406640680317
ENSG00000033050.11,315.474467182971,288.672119700189,240.483027339446,255.442442821688
ENSG00000033100.18,41.0548964142222,36.4343452048783,31.9791259759901,45.8804387592352
ENSG00000033170.19,44.5121508491041,39.2369871437151,26.8624658198317,74.4007115014625
ENSG00000033178.15,79.0846951979228,71.4673694403382,56.2832617177426,76.8807352181779
ENSG00000033627.20,124.461159655747,106.500393675798,88.2623876937328,90.5208656601127
ENSG00000033800.16,207.003109288552,207.395503473923,172.687280270347,130.201245127559
ENSG00000033867.20,29.8188195008562,26.6250984189495,21.7458056636733,24.8002371671542
ENSG00000034152.22,137.858020590915,93.8885049510325,104.891533201248,117.801126543982
ENSG00000034510.8,342.268189053305,290.073440669608,386.307841789961,286.442739280631
ENSG00000034533.14,42.3513668273029,32.2303822966231,33.2582910150297,26.0402490255119
ENSG00000034677.15,220.399970223719,305.48797133321,243.041357417525,255.442442821688
ENSG00000034693.17,27.658035479055,25.2237774495311,39.6541162102278,27.2802608838696
ENSG00000034713.9,60.5019526104328,54.6515178073174,55.004096678703,40.9203913258044
ENSG00000035115.24,14.693331348248,14.013209694184,20.4666406246337,24.8002371671542
ENSG00000035141.12,199.224286810068,182.171726024391,176.524775387466,133.921280702632
ENSG00000035403.20,861.720667894307,878.628247825334,231.528872066169,226.922170079461
ENSG00000035499.15,111.928612329301,99.4937888287061,60.1207568348615,57.0405454844546
ENSG00000035681.12,51.8588165232281,58.8554807155726,80.5873974594952,78.1207470765356
ENSG00000035687.11,116.250180372903,95.2898259204509,67.7957470690991,100.440960526974
ENSG00000035862.15,26.7937218703345,28.0264193883679,20.4666406246337,32.2403083173004
ENSG00000035928.19,163.787428852529,162.553232452534,140.708154294357,194.68186176216
ENSG00000036054.15,193.606248353385,182.171726024391,245.599687495604,240.562300521395
ENSG00000036257.16,23.3364674354526,19.6184935718575,25.5833007807921,12.4001185835771
ENSG00000036549.15,101.124692220295,106.500393675798,110.008193357406,152.521458577998
ENSG00000036672.18,19.4470561962105,15.4145306636024,17.9083105465545,13.6401304419348
ENSG00000037042.11,38.8941123924211,44.8422710213887,55.004096678703,48.3604624759506
ENSG00000037241.9,50.9945029145076,25.2237774495311,46.0499414054258,23.5602253087965
ENSG00000037280.18,32.4117603270176,32.2303822966231,34.5374560540694,42.1604031841621
ENSG00000037474.17,268.369375507705,238.224564801127,185.478930660743,241.802312379753
ENSG00000037637.13,39.7584260011415,61.6581226544094,60.1207568348615,55.8005336260969
ENSG00000037749.15,123.164689242667,91.0858630121957,66.5165820300595,49.6004743343083
ENSG00000037757.16,13.8290177395275,8.40792581651037,15.3499804684753,9.92009486686167
ENSG00000037897.19,35.4368579575392,54.6515178073174,81.8665624985348,68.2006522096739
ENSG00000038002.11,26.7937218703345,32.2303822966231,21.7458056636733,21.080201592081
ENSG00000038210.16,45.8086212621848,32.2303822966231,34.5374560540694,35.9603438923735
ENSG00000038219.15,10.3717633046456,22.4211355106943,10.2333203123168,13.6401304419348
ENSG00000038274.20,199.656443614428,180.770405054973,225.133046870971,204.601956629022
ENSG00000038295.9,16.4219585656889,18.2171726024391,0,1.24001185835771
ENSG00000038358.17,93.7780265461708,64.4607645932462,49.8874365225446,65.7206284929585
ENSG00000038382.24,19.0148993918503,30.8290613272047,28.1416308588713,29.760284600585
ENSG00000038427.17,228.610949506564,376.955340773548,147.103979489555,121.521162119055
ENSG00000038532.19,71.3058727194386,53.250196837899,72.9124072252575,57.0405454844546
ENSG00000039123.18,250.650946528936,207.395503473923,134.312329099159,213.282039637526
ENSG00000039319.19,68.280775088917,67.263406532083,65.2374169910199,62.0005929178854
ENSG00000039523.22,154.279979156604,217.204750259851,212.341396480575,195.921873620518
ENSG00000039560.16,717.380295237989,748.305397669423,367.120366204367,430.284114850125
ENSG00000039650.14,30.6831331095766,56.0528387767358,38.3749511711882,48.3604624759506
ENSG00000040199.20,42.7835236316632,36.4343452048783,14.0708154294357,17.3601660170079
ENSG00000040275.19,420.056413838148,435.810821489121,250.716347651763,221.96212264603
ENSG00000040341.20,137.858020590915,106.500393675798,70.3540771471783,74.4007115014625
ENSG00000040487.15,22.9043106310924,11.2105677553472,37.0957861321486,33.4803201756581
ENSG00000040531.18,63.5270502409544,60.256801684991,88.2623876937328,111.601067252194
ENSG00000040633.14,58.3411685886316,49.0462339296438,44.7707763663862,31.0002964589427
ENSG00000040933.19,16.4219585656889,9.80924678592877,12.7916503903961,14.8801423002925
ENSG00000041357.18,354.800736379752,312.494576180302,253.274677729842,246.762359813184
ENSG00000041802.13,154.279979156604,138.730775972421,152.220639645713,147.561411144567
ENSG00000041880.17,24.2007810441731,33.6317032660415,58.8415917958219,47.1204506175929
ENSG00000041982.19,332.76073935738,311.093255210884,429.799453117308,509.644873785018
ENSG00000041988.18,18.1505857831298,12.6118887247656,24.3041357417525,16.1201541586502
ENSG00000042088.16,162.923115243808,161.151911483115,162.45395995803,140.121339994421
ENSG00000042286.17,5.18588165232281,5.60528387767358,6.39582519519803,17.3601660170079
ENSG00000042429.14,70.4415591107182,71.4673694403382,46.0499414054258,57.0405454844546
ENSG00000042445.16,50.5623461101474,14.013209694184,0,16.1201541586502
ENSG00000042493.18,133.536452547312,154.145306636024,222.574716792891,199.641909195591
ENSG00000042753.14,103.717633046456,93.8885049510325,122.799843747802,117.801126543982
ENSG00000043093.17,74.7631271543205,51.8488758684806,46.0499414054258,49.6004743343083
ENSG00000043143.24,18.1505857831298,11.2105677553472,19.1874755855941,14.8801423002925
ENSG00000043514.18,44.5121508491041,47.6449129602254,37.0957861321486,40.9203913258044
ENSG00000044090.15,93.7780265461708,82.6779371956853,143.266484372436,156.241494153071
ENSG00000044115.23,843.137925306817,798.752952568485,642.140849597882,688.206581388528
ENSG00000044446.14,23.7686242398129,28.0264193883679,23.0249707027129,19.8401897337233
ENSG00000044459.17,39.7584260011415,56.0528387767358,25.5833007807921,43.4004150425198
ENSG00000044574.11,2491.81613394111,2208.48184780339,7751.74013658001,8166.71809914387
ENSG00000046604.17,160.762331222007,166.757195360789,104.891533201248,115.321102827267
ENSG00000046647.17,11.2360769133661,15.4145306636024,11.5124853513564,16.1201541586502
ENSG00000046651.18,28.5223490877754,19.6184935718575,30.6999609369505,28.5202727422273
ENSG00000047056.20,25.4972514572538,37.8356661742967,35.816621093109,22.3202134504387
ENSG00000047188.18,39.3262691967813,25.2237774495311,24.3041357417525,28.5202727422273
ENSG00000047230.17,38.8941123924211,40.6383081131335,39.6541162102278,54.5605217677392
ENSG00000047249.20,121.436062025226,119.112282400564,124.079008786842,128.961233269202
ENSG00000047315.18,321.092505639654,396.573834345406,324.90791991606,283.962715563915
ENSG00000047346.15,19.4470561962105,21.0198145412759,10.2333203123168,8.68008300850396
ENSG00000047410.15,106.742730676978,117.710961431145,61.3999218739011,93.0008893768281
ENSG00000047578.16,19.0148993918503,16.8158516330207,15.3499804684753,21.080201592081
ENSG00000047579.22,48.8337188927065,47.6449129602254,30.6999609369505,52.0804980510237
ENSG00000047617.19,15.1254881526082,25.2237774495311,14.0708154294357,8.68008300850396
ENSG00000047621.14,102.853319437736,99.4937888287061,46.0499414054258,79.3607589348933
ENSG00000047634.17,72.1701863281591,78.4739742874302,83.1457275375744,63.2406047762431
ENSG00000047849.24,1853.9526907054,2536.3909546473,1889.3267626615,1855.05774010313
ENSG00000047932.16,60.5019526104328,57.4541597461542,49.8874365225446,47.1204506175929
ENSG00000048028.14,77.3560679804819,75.6713323485934,57.5624267567823,53.3205099093814
ENSG00000048052.27,4.75372484796257,7.00660484709198,3.83749511711882,13.6401304419348
ENSG00000048140.20,46.240778066545,60.256801684991,42.212446288307,19.8401897337233
ENSG00000048162.24,42.7835236316632,53.250196837899,76.7499023423763,60.7605810595277
ENSG00000048342.20,50.1301893057872,35.0330242354599,31.9791259759901,55.8005336260969
ENSG00000048392.15,85.1348904589661,50.4475548990622,51.1666015615842,91.7608775184704
ENSG00000048405.13,26.7937218703345,26.6250984189495,16.6291455075149,29.760284600585
ENSG00000048471.16,18.1505857831298,21.0198145412759,21.7458056636733,19.8401897337233
ENSG00000048544.9,244.600751267892,208.796824443341,232.808037105208,210.80201592081
ENSG00000048649.15,60.0697958060725,79.8752952568485,43.4916113273466,60.7605810595277
ENSG00000048707.16,23.3364674354526,16.8158516330207,23.0249707027129,31.0002964589427
ENSG00000048828.20,56.6125413711907,56.0528387767358,61.3999218739011,60.7605810595277
ENSG00000048991.20,180.209387418218,262.04702128124,271.182988276396,244.282336096468
ENSG00000049167.18,70.4415591107182,82.6779371956853,86.9832226546932,76.8807352181779
ENSG00000049192.16,25.0650946528936,18.2171726024391,39.6541162102278,58.2805573428123
ENSG00000049245.14,243.304280854812,245.231169648219,232.808037105208,199.641909195591
ENSG00000049323.18,7.34666567412398,8.40792581651037,35.816621093109,26.0402490255119
ENSG00000049449.12,792.575579196669,676.838028229085,786.686499009357,788.647541915502
ENSG00000049541.13,215.646245375757,186.375688932647,211.062231441535,213.282039637526
ENSG00000049618.27,11.6682337177263,15.4145306636024,6.39582519519803,16.1201541586502
ENSG00000049656.16,41.9192100229427,42.0396290825519,17.9083105465545,31.0002964589427
ENSG00000049759.22,135.265079764753,196.184935718575,317.232929681822,293.882810430777
ENSG00000049860.15,273.555257160028,232.619280923454,300.603784174307,292.642798572419
ENSG00000049883.17,49.2658756970667,57.4541597461542,63.9582519519803,64.4806166346008
ENSG00000050130.20,135.265079764753,148.54002275835,172.687280270347,171.121636453364
ENSG00000050165.21,550.567768754938,545.113857103756,594.811743153417,603.885775020204
ENSG00000050393.14,49.6980325014269,64.4607645932462,48.608271483505,37.2003557507312
ENSG00000050405.16,391.534064750372,364.343452048783,135.591494138198,143.841375569494
ENSG00000050426.18,34.1403875444585,50.4475548990622,93.3790478498912,86.8008300850396
ENSG00000050438.19,50.9945029145076,54.6515178073174,10.2333203123168,7.44007115014625
ENSG00000050555.21,9.50744969592515,4.20396290825519,15.3499804684753,9.92009486686167
ENSG00000050748.20,19.0148993918503,15.4145306636024,31.9791259759901,27.2802608838696
ENSG00000050820.19,44.9443076534643,47.6449129602254,26.8624658198317,48.3604624759506
ENSG00000051009.13,13.3968609351673,19.6184935718575,20.4666406246337,12.4001185835771
ENSG00000051108.17,235.525458376328,204.592861535086,823.782285141506,855.608182266819
ENSG00000051128.21,18.1505857831298,14.013209694184,23.0249707027129,7.44007115014625
ENSG00000051180.19,84.7027336546059,77.0726533180118,71.6332421862179,68.2006522096739
ENSG00000051341.17,24.2007810441731,16.8158516330207,17.9083105465545,19.8401897337233
ENSG00000051382.12,79.0846951979228,91.0858630121957,40.9332812492674,48.3604624759506
ENSG00000051523.14,39.3262691967813,36.4343452048783,39.6541162102278,39.6803794674467
ENSG00000051596.12,57.9090117842714,57.4541597461542,83.1457275375744,69.4406640680317
ENSG00000051825.17,112.360769133661,91.0858630121957,70.3540771471783,80.600770793251
ENSG00000052126.19,36.3011715662597,36.4343452048783,25.5833007807921,26.0402490255119
ENSG00000052723.14,73.4666567412398,46.2435919908071,65.2374169910199,57.0405454844546
ENSG00000052749.16,156.440763178405,137.329455003003,181.641435543624,210.80201592081
ENSG00000052795.15,11.2360769133661,16.8158516330207,12.7916503903961,19.8401897337233
ENSG00000052802.15,796.897147240272,704.864447617453,330.024580072218,318.683047597931
ENSG00000052841.18,153.415665547883,148.54002275835,163.73312499707,172.361648311721
ENSG00000053254.18,9.50744969592515,11.2105677553472,16.6291455075149,14.8801423002925
ENSG00000053371.15,70.4415591107182,57.4541597461542,63.9582519519803,64.4806166346008
ENSG00000053372.7,93.7780265461708,93.8885049510325,111.287358396446,90.5208656601127
ENSG00000053770.14,101.989005829015,72.8686904097566,86.9832226546932,80.600770793251
ENSG00000053900.13,61.3662662191532,65.8620855626646,46.0499414054258,40.9203913258044
ENSG00000054116.14,69.5772455019977,51.8488758684806,84.424892576614,58.2805573428123
ENSG00000054118.17,131.807825329871,138.730775972421,141.987319333396,183.521755036941
ENSG00000054148.20,46.6729348709053,43.4409500519703,63.9582519519803,47.1204506175929
ENSG00000054267.24,47.5372484796257,43.4409500519703,24.3041357417525,17.3601660170079
ENSG00000054282.18,50.9945029145076,23.8224564801127,92.0998828108516,128.961233269202
ENSG00000054392.15,8.21097928284445,1.4013209694184,23.0249707027129,21.080201592081
ENSG00000054523.22,28.9545058921357,28.0264193883679,14.0708154294357,19.8401897337233
ENSG00000054611.16,24.6329378485333,36.4343452048783,28.1416308588713,31.0002964589427
ENSG00000054654.21,13.8290177395275,29.4277403577863,8.95415527327724,17.3601660170079
ENSG00000054793.16,66.5521478714761,98.0924678592877,110.008193357406,120.281150260698
ENSG00000054965.13,11.6682337177263,29.4277403577863,17.9083105465545,11.1601067252194
ENSG00000054967.15,17.7184289787696,15.4145306636024,10.2333203123168,21.080201592081
ENSG00000055044.13,261.887023442302,291.474761639026,342.816230462614,334.803201756581
ENSG00000055070.19,95.0744969592515,12.6118887247656,46.0499414054258,132.681268844275
ENSG00000055130.20,230.339576724005,205.994182504504,200.828911129218,169.881624595006
ENSG00000055147.21,71.3058727194386,51.8488758684806,46.0499414054258,66.9606403513162
ENSG00000055163.23,88.1599880894878,100.895109798124,93.3790478498912,95.4809130935435
ENSG00000055208.22,33.276073935738,37.8356661742967,21.7458056636733,38.440367609089
ENSG00000055211.16,35.004701153179,29.4277403577863,44.7707763663862,37.2003557507312
ENSG00000055332.21,104.581946655177,109.303035614635,61.3999218739011,58.2805573428123
ENSG00000055483.22,206.138795679832,273.257589036587,662.607490222516,695.646652538674
ENSG00000055609.22,30.6831331095766,47.6449129602254,26.8624658198317,43.4004150425198
ENSG00000055917.19,98.0995945897731,126.118887247656,88.2623876937328,91.7608775184704
ENSG00000055950.19,60.5019526104328,57.4541597461542,53.7249316396634,59.52056920117
ENSG00000056050.9,38.0297987837006,29.4277403577863,43.4916113273466,42.1604031841621
ENSG00000056097.18,472.347387165736,413.389685978427,341.537065423575,403.003853966255
ENSG00000056277.18,31.5474467182971,19.6184935718575,17.9083105465545,17.3601660170079
ENSG00000056586.18,52.2909733275883,42.0396290825519,48.608271483505,38.440367609089
ENSG00000056998.23,26.7937218703345,26.6250984189495,11.5124853513564,12.4001185835771
ENSG00000057019.18,366.036813293118,313.895897149721,386.307841789961,473.684529892644
ENSG00000057252.15,255.404671376898,221.408713168106,285.253803705832,318.683047597931
ENSG00000057294.20,78.6525383935626,57.4541597461542,30.6999609369505,32.2403083173004
ENSG00000057608.20,370.790538141081,301.284008424955,327.466249994139,310.002964589427
ENSG00000057663.18,63.9592070453146,64.4607645932462,47.3291064444654,54.5605217677392
ENSG00000057704.15,15.5576449569684,12.6118887247656,19.1874755855941,24.8002371671542
ENSG00000057757.12,30.2509763052164,28.0264193883679,31.9791259759901,24.8002371671542
ENSG00000057935.16,78.2203815892024,58.8554807155726,51.1666015615842,73.1606996431048
ENSG00000058056.12,28.5223490877754,18.2171726024391,20.4666406246337,23.5602253087965
ENSG00000058063.19,55.31607095811,42.0396290825519,21.7458056636733,24.8002371671542
ENSG00000058091.19,25.929408261614,21.0198145412759,10.2333203123168,13.6401304419348
ENSG00000058262.13,1156.88376527235,1079.01714645216,1748.61860836714,1985.25898523069
ENSG00000058272.21,226.450165484763,196.184935718575,92.0998828108516,116.561114685625
ENSG00000058335.17,7.34666567412398,12.6118887247656,19.1874755855941,12.4001185835771
ENSG00000058600.18,44.5121508491041,65.8620855626646,70.3540771471783,48.3604624759506
ENSG00000058668.18,44.0799940447439,78.4739742874302,39.6541162102278,50.840486192666
ENSG00000058673.18,32.4117603270176,8.40792581651037,14.0708154294357,22.3202134504387
ENSG00000058729.13,70.4415591107182,54.6515178073174,118.962348630683,127.721221410844
ENSG00000058799.17,23.3364674354526,29.4277403577863,29.4207958979109,37.2003557507312
ENSG00000058804.14,210.892520527794,162.553232452534,135.591494138198,140.121339994421
ENSG00000059122.19,27.658035479055,21.0198145412759,15.3499804684753,24.8002371671542
ENSG00000059573.11,314.61015357425,280.264193883679,255.833007807921,305.042917155996
ENSG00000059691.14,88.1599880894878,117.710961431145,116.404018552604,126.481209552486
ENSG00000059728.13,6.91450886976375,8.40792581651037,24.3041357417525,21.080201592081
ENSG00000059758.10,81.6776360240842,74.270011379175,110.008193357406,132.681268844275
ENSG00000059769.22,9.07529289156492,9.80924678592877,11.5124853513564,16.1201541586502
ENSG00000059804.20,136.993706982194,211.599466382178,505.270190420644,435.244162283556
ENSG00000060138.15,12.5325473264468,15.4145306636024,10.2333203123168,14.8801423002925
ENSG00000060140.11,16.8541153700491,19.6184935718575,16.6291455075149,22.3202134504387
ENSG00000060237.21,211.324677332154,333.514390721578,346.653725579733,347.203320340158
ENSG00000060339.16,217.374872593198,229.816638984617,209.783066402495,178.56170760351
ENSG00000060491.19,22.4721538267322,19.6184935718575,15.3499804684753,8.68008300850396
ENSG00000060642.14,29.3866626964959,23.8224564801127,19.1874755855941,29.760284600585
ENSG00000060688.15,47.1050916752655,49.0462339296438,31.9791259759901,43.4004150425198
ENSG00000060718.24,61.7984230235135,57.4541597461542,17.9083105465545,22.3202134504387
ENSG00000060749.18,22.4721538267322,15.4145306636024,15.3499804684753,6.20005929178854
ENSG00000060971.21,31.1152899139369,26.6250984189495,16.6291455075149,26.0402490255119
ENSG00000060982.17,333.625052966101,343.323637507507,695.865781237545,703.08672368882
ENSG00000061273.20,22.4721538267322,23.8224564801127,15.3499804684753,29.760284600585
ENSG00000061337.17,28.0901922834152,33.6317032660415,7.67499023423763,9.92009486686167
ENSG00000061676.18,267.937218703345,218.60607122927,145.824814450515,188.481802470372
ENSG00000061794.15,121.436062025226,117.710961431145,120.241513669723,127.721221410844
ENSG00000061936.12,56.1803845668304,42.0396290825519,46.0499414054258,54.5605217677392
ENSG00000061987.18,245.032908072253,264.849663220077,303.162114252387,317.443035739573
ENSG00000062038.17,19.8792130005708,19.6184935718575,12.7916503903961,13.6401304419348
ENSG00000062194.18,266.208591485904,255.040416434148,157.337299801871,171.121636453364
ENSG00000062370.19,15.9898017613287,16.8158516330207,2.55833007807921,2.48002371671542
ENSG00000062485.21,1159.47670609851,1565.27552284035,1604.07295895567,1176.77125358147
ENSG00000062582.16,38.4619555880608,37.8356661742967,58.8415917958219,49.6004743343083
ENSG00000062598.20,236.821928789408,274.658910006005,273.741318354476,241.802312379753
ENSG00000062650.22,122.732532438306,141.533417911258,51.1666015615842,74.4007115014625
ENSG00000062716.15,283.927020464674,329.310427813323,427.241123039228,314.963012022858
ENSG00000062725.12,143.043902243237,89.6845420427773,93.3790478498912,94.2409012351858
ENSG00000062822.18,116.682337177263,92.4871839816141,117.683183591644,99.2009486686166
ENSG00000063046.20,399.745044033217,386.764587559477,432.357783195387,468.724482459214
ENSG00000063176.18,36.3011715662597,53.250196837899,61.3999218739011,43.4004150425198
ENSG00000063177.15,119.275278003425,121.9149243394,237.924697261367,186.001778753656
ENSG00000063241.10,14.693331348248,11.2105677553472,25.5833007807921,13.6401304419348
ENSG00000063244.16,24.6329378485333,26.6250984189495,26.8624658198317,21.080201592081
ENSG00000063245.17,29.3866626964959,60.256801684991,67.7957470690991,53.3205099093814
ENSG00000063322.17,117.546650785984,91.0858630121957,129.195668943,120.281150260698
ENSG00000063438.22,9.93960650028538,0,10.2333203123168,13.6401304419348
ENSG00000063587.16,17.2862721744094,15.4145306636024,10.2333203123168,21.080201592081
ENSG00000063601.19,22.9043106310924,22.4211355106943,17.9083105465545,37.2003557507312
ENSG00000063660.11,17.7184289787696,19.6184935718575,5.11666015615842,7.44007115014625
ENSG00000063854.15,26.7937218703345,36.4343452048783,51.1666015615842,33.4803201756581
ENSG00000063978.19,459.814839839289,619.383868482931,735.519897447773,677.046474663309
ENSG00000064042.20,197.495659592627,355.935526232272,451.545258780981,417.883996266548
ENSG00000064102.17,135.265079764753,114.908319492308,90.820717771812,88.0408419433973
ENSG00000064115.13,198.359973201347,151.342664697187,120.241513669723,122.761173977413
ENSG00000064225.15,15.9898017613287,11.2105677553472,23.0249707027129,32.2403083173004
ENSG00000064313.14,179.777230613857,203.191540565667,122.799843747802,161.201541586502
ENSG00000064393.18,39.7584260011415,68.6647275015014,108.729028318366,130.201245127559
ENSG00000064419.16,15.5576449569684,12.6118887247656,14.0708154294357,27.2802608838696
ENSG00000064490.16,9.07529289156492,21.0198145412759,15.3499804684753,9.92009486686167
ENSG00000064545.17,23.3364674354526,16.8158516330207,30.6999609369505,13.6401304419348
ENSG00000064601.23,506.487774710194,574.541597461542,677.957470690991,751.447186164771
ENSG00000064607.19,105.014103459537,91.0858630121957,67.7957470690991,70.6806759263894
ENSG00000064652.13,38.8941123924211,46.2435919908071,65.2374169910199,34.7203320340158
ENSG00000064666.17,441.664254056159,372.751377865293,125.358173825881,127.721221410844
ENSG00000064687.13,9.50744969592515,8.40792581651037,5.11666015615842,12.4001185835771
ENSG00000064703.15,139.154491003995,119.112282400564,60.1207568348615,83.0807945099664
ENSG00000064726.12,88.592144893848,64.4607645932462,44.7707763663862,53.3205099093814
ENSG00000064933.21,66.9843046758363,95.2898259204509,121.520678708763,136.401304419348
ENSG00000064961.21,79.9490088066433,84.0792581651037,58.8415917958219,42.1604031841621
ENSG00000064995.21,64.3913638496749,56.0528387767358,48.608271483505,50.840486192666
ENSG00000064999.18,18.5827425874901,16.8158516330207,12.7916503903961,23.5602253087965
ENSG00000065000.22,21.6078402180117,21.0198145412759,43.4916113273466,27.2802608838696
ENSG00000065029.17,48.4015620883462,50.4475548990622,55.004096678703,59.52056920117
ENSG00000065054.16,16.4219585656889,18.2171726024391,16.6291455075149,16.1201541586502
ENSG00000065057.11,7.77882247848421,8.40792581651037,14.0708154294357,8.68008300850396
ENSG00000065060.19,58.7733253929918,72.8686904097566,104.891533201248,78.1207470765356
ENSG00000065135.14,443.3928812736,399.376476284243,333.862075189337,295.122822289135
ENSG00000065150.23,360.418774836435,292.876082608445,314.674599603743,394.323770957751
ENSG00000065154.14,298.188195008562,277.461551944842,263.507998042159,290.162774855704
ENSG00000065183.18,110.19998511186,92.4871839816141,122.799843747802,115.321102827267
ENSG00000065243.22,93.3458697418106,75.6713323485934,47.3291064444654,54.5605217677392
ENSG00000065268.13,74.3309703499603,84.0792581651037,81.8665624985348,80.600770793251
ENSG00000065308.7,376.840733402124,381.159303681804,205.945571285377,198.401897337233
ENSG00000065328.19,118.410964394704,99.4937888287061,56.2832617177426,42.1604031841621
ENSG00000065357.22,145.636843069399,213.000787351596,289.091298822951,241.802312379753
ENSG00000065361.19,46.6729348709053,36.4343452048783,19.1874755855941,23.5602253087965
ENSG00000065413.22,19.0148993918503,25.2237774495311,16.6291455075149,22.3202134504387
ENSG00000065427.17,435.181901990756,348.928921385181,280.137143549674,326.123118748077
ENSG00000065457.13,47.1050916752655,47.6449129602254,56.2832617177426,55.8005336260969
ENSG00000065485.22,47.5372484796257,49.0462339296438,102.333203123168,146.32139928621
ENSG00000065491.10,81.245479219724,79.8752952568485,60.1207568348615,47.1204506175929
ENSG00000065518.10,26.3615650659743,26.6250984189495,21.7458056636733,34.7203320340158
ENSG00000065526.14,9.50744969592515,9.80924678592877,17.9083105465545,23.5602253087965
ENSG00000065534.22,116.682337177263,112.105677553472,52.4457666006238,75.6407233598202
ENSG00000065548.21,306.831331095766,269.053626128332,251.995512690802,266.602549546907
ENSG00000065559.17,346.589757096908,535.304610317827,565.390947255506,505.924838209945
ENSG00000065600.15,27.658035479055,19.6184935718575,38.3749511711882,33.4803201756581
ENSG00000065613.17,18.5827425874901,7.00660484709198,8.95415527327724,14.8801423002925
ENSG00000065615.16,19.0148993918503,26.6250984189495,26.8624658198317,27.2802608838696
ENSG00000065665.23,18.5827425874901,9.80924678592877,6.39582519519803,18.6001778753656
ENSG00000065802.14,59.6376390017123,72.8686904097566,239.203862300406,207.081980345737
ENSG00000065833.11,27.658035479055,26.6250984189495,16.6291455075149,13.6401304419348
ENSG00000065882.20,38.0297987837006,40.6383081131335,10.2333203123168,38.440367609089
ENSG00000065883.20,6.48235206540351,18.2171726024391,10.2333203123168,6.20005929178854
ENSG00000065911.14,442.96072446924,421.797611794937,972.1654296701,910.168704034558
ENSG00000065923.12,17.2862721744094,8.40792581651037,42.212446288307,23.5602253087965
ENSG00000065970.11,58.3411685886316,54.6515178073174,38.3749511711882,40.9203913258044
ENSG00000065978.21,97.2352809810527,98.0924678592877,83.1457275375744,95.4809130935435
ENSG00000065989.18,13.3968609351673,26.6250984189495,15.3499804684753,13.6401304419348
ENSG00000066027.14,37.5976419793404,23.8224564801127,17.9083105465545,22.3202134504387
ENSG00000066044.17,44.0799940447439,51.8488758684806,23.0249707027129,32.2403083173004
ENSG00000066084.15,76.4917543717614,60.256801684991,60.1207568348615,79.3607589348933
ENSG00000066117.17,222.992911049881,404.981760161916,520.620170889119,388.123711665963
ENSG00000066135.15,73.0344999368796,57.4541597461542,63.9582519519803,80.600770793251
ENSG00000066136.23,118.410964394704,168.158516330207,214.899726558654,174.841672028437
ENSG00000066230.13,8.21097928284445,19.6184935718575,7.67499023423763,14.8801423002925
ENSG00000066279.21,64.3913638496749,63.0594436238278,19.1874755855941,38.440367609089
ENSG00000066322.17,393.694848772173,683.844633076177,842.9697607271,688.206581388528
ENSG00000066422.8,80.8133224153638,68.6647275015014,52.4457666006238,59.52056920117
ENSG00000066427.27,26.3615650659743,40.6383081131335,31.9791259759901,33.4803201756581
ENSG00000066455.15,60.5019526104328,46.2435919908071,83.1457275375744,94.2409012351858
ENSG00000066557.8,95.0744969592515,112.105677553472,56.2832617177426,58.2805573428123
ENSG00000066583.14,73.0344999368796,60.256801684991,38.3749511711882,42.1604031841621
ENSG00000066629.21,33.7082307400983,39.2369871437151,38.3749511711882,64.4806166346008
ENSG00000066651.22,33.276073935738,39.2369871437151,21.7458056636733,53.3205099093814
ENSG00000066654.16,93.7780265461708,81.2766162262669,112.566523435485,107.881031677121
ENSG00000066697.17,19.0148993918503,11.2105677553472,31.9791259759901,31.0002964589427
ENSG00000066739.14,33.7082307400983,25.2237774495311,33.2582910150297,28.5202727422273
ENSG00000066777.11,54.0196005450293,43.4409500519703,39.6541162102278,57.0405454844546
ENSG00000066827.18,50.5623461101474,74.270011379175,42.212446288307,48.3604624759506
ENSG00000066855.18,62.6627366322339,86.8819001039405,98.4957080060496,62.0005929178854
ENSG00000066926.15,40.622739609862,35.0330242354599,47.3291064444654,22.3202134504387
ENSG00000066933.19,23.3364674354526,25.2237774495311,24.3041357417525,39.6803794674467
ENSG00000067057.21,270.962316333867,257.843058372985,223.853881831931,262.882513971834
ENSG00000067064.14,538.899535037212,497.46894414353,177.803940426505,140.121339994421
ENSG00000067066.19,148.661940699921,173.763800207881,166.291455075149,193.441849903802
ENSG00000067082.17,22.4721538267322,33.6317032660415,78.0290673814159,39.6803794674467
ENSG00000067113.19,22.9043106310924,43.4409500519703,33.2582910150297,44.6404269008775
ENSG00000067141.19,23.3364674354526,32.2303822966231,19.1874755855941,17.3601660170079
ENSG00000067167.10,1040.63358489944,833.785976803945,731.682402330654,741.527091297909
ENSG00000067182.11,74.7631271543205,64.4607645932462,66.5165820300595,63.2406047762431
ENSG00000067191.19,17.7184289787696,39.2369871437151,46.0499414054258,23.5602253087965
ENSG00000067208.19,12.964704130807,18.2171726024391,8.95415527327724,4.96004743343083
ENSG00000067221.16,13.8290177395275,12.6118887247656,14.0708154294357,13.6401304419348
ENSG00000067225.23,4349.2260790814,4056.82420646625,3321.99160638586,3550.15395047812
ENSG00000067248.13,130.07919811243,114.908319492308,84.424892576614,88.0408419433973
ENSG00000067334.15,266.208591485904,269.053626128332,193.15392089498,238.08227680468
ENSG00000067365.17,29.8188195008562,39.2369871437151,69.0749121081387,55.8005336260969
ENSG00000067369.16,157.305076787125,162.553232452534,153.499804684753,150.041434861283
ENSG00000067445.24,120.571748416505,196.184935718575,367.120366204367,318.683047597931
ENSG00000067533.8,44.0799940447439,46.2435919908071,44.7707763663862,52.0804980510237
ENSG00000067560.16,3154.74467182971,4760.28733311429,5414.70561025465,4090.79912072208
ENSG00000067596.14,162.058801635088,262.04702128124,255.833007807921,203.361944770664
ENSG00000067606.19,31.1152899139369,21.0198145412759,33.2582910150297,31.0002964589427
ENSG00000067704.12,220.83212702808,191.98097281032,195.71225097306,193.441849903802
ENSG00000067798.17,22.0399970223719,32.2303822966231,29.4207958979109,27.2802608838696
ENSG00000067829.22,84.2705768502456,67.263406532083,62.6790869129407,102.92098424369
ENSG00000067836.15,18.5827425874901,16.8158516330207,19.1874755855941,18.6001778753656
ENSG00000067900.10,31.1152899139369,15.4145306636024,16.6291455075149,9.92009486686167
ENSG00000067955.17,35.004701153179,37.8356661742967,30.6999609369505,34.7203320340158
ENSG00000067992.19,34.5725443488187,43.4409500519703,40.9332812492674,23.5602253087965
ENSG00000068001.16,61.7984230235135,61.6581226544094,34.5374560540694,45.8804387592352
ENSG00000068028.20,54.4517573493895,68.6647275015014,66.5165820300595,70.6806759263894
ENSG00000068079.9,31.5474467182971,30.8290613272047,55.004096678703,39.6803794674467
ENSG00000068097.18,83.4062632415252,81.2766162262669,93.3790478498912,89.280853801755
ENSG00000068120.15,170.701937722292,155.546627605442,152.220639645713,164.921577161575
ENSG00000068305.21,65.6878342627556,57.4541597461542,43.4916113273466,60.7605810595277
ENSG00000068308.17,26.7937218703345,22.4211355106943,19.1874755855941,32.2403083173004
ENSG00000068323.19,106.742730676978,112.105677553472,90.820717771812,117.801126543982
ENSG00000068354.18,40.1905828055018,32.2303822966231,48.608271483505,31.0002964589427
ENSG00000068366.23,588.165410734279,550.719140981429,391.424501946119,396.803794674467
ENSG00000068383.21,4.32156804360234,7.00660484709198,21.7458056636733,29.760284600585
ENSG00000068394.13,51.4266597188679,46.2435919908071,40.9332812492674,66.9606403513162
ENSG00000068400.16,76.4917543717614,93.8885049510325,57.5624267567823,62.0005929178854
ENSG00000068438.17,128.78272769935,117.710961431145,194.43308593402,176.081683886795
ENSG00000068489.13,94.210183350531,95.2898259204509,67.7957470690991,83.0807945099664
ENSG00000068650.21,14.2611745438877,16.8158516330207,14.0708154294357,23.5602253087965
ENSG00000068654.19,88.1599880894878,86.8819001039405,66.5165820300595,68.2006522096739
ENSG00000068697.9,428.267393120992,365.744773018201,558.995122060308,564.205395552757
ENSG00000068724.20,16.4219585656889,22.4211355106943,14.0708154294357,22.3202134504387
ENSG00000068745.17,105.878417068257,92.4871839816141,74.1915722642971,70.6806759263894
ENSG00000068784.15,104.581946655177,78.4739742874302,89.5415527327724,90.5208656601127
ENSG00000068796.21,140.450961417076,119.112282400564,95.9373779279704,96.7209249519012
ENSG00000068878.17,73.8988135456,92.4871839816141,76.7499023423763,59.52056920117
ENSG00000068885.17,57.4768549799111,50.4475548990622,55.004096678703,63.2406047762431
ENSG00000068903.23,44.0799940447439,51.8488758684806,46.0499414054258,63.2406047762431
ENSG00000068912.17,216.078402180117,241.027206739964,388.86617186804,365.803498215524
ENSG00000068971.16,19.0148993918503,2.80264193883679,21.7458056636733,13.6401304419348
ENSG00000069248.14,127.486257286269,117.710961431145,99.7748730450892,99.2009486686166
ENSG00000069275.15,164.651742461249,116.309640461727,53.7249316396634,74.4007115014625
ENSG00000069329.21,568.718354538068,581.548202308634,516.782675772001,623.725964753927
ENSG00000069345.14,72.1701863281591,64.4607645932462,62.6790869129407,73.1606996431048
ENSG00000069509.8,17.7184289787696,23.8224564801127,20.4666406246337,26.0402490255119
ENSG00000069702.13,30.2509763052164,30.8290613272047,37.0957861321486,19.8401897337233
ENSG00000069849.13,285.223490877755,241.027206739964,231.528872066169,276.522644413769
ENSG00000069869.19,120.139591612145,99.4937888287061,117.683183591644,131.441256985917
ENSG00000069943.12,20.7435266092912,21.0198145412759,20.4666406246337,24.8002371671542
ENSG00000069956.16,141.315275025797,145.737380819513,170.128950192268,166.161589019933
ENSG00000069966.19,72.6023431325193,82.6779371956853,75.4707373033367,102.92098424369
ENSG00000069974.19,29.3866626964959,39.2369871437151,25.5833007807921,19.8401897337233
ENSG00000069998.14,62.6627366322339,56.0528387767358,74.1915722642971,81.8407826516087
ENSG00000070010.21,137.425863786554,128.921529186492,166.291455075149,100.440960526974
ENSG00000070018.11,27.2258786746947,68.6647275015014,43.4916113273466,35.9603438923735
ENSG00000070047.15,18.5827425874901,36.4343452048783,43.4916113273466,28.5202727422273
ENSG00000070061.18,457.654055817488,752.509360577678,964.490439435863,897.768585450981
ENSG00000070081.20,113.657239546742,112.105677553472,200.828911129218,225.682158221103
ENSG00000070087.17,381.594458250087,298.481366486118,312.116269525664,279.002668130484
ENSG00000070159.16,50.9945029145076,61.6581226544094,52.4457666006238,39.6803794674467
ENSG00000070214.19,12.5325473264468,14.013209694184,12.7916503903961,14.8801423002925
ENSG00000070269.16,15.5576449569684,15.4145306636024,17.9083105465545,13.6401304419348
ENSG00000070366.16,30.2509763052164,23.8224564801127,31.9791259759901,31.0002964589427
ENSG00000070367.19,184.96311226618,165.355874391371,124.079008786842,140.121339994421
ENSG00000070371.18,17.7184289787696,14.013209694184,28.1416308588713,23.5602253087965
ENSG00000070404.12,102.853319437736,170.961158269044,165.012290036109,193.441849903802
ENSG00000070413.23,89.4564585025685,85.4805791345221,62.6790869129407,102.92098424369
ENSG00000070423.20,47.1050916752655,33.6317032660415,30.6999609369505,33.4803201756581
ENSG00000070476.17,7.77882247848421,7.00660484709198,8.95415527327724,17.3601660170079
ENSG00000070495.17,97.2352809810527,93.8885049510325,113.845688474525,104.160996102047
ENSG00000070501.14,63.9592070453146,133.125492094748,258.391337886,189.721814328729
ENSG00000070540.15,112.792925938021,105.09907270638,377.353686516684,369.523533790597
ENSG00000070610.16,49.6980325014269,54.6515178073174,30.6999609369505,37.2003557507312
ENSG00000070614.17,400.609357641937,515.68611674597,246.878852534644,252.962419104972
ENSG00000070669.19,65.6878342627556,64.4607645932462,446.428598624822,450.124304583848
ENSG00000070718.15,81.245479219724,92.4871839816141,92.0998828108516,104.160996102047
ENSG00000070756.19,874.685372025114,759.51596542477,832.736440414783,983.329403677663
ENSG00000070759.19,9.07529289156492,7.00660484709198,5.11666015615842,13.6401304419348
ENSG00000070761.10,73.4666567412398,61.6581226544094,83.1457275375744,94.2409012351858
ENSG00000070770.12,12.5325473264468,9.80924678592877,11.5124853513564,18.6001778753656
ENSG00000070778.15,13.8290177395275,36.4343452048783,25.5833007807921,31.0002964589427
ENSG00000070785.19,92.0493993287299,105.09907270638,89.5415527327724,90.5208656601127
ENSG00000070814.24,177.616446592056,194.783614749157,156.058134762832,207.081980345737
ENSG00000070831.20,108.903514698779,190.579651840902,98.4957080060496,81.8407826516087
ENSG00000070882.15,34.1403875444585,39.2369871437151,33.2582910150297,43.4004150425198
ENSG00000070950.12,127.054100481909,131.724171125329,102.333203123168,116.561114685625
ENSG00000070961.19,119.275278003425,128.921529186492,195.71225097306,226.922170079461
ENSG00000071054.19,26.7937218703345,28.0264193883679,25.5833007807921,16.1201541586502
ENSG00000071082.13,1713.50172928833,4119.88365009008,8025.48145493449,4563.24363875637
ENSG00000071127.20,1168.98415579443,1065.00393675798,510.386850576803,576.605514136334
ENSG00000071189.23,67.4164614801965,47.6449129602254,29.4207958979109,50.840486192666
ENSG00000071205.14,64.3913638496749,67.263406532083,44.7707763663862,34.7203320340158
ENSG00000071242.15,9.07529289156492,19.6184935718575,33.2582910150297,14.8801423002925
ENSG00000071243.18,31.1152899139369,15.4145306636024,20.4666406246337,26.0402490255119
ENSG00000071282.14,309.856428726288,343.323637507507,83.1457275375744,110.361055393836
ENSG00000071462.15,93.3458697418106,128.921529186492,148.383144528594,107.881031677121
ENSG00000071537.16,174.591348961535,127.520208217074,161.17479491899,190.961826187087
ENSG00000071539.16,341.403875444585,350.330242354599,259.67050292504,251.722407246615
ENSG00000071553.20,429.563863534073,557.725745828521,598.649238270535,531.965087235457
ENSG00000071564.21,82.9741064371649,133.125492094748,130.47483398204,105.401007960405
ENSG00000071626.19,22.4721538267322,19.6184935718575,11.5124853513564,35.9603438923735
ENSG00000071655.20,36.3011715662597,47.6449129602254,24.3041357417525,28.5202727422273
ENSG00000071794.18,329.735641726859,266.250984189495,191.874755855941,213.282039637526
ENSG00000071859.17,66.1199910671158,58.8554807155726,101.054038084129,85.5608182266819
ENSG00000071889.19,22.4721538267322,19.6184935718575,15.3499804684753,32.2403083173004
ENSG00000071894.19,135.697236569113,147.138701788932,131.753999021079,162.44155344486
ENSG00000071967.14,242.872124050452,262.04702128124,188.037260738822,189.721814328729
ENSG00000071994.12,19.8792130005708,37.8356661742967,25.5833007807921,24.8002371671542
ENSG00000072042.15,573.03992258167,508.679511898878,432.357783195387,400.52383024954
ENSG00000072110.19,2394.1486961557,2082.36296055574,992.632070294734,1232.57178720756
ENSG00000072121.18,40.622739609862,26.6250984189495,42.212446288307,34.7203320340158
ENSG00000072133.14,7.34666567412398,12.6118887247656,7.67499023423763,16.1201541586502
ENSG00000072134.18,54.8839141537497,68.6647275015014,51.1666015615842,58.2805573428123
ENSG00000072135.15,17.7184289787696,9.80924678592877,15.3499804684753,27.2802608838696
ENSG00000072163.22,124.893316460108,215.803429290433,51.1666015615842,80.600770793251
ENSG00000072195.16,10.3717633046456,14.013209694184,11.5124853513564,7.44007115014625
ENSG00000072210.21,46.240778066545,49.0462339296438,30.6999609369505,40.9203913258044
ENSG00000072274.16,895.861055438765,791.746347721393,694.586616198506,680.766510238382
ENSG00000072310.20,38.8941123924211,44.8422710213887,19.1874755855941,33.4803201756581
ENSG00000072364.15,108.039201090059,169.559837299626,172.687280270347,143.841375569494
ENSG00000072401.17,53.1552869363088,30.8290613272047,30.6999609369505,29.760284600585
ENSG00000072415.12,179.777230613857,137.329455003003,89.5415527327724,89.280853801755
ENSG00000072422.19,25.0650946528936,23.8224564801127,5.11666015615842,9.92009486686167
ENSG00000072501.21,322.821132857095,340.52099556867,204.666406246337,199.641909195591
ENSG00000072506.16,72.1701863281591,71.4673694403382,67.7957470690991,66.9606403513162
ENSG00000072571.22,190.581150722863,194.783614749157,93.3790478498912,115.321102827267
ENSG00000072609.20,26.7937218703345,43.4409500519703,10.2333203123168,18.6001778753656
ENSG00000072682.22,149.094097504281,138.730775972421,203.387241207297,192.201838045445
ENSG00000072736.20,73.4666567412398,33.6317032660415,63.9582519519803,44.6404269008775
ENSG00000072756.20,89.0243016982082,65.8620855626646,66.5165820300595,44.6404269008775
ENSG00000072778.22,183.234485048739,155.546627605442,360.724541009169,354.643391490305
ENSG00000072786.15,90.3207721112889,74.270011379175,70.3540771471783,86.8008300850396
ENSG00000072803.20,311.152899139369,220.007392198688,194.43308593402,205.84196848738
ENSG00000072849.13,152.551351939163,113.50699852289,159.895629879951,145.081387427852
ENSG00000072864.18,50.5623461101474,61.6581226544094,75.4707373033367,66.9606403513162
ENSG00000072958.11,238.118399202489,277.461551944842,266.066328120238,296.362834147492
ENSG00000073008.18,195.334875570826,196.184935718575,220.016386714812,209.562004062453
ENSG00000073050.14,48.8337188927065,42.0396290825519,63.9582519519803,63.2406047762431
ENSG00000073060.19,112.360769133661,159.750590513697,122.799843747802,157.481506011429
ENSG00000073111.17,531.120712558728,396.573834345406,385.028676750921,450.124304583848
ENSG00000073350.16,25.929408261614,23.8224564801127,5.11666015615842,12.4001185835771
ENSG00000073417.17,16.8541153700491,33.6317032660415,42.212446288307,43.4004150425198
ENSG00000073464.15,17.2862721744094,18.2171726024391,15.3499804684753,17.3601660170079
ENSG00000073536.20,143.908215851958,194.783614749157,363.282871087248,271.562596980338
ENSG00000073578.20,425.674452294831,437.212142458539,428.520288078268,422.844043699978
ENSG00000073584.22,218.239186201918,210.198145412759,273.741318354476,199.641909195591
ENSG00000073614.14,45.3764644578246,53.250196837899,31.9791259759901,42.1604031841621
ENSG00000073711.13,68.7129318932772,93.8885049510325,60.1207568348615,78.1207470765356
ENSG00000073712.17,169.837624113572,133.125492094748,76.7499023423763,97.9609368102589
ENSG00000073792.18,187.556053092342,151.342664697187,138.149824216277,177.321695745152
ENSG00000073803.16,47.969405283986,57.4541597461542,40.9332812492674,45.8804387592352
ENSG00000073849.18,1.72862721744094,4.20396290825519,16.6291455075149,18.6001778753656
ENSG00000073921.20,106.742730676978,89.6845420427773,95.9373779279704,90.5208656601127
ENSG00000073969.21,115.385866764182,191.98097281032,186.758095699782,115.321102827267
ENSG00000074047.23,6.91450886976375,22.4211355106943,6.39582519519803,8.68008300850396
ENSG00000074054.23,38.0297987837006,30.8290613272047,34.5374560540694,34.7203320340158
ENSG00000074071.17,54.4517573493895,42.0396290825519,75.4707373033367,58.2805573428123
ENSG00000074201.11,158.601547200206,161.151911483115,190.595590816901,168.641612736648
ENSG00000074266.25,80.8133224153638,70.0660484709198,66.5165820300595,50.840486192666
ENSG00000074319.15,175.455662570255,166.757195360789,251.995512690802,212.042027779168
ENSG00000074356.19,106.310573872618,131.724171125329,125.358173825881,114.081090968909
ENSG00000074370.21,9.50744969592515,7.00660484709198,7.67499023423763,16.1201541586502
ENSG00000074416.18,70.0094023063579,78.4739742874302,122.799843747802,117.801126543982
ENSG00000074527.15,20.7435266092912,42.0396290825519,53.7249316396634,38.440367609089
ENSG00000074582.17,74.7631271543205,51.8488758684806,108.729028318366,86.8008300850396
ENSG00000074590.15,32.4117603270176,25.2237774495311,10.2333203123168,8.68008300850396
ENSG00000074603.21,89.0243016982082,71.4673694403382,72.9124072252575,91.7608775184704
ENSG00000074695.8,229.475263115284,222.810034137525,326.187084955099,412.923948833117
ENSG00000074696.15,622.737955083097,570.337634553287,414.449472648832,447.644280867133
ENSG00000074755.17,23.3364674354526,25.2237774495311,10.2333203123168,21.080201592081
ENSG00000074800.18,4268.41275666603,3555.15129941447,3443.51228509462,3584.87428251213
ENSG00000074842.10,102.421162633375,89.6845420427773,162.45395995803,152.521458577998
ENSG00000074935.16,14.693331348248,12.6118887247656,33.2582910150297,32.2403083173004
ENSG00000075089.12,63.5270502409544,44.8422710213887,37.0957861321486,35.9603438923735
ENSG00000075131.12,44.5121508491041,35.0330242354599,49.8874365225446,38.440367609089
ENSG00000075142.16,84.2705768502456,84.0792581651037,62.6790869129407,60.7605810595277
ENSG00000075151.25,25.929408261614,30.8290613272047,28.1416308588713,35.9603438923735
ENSG00000075188.11,109.335671503139,140.13209694184,167.570620114188,128.961233269202
ENSG00000075218.21,175.887819374615,148.54002275835,69.0749121081387,79.3607589348933
ENSG00000075223.16,237.254085593769,291.474761639026,300.603784174307,322.403083173004
ENSG00000075234.19,65.2556774583953,54.6515178073174,25.5833007807921,35.9603438923735
ENSG00000075239.17,176.752132983336,154.145306636024,127.916503903961,137.641316277706
ENSG00000075275.19,29.3866626964959,29.4277403577863,34.5374560540694,63.2406047762431
ENSG00000075292.22,122.732532438306,99.4937888287061,69.0749121081387,65.7206284929585
ENSG00000075303.15,46.6729348709053,49.0462339296438,34.5374560540694,29.760284600585
ENSG00000075336.14,44.9443076534643,30.8290613272047,44.7707763663862,43.4004150425198
ENSG00000075391.20,28.0901922834152,35.0330242354599,37.0957861321486,44.6404269008775
ENSG00000075407.21,34.1403875444585,29.4277403577863,30.6999609369505,40.9203913258044
ENSG00000075413.21,97.2352809810527,67.263406532083,56.2832617177426,78.1207470765356
ENSG00000075415.17,750.656369173727,688.048595984432,578.182597645902,528.245051660384
ENSG00000075420.15,141.747431830157,131.724171125329,78.0290673814159,111.601067252194
ENSG00000075426.14,35.4368579575392,30.8290613272047,34.5374560540694,34.7203320340158
ENSG00000075539.17,51.8588165232281,57.4541597461542,38.3749511711882,37.2003557507312
ENSG00000075568.19,19.4470561962105,23.8224564801127,17.9083105465545,26.0402490255119
ENSG00000075618.20,27.658035479055,7.00660484709198,10.2333203123168,12.4001185835771
ENSG00000075624.19,8296.54633010777,7867.01592231487,3038.01696771906,2884.26758254003
ENSG00000075643.8,35.4368579575392,50.4475548990622,179.083105465545,169.881624595006
ENSG00000075651.19,22.4721538267322,37.8356661742967,19.1874755855941,32.2403083173004
ENSG00000075702.20,59.2054821973521,91.0858630121957,70.3540771471783,59.52056920117
ENSG00000075711.23,128.78272769935,124.717566278237,177.803940426505,176.081683886795
ENSG00000075785.16,382.890928663167,329.310427813323,514.224345693921,531.965087235457
ENSG00000075790.14,76.9239111761217,126.118887247656,107.449863279327,93.0008893768281
ENSG00000075856.14,162.058801635088,123.316245308819,120.241513669723,142.601363711136
ENSG00000075914.15,44.9443076534643,56.0528387767358,70.3540771471783,64.4806166346008
ENSG00000075945.14,45.3764644578246,46.2435919908071,62.6790869129407,54.5605217677392
ENSG00000075975.19,113.225082742381,114.908319492308,112.566523435485,109.121043535478
ENSG00000076003.7,250.650946528936,277.461551944842,138.149824216277,171.121636453364
ENSG00000076043.13,162.058801635088,138.730775972421,225.133046870971,219.482098929314
ENSG00000076053.14,108.039201090059,93.8885049510325,80.5873974594952,89.280853801755
ENSG00000076067.16,73.8988135456,75.6713323485934,60.1207568348615,59.52056920117
ENSG00000076108.14,66.9843046758363,68.6647275015014,94.6582128889308,90.5208656601127
ENSG00000076201.18,16.4219585656889,32.2303822966231,40.9332812492674,38.440367609089
ENSG00000076242.20,150.822724721722,182.171726024391,179.083105465545,162.44155344486
ENSG00000076248.14,298.620351812922,290.073440669608,204.666406246337,202.121932912306
ENSG00000076321.13,42.3513668273029,33.6317032660415,31.9791259759901,28.5202727422273
ENSG00000076351.15,31.5474467182971,36.4343452048783,31.9791259759901,29.760284600585
ENSG00000076382.19,667.682262736562,640.403683024207,327.466249994139,403.003853966255
ENSG00000076513.19,46.6729348709053,47.6449129602254,31.9791259759901,33.4803201756581
ENSG00000076554.18,17.7184289787696,15.4145306636024,17.9083105465545,19.8401897337233
ENSG00000076604.17,22.4721538267322,33.6317032660415,7.67499023423763,22.3202134504387
ENSG00000076650.9,23.3364674354526,16.8158516330207,19.1874755855941,26.0402490255119
ENSG00000076685.21,177.616446592056,196.184935718575,167.570620114188,158.721517869787
ENSG00000076706.19,159.033704004566,163.954553421952,102.333203123168,104.160996102047
ENSG00000076924.14,38.0297987837006,61.6581226544094,71.6332421862179,53.3205099093814
ENSG00000076928.22,87.2956744807673,70.0660484709198,95.9373779279704,86.8008300850396
ENSG00000076944.19,30.6831331095766,46.2435919908071,39.6541162102278,40.9203913258044
ENSG00000077044.13,19.8792130005708,26.6250984189495,7.67499023423763,12.4001185835771
ENSG00000077097.19,17.7184289787696,29.4277403577863,23.0249707027129,14.8801423002925
ENSG00000077147.18,237.686242398129,208.796824443341,172.687280270347,141.361351852779
ENSG00000077152.14,124.029002851387,147.138701788932,107.449863279327,91.7608775184704
ENSG00000077157.25,14.693331348248,12.6118887247656,12.7916503903961,13.6401304419348
ENSG00000077232.21,318.499564813492,285.869477761353,383.749511711882,447.644280867133
ENSG00000077235.20,152.119195134802,113.50699852289,104.891533201248,95.4809130935435
ENSG00000077238.16,9.93960650028538,8.40792581651037,8.95415527327724,13.6401304419348
ENSG00000077254.16,153.415665547883,152.743985666605,111.287358396446,97.9609368102589
ENSG00000077264.19,31.1152899139369,29.4277403577863,29.4207958979109,31.0002964589427
ENSG00000077312.11,84.7027336546059,127.520208217074,170.128950192268,146.32139928621
ENSG00000077348.12,14.693331348248,18.2171726024391,34.5374560540694,47.1204506175929
ENSG00000077380.18,59.2054821973521,56.0528387767358,117.683183591644,155.001482294714
ENSG00000077454.19,29.3866626964959,28.0264193883679,21.7458056636733,9.92009486686167
ENSG00000077458.14,53.1552869363088,56.0528387767358,63.9582519519803,62.0005929178854
ENSG00000077463.17,9.50744969592515,11.2105677553472,15.3499804684753,11.1601067252194
ENSG00000077514.11,80.8133224153638,85.4805791345221,90.820717771812,86.8008300850396
ENSG00000077549.21,282.630550051593,341.922316538089,282.695473627753,231.882217512891
ENSG00000077585.16,18.5827425874901,23.8224564801127,33.2582910150297,16.1201541586502
ENSG00000077684.18,149.958411113001,152.743985666605,40.9332812492674,63.2406047762431
ENSG00000077713.21,34.1403875444585,23.8224564801127,30.6999609369505,26.0402490255119
ENSG00000077721.19,157.305076787125,175.165121177299,135.591494138198,131.441256985917
ENSG00000077782.25,73.4666567412398,64.4607645932462,79.3082324204556,47.1204506175929
ENSG00000077942.21,7.77882247848421,22.4211355106943,6.39582519519803,4.96004743343083
ENSG00000078043.18,37.1654851749801,18.2171726024391,30.6999609369505,24.8002371671542
ENSG00000078053.19,106.310573872618,126.118887247656,56.2832617177426,49.6004743343083
ENSG00000078061.16,128.35057089499,113.50699852289,125.358173825881,130.201245127559
ENSG00000078070.16,109.767828307499,128.921529186492,88.2623876937328,75.6407233598202
ENSG00000078124.15,72.1701863281591,64.4607645932462,52.4457666006238,50.840486192666
ENSG00000078140.16,161.626644830728,147.138701788932,126.637338864921,97.9609368102589
ENSG00000078142.16,62.6627366322339,56.0528387767358,55.004096678703,68.2006522096739
ENSG00000078177.17,9.93960650028538,7.00660484709198,11.5124853513564,13.6401304419348
ENSG00000078237.9,66.1199910671158,91.0858630121957,75.4707373033367,55.8005336260969
ENSG00000078246.19,152.551351939163,124.717566278237,131.753999021079,156.241494153071
ENSG00000078269.16,19.0148993918503,16.8158516330207,16.6291455075149,13.6401304419348
ENSG00000078304.22,121.003905220866,93.8885049510325,90.820717771812,70.6806759263894
ENSG00000078369.21,114.953709959822,148.54002275835,172.687280270347,111.601067252194
ENSG00000078401.9,53.1552869363088,61.6581226544094,44.7707763663862,26.0402490255119
ENSG00000078487.20,3.45725443488187,4.20396290825519,12.7916503903961,26.0402490255119
ENSG00000078618.25,354.368579575392,299.882687455537,255.833007807921,271.562596980338
ENSG00000078668.16,414.870532185825,362.942131079364,292.92879394007,293.882810430777
ENSG00000078674.22,206.138795679832,204.592861535086,165.012290036109,181.041731320225
ENSG00000078687.20,19.0148993918503,25.2237774495311,14.0708154294357,11.1601067252194
ENSG00000078699.23,32.8439171313778,32.2303822966231,25.5833007807921,23.5602253087965
ENSG00000078747.19,89.8886153069287,61.6581226544094,57.5624267567823,64.4806166346008
ENSG00000078804.15,25.0650946528936,71.4673694403382,39.6541162102278,37.2003557507312
ENSG00000078808.22,89.8886153069287,92.4871839816141,83.1457275375744,44.6404269008775
ENSG00000078902.18,82.5419496328047,67.263406532083,62.6790869129407,73.1606996431048
ENSG00000078967.15,18.1505857831298,33.6317032660415,38.3749511711882,21.080201592081
ENSG00000079134.15,49.6980325014269,53.250196837899,25.5833007807921,54.5605217677392
ENSG00000079150.20,9.07529289156492,2.80264193883679,12.7916503903961,6.20005929178854
ENSG00000079156.19,23.3364674354526,23.8224564801127,21.7458056636733,31.0002964589427
ENSG00000079215.17,19.4470561962105,23.8224564801127,19.1874755855941,32.2403083173004
ENSG00000079246.18,1875.12837411906,1582.09137447337,1165.31935056508,1249.93195322457
ENSG00000079277.24,57.9090117842714,51.8488758684806,56.2832617177426,57.0405454844546
ENSG00000079308.22,28.5223490877754,46.2435919908071,26.8624658198317,34.7203320340158
ENSG00000079313.17,7.77882247848421,15.4145306636024,19.1874755855941,21.080201592081
ENSG00000079332.18,314.17799676989,235.42192286229,220.016386714812,251.722407246615
ENSG00000079387.17,40.1905828055018,56.0528387767358,53.7249316396634,55.8005336260969
ENSG00000079432.11,9.50744969592515,19.6184935718575,5.11666015615842,8.68008300850396
ENSG00000079459.16,254.540357768178,68.6647275015014,318.512094720862,207.081980345737
ENSG00000079462.10,36.3011715662597,36.4343452048783,43.4916113273466,40.9203913258044
ENSG00000079482.16,66.5521478714761,77.0726533180118,62.6790869129407,55.8005336260969
ENSG00000079616.16,251.947416942016,304.086650363792,232.808037105208,231.882217512891
ENSG00000079691.21,15.5576449569684,19.6184935718575,14.0708154294357,31.0002964589427
ENSG00000079739.19,45.3764644578246,32.2303822966231,69.0749121081387,89.280853801755
ENSG00000079785.18,670.707360367083,622.186510421768,634.465859363644,678.286486521666
ENSG00000079805.21,100.692535415935,77.0726533180118,48.608271483505,70.6806759263894
ENSG00000079819.22,84.2705768502456,82.6779371956853,42.212446288307,47.1204506175929
ENSG00000079931.17,26.3615650659743,25.2237774495311,16.6291455075149,19.8401897337233
ENSG00000079950.16,61.7984230235135,49.0462339296438,61.3999218739011,52.0804980510237
ENSG00000079974.21,35.8690147618994,42.0396290825519,46.0499414054258,53.3205099093814
ENSG00000079999.16,130.511354916791,128.921529186492,101.054038084129,128.961233269202
ENSG00000080189.17,162.490958439448,144.336059850095,244.320522456565,241.802312379753
ENSG00000080200.11,21.1756834136515,28.0264193883679,15.3499804684753,9.92009486686167
ENSG00000080298.18,22.0399970223719,39.2369871437151,57.5624267567823,45.8804387592352
ENSG00000080345.20,45.8086212621848,53.250196837899,19.1874755855941,27.2802608838696
ENSG00000080371.8,18.1505857831298,8.40792581651037,12.7916503903961,18.6001778753656
ENSG00000080503.27,22.4721538267322,26.6250984189495,34.5374560540694,43.4004150425198
ENSG00000080546.16,7.34666567412398,12.6118887247656,17.9083105465545,9.92009486686167
ENSG00000080603.19,283.062706855953,347.527600415762,335.141240228377,362.083462640451
ENSG00000080608.12,254.540357768178,270.45494709775,227.69137694905,245.522347954826
ENSG00000080802.23,63.5270502409544,50.4475548990622,62.6790869129407,45.8804387592352
ENSG00000080815.22,203.11369804931,176.566442146718,221.295551753852,181.041731320225
ENSG00000080819.11,6.91450886976375,12.6118887247656,6.39582519519803,12.4001185835771
ENSG00000080822.19,151.687038330442,145.737380819513,227.69137694905,209.562004062453
ENSG00000080823.25,273.987413964388,271.856268067169,400.378657219397,344.723296623443
ENSG00000080824.21,4803.85503726836,5231.13117883887,5165.26842764193,5081.56859554989
ENSG00000080839.14,123.596846047027,113.50699852289,95.9373779279704,91.7608775184704
ENSG00000080845.21,175.023505765895,155.546627605442,163.73312499707,155.001482294714
ENSG00000080986.15,164.651742461249,131.724171125329,84.424892576614,85.5608182266819
ENSG00000081014.13,72.6023431325193,57.4541597461542,40.9332812492674,47.1204506175929
ENSG00000081019.16,18.1505857831298,12.6118887247656,5.11666015615842,14.8801423002925
ENSG00000081059.22,6.05019526104328,15.4145306636024,8.95415527327724,8.68008300850396
ENSG00000081087.17,47.969405283986,40.6383081131335,47.3291064444654,54.5605217677392
ENSG00000081154.13,448.578762925923,312.494576180302,330.024580072218,326.123118748077
ENSG00000081177.21,47.969405283986,33.6317032660415,37.0957861321486,57.0405454844546
ENSG00000081181.10,39.7584260011415,47.6449129602254,33.2582910150297,34.7203320340158
ENSG00000081307.17,74.3309703499603,54.6515178073174,83.1457275375744,70.6806759263894
ENSG00000081320.14,54.8839141537497,65.8620855626646,57.5624267567823,49.6004743343083
ENSG00000081386.15,19.8792130005708,15.4145306636024,11.5124853513564,17.3601660170079
ENSG00000081692.15,52.2909733275883,70.0660484709198,117.683183591644,120.281150260698
ENSG00000081721.14,35.004701153179,49.0462339296438,52.4457666006238,57.0405454844546
ENSG00000081760.19,118.410964394704,121.9149243394,78.0290673814159,91.7608775184704
ENSG00000081791.11,118.843121199064,144.336059850095,159.895629879951,143.841375569494
ENSG00000081870.14,36.3011715662597,42.0396290825519,35.816621093109,31.0002964589427
ENSG00000081923.17,62.6627366322339,82.6779371956853,44.7707763663862,14.8801423002925
ENSG00000082068.11,63.9592070453146,75.6713323485934,93.3790478498912,73.1606996431048
ENSG00000082126.20,32.4117603270176,19.6184935718575,23.0249707027129,35.9603438923735
ENSG00000082146.15,79.5168520022831,54.6515178073174,66.5165820300595,65.7206284929585
ENSG00000082153.20,1325.8570757772,1129.46470135123,1064.26531248095,1058.97012703748
ENSG00000082212.15,70.4415591107182,47.6449129602254,56.2832617177426,44.6404269008775
ENSG00000082213.20,246.329378485333,341.922316538089,477.128559561773,369.523533790597
ENSG00000082258.15,60.0697958060725,78.4739742874302,40.9332812492674,40.9203913258044
ENSG00000082438.20,19.8792130005708,22.4211355106943,29.4207958979109,21.080201592081
ENSG00000082497.14,21.1756834136515,26.6250984189495,7.67499023423763,1.24001185835771
ENSG00000082512.17,23.3364674354526,50.4475548990622,26.8624658198317,23.5602253087965
ENSG00000082515.20,50.5623461101474,53.250196837899,29.4207958979109,37.2003557507312
ENSG00000082516.10,124.029002851387,93.8885049510325,98.4957080060496,114.081090968909
ENSG00000082641.18,43.2156804360234,39.2369871437151,46.0499414054258,24.8002371671542
ENSG00000082701.19,72.1701863281591,71.4673694403382,67.7957470690991,35.9603438923735
ENSG00000082781.14,9.50744969592515,8.40792581651037,24.3041357417525,18.6001778753656
ENSG00000082805.23,37.1654851749801,58.8554807155726,69.0749121081387,43.4004150425198
ENSG00000082898.21,487.905032122704,581.548202308634,474.570229483694,457.564375733994
ENSG00000082996.22,126.621943677549,117.710961431145,136.870659177238,131.441256985917
ENSG00000083093.14,54.0196005450293,54.6515178073174,76.7499023423763,75.6407233598202
ENSG00000083099.13,95.5066537636117,75.6713323485934,75.4707373033367,80.600770793251
ENSG00000083123.17,27.2258786746947,28.0264193883679,15.3499804684753,33.4803201756581
ENSG00000083168.13,35.8690147618994,32.2303822966231,33.2582910150297,42.1604031841621
ENSG00000083223.20,59.2054821973521,72.8686904097566,44.7707763663862,48.3604624759506
ENSG00000083312.21,287.816431703916,362.942131079364,237.924697261367,254.20243096333
ENSG00000083444.19,314.17799676989,469.442524755162,451.545258780981,410.443925116401
ENSG00000083457.14,42.3513668273029,49.0462339296438,51.1666015615842,28.5202727422273
ENSG00000083520.17,70.4415591107182,75.6713323485934,70.3540771471783,62.0005929178854
ENSG00000083535.18,14.693331348248,14.013209694184,19.1874755855941,14.8801423002925
ENSG00000083635.9,29.3866626964959,22.4211355106943,15.3499804684753,24.8002371671542
ENSG00000083642.21,79.9490088066433,58.8554807155726,44.7707763663862,42.1604031841621
ENSG00000083720.15,167.244683287411,183.57304699381,94.6582128889308,104.160996102047
ENSG00000083750.15,6.05019526104328,4.20396290825519,16.6291455075149,11.1601067252194
ENSG00000083799.20,86.863517676407,86.8819001039405,122.799843747802,152.521458577998
ENSG00000083807.12,5.61803845668304,4.20396290825519,14.0708154294357,6.20005929178854
ENSG00000083812.15,9.50744969592515,7.00660484709198,11.5124853513564,12.4001185835771
ENSG00000083814.15,13.3968609351673,14.013209694184,12.7916503903961,13.6401304419348
ENSG00000083828.17,16.8541153700491,21.0198145412759,21.7458056636733,19.8401897337233
ENSG00000083845.11,173.727035352814,182.171726024391,367.120366204367,302.562893439281
ENSG00000083857.17,156.440763178405,308.290613272047,144.545649411475,130.201245127559
ENSG00000083896.15,69.1450886976374,58.8554807155726,44.7707763663862,40.9203913258044
ENSG00000083937.11,78.6525383935626,78.4739742874302,63.9582519519803,90.5208656601127
ENSG00000084070.14,25.929408261614,35.0330242354599,16.6291455075149,17.3601660170079
ENSG00000084072.19,60.0697958060725,74.270011379175,58.8415917958219,58.2805573428123
ENSG00000084073.12,319.796035226573,203.191540565667,239.203862300406,252.962419104972
ENSG00000084090.16,228.178792702204,165.355874391371,117.683183591644,130.201245127559
ENSG00000084092.9,36.7333283706199,40.6383081131335,49.8874365225446,38.440367609089
ENSG00000084093.21,46.240778066545,26.6250984189495,28.1416308588713,29.760284600585
ENSG00000084112.17,130.511354916791,138.730775972421,159.895629879951,131.441256985917
ENSG00000084207.20,174.591348961535,200.388898626831,236.645532222327,233.122229371249
ENSG00000084234.20,470.618759948295,470.843845724581,335.141240228377,333.563189898223
ENSG00000084444.16,36.7333283706199,44.8422710213887,74.1915722642971,43.4004150425198
ENSG00000084463.10,402.337984859378,372.751377865293,338.978735345495,347.203320340158
ENSG00000084623.14,470.186603143935,358.738168171109,468.174404288496,474.924541751002
ENSG00000084652.18,192.741934744664,236.823243831709,237.924697261367,218.242087070957
ENSG00000084693.18,140.450961417076,140.13209694184,117.683183591644,114.081090968909
ENSG00000084731.17,29.3866626964959,32.2303822966231,7.67499023423763,6.20005929178854
ENSG00000084733.13,360.850931640795,292.876082608445,283.974638666792,285.202727422273
ENSG00000084754.14,675.461085215046,634.798399146533,489.920209952169,530.725075377099
ENSG00000084774.16,184.53095546182,182.171726024391,266.066328120238,251.722407246615
ENSG00000085063.20,721.269706477231,735.693508944658,683.074130847149,685.726557671813
ENSG00000085117.15,44.0799940447439,47.6449129602254,46.0499414054258,50.840486192666
ENSG00000085185.16,61.7984230235135,84.0792581651037,42.212446288307,53.3205099093814
ENSG00000085224.24,44.5121508491041,56.0528387767358,20.4666406246337,38.440367609089
ENSG00000085231.15,41.9192100229427,37.8356661742967,48.608271483505,59.52056920117
ENSG00000085274.18,96.3709673723322,119.112282400564,125.358173825881,132.681268844275
ENSG00000085365.20,100.692535415935,78.4739742874302,74.1915722642971,125.241197694129
ENSG00000085377.17,23.7686242398129,22.4211355106943,12.7916503903961,19.8401897337233
ENSG00000085382.14,28.5223490877754,33.6317032660415,19.1874755855941,26.0402490255119
ENSG00000085415.18,149.958411113001,130.322850155911,118.962348630683,114.081090968909
ENSG00000085433.19,39.3262691967813,26.6250984189495,24.3041357417525,19.8401897337233
ENSG00000085449.17,223.857224658601,222.810034137525,200.828911129218,197.161885478876
ENSG00000085491.19,136.993706982194,117.710961431145,71.6332421862179,53.3205099093814
ENSG00000085511.22,15.1254881526082,14.013209694184,20.4666406246337,17.3601660170079
ENSG00000085563.17,70.8737159150784,67.263406532083,24.3041357417525,24.8002371671542
ENSG00000085662.16,462.40778066545,480.65309251051,417.007802726911,388.123711665963
ENSG00000085719.15,256.701141789979,295.678724547281,289.091298822951,338.523237331654
ENSG00000085721.15,198.359973201347,50.4475548990622,168.849785153228,105.401007960405
ENSG00000085733.18,152.551351939163,140.13209694184,141.987319333396,182.281743178583
ENSG00000085760.17,88.592144893848,75.6713323485934,113.845688474525,131.441256985917
ENSG00000085788.16,63.9592070453146,71.4673694403382,42.212446288307,42.1604031841621
ENSG00000085832.20,44.5121508491041,40.6383081131335,29.4207958979109,35.9603438923735
ENSG00000085840.15,59.6376390017123,51.8488758684806,48.608271483505,50.840486192666
ENSG00000085872.17,56.1803845668304,33.6317032660415,40.9332812492674,50.840486192666
ENSG00000085978.24,23.7686242398129,25.2237774495311,47.3291064444654,49.6004743343083
ENSG00000085982.18,33.7082307400983,32.2303822966231,47.3291064444654,42.1604031841621
ENSG00000085998.17,91.6172425243696,93.8885049510325,75.4707373033367,97.9609368102589
ENSG00000085999.15,103.285476242096,121.9149243394,99.7748730450892,89.280853801755
ENSG00000086015.25,49.6980325014269,58.8554807155726,43.4916113273466,47.1204506175929
ENSG00000086061.18,813.751262610321,721.680299250474,611.440888660931,585.285597144838
ENSG00000086062.16,39.3262691967813,35.0330242354599,20.4666406246337,22.3202134504387
ENSG00000086065.16,156.440763178405,151.342664697187,186.758095699782,162.44155344486
ENSG00000086102.21,114.953709959822,131.724171125329,186.758095699782,167.401600878291
ENSG00000086189.13,101.989005829015,102.296430767543,102.333203123168,96.7209249519012
ENSG00000086200.19,212.188990940875,191.98097281032,145.824814450515,181.041731320225
ENSG00000086232.15,229.907419919645,173.763800207881,171.408115231307,225.682158221103
ENSG00000086475.17,38.4619555880608,25.2237774495311,20.4666406246337,26.0402490255119
ENSG00000086504.20,123.164689242667,98.0924678592877,129.195668943,111.601067252194
ENSG00000086589.14,95.938810567972,81.2766162262669,111.287358396446,91.7608775184704
ENSG00000086598.13,561.371688863944,512.883474807133,626.790869129407,653.486249354512
ENSG00000086619.16,13.3968609351673,11.2105677553472,20.4666406246337,19.8401897337233
ENSG00000086666.22,143.476059047598,84.0792581651037,113.845688474525,128.961233269202
ENSG00000086712.15,57.4768549799111,53.250196837899,56.2832617177426,52.0804980510237
ENSG00000086758.19,347.454070705628,538.107252256664,653.653334949238,534.445110952172
ENSG00000086827.11,155.144292765324,147.138701788932,99.7748730450892,138.881328136063
ENSG00000086848.17,36.3011715662597,30.8290613272047,28.1416308588713,58.2805573428123
ENSG00000086991.15,20.7435266092912,26.6250984189495,15.3499804684753,7.44007115014625
ENSG00000087008.18,35.8690147618994,44.8422710213887,23.0249707027129,22.3202134504387
ENSG00000087053.21,245.465064876613,295.678724547281,209.783066402495,158.721517869787
ENSG00000087074.11,214.781931767036,283.066835822516,800.757314438793,828.327921382949
ENSG00000087076.11,8.64313608720468,12.6118887247656,19.1874755855941,21.080201592081
ENSG00000087077.16,34.1403875444585,15.4145306636024,28.1416308588713,14.8801423002925
ENSG00000087086.18,1694.05467309212,1495.20947436943,5126.89347647074,4333.84144496019
ENSG00000087087.22,191.445464331584,189.178330871483,161.17479491899,163.681565303217
ENSG00000087088.23,14.693331348248,7.00660484709198,29.4207958979109,12.4001185835771
ENSG00000087095.15,25.0650946528936,19.6184935718575,11.5124853513564,6.20005929178854
ENSG00000087111.24,313.31368316117,354.534205262854,234.087202144248,200.881921053949
ENSG00000087116.19,6.48235206540351,14.013209694184,5.11666015615842,6.20005929178854
ENSG00000087152.18,13.3968609351673,8.40792581651037,10.2333203123168,22.3202134504387
ENSG00000087157.21,86.4313608720468,93.8885049510325,88.2623876937328,109.121043535478
ENSG00000087191.16,411.413277750943,367.14609398762,370.957861321486,403.003853966255
ENSG00000087206.19,73.4666567412398,54.6515178073174,66.5165820300595,57.0405454844546
ENSG00000087263.19,237.254085593769,232.619280923454,255.833007807921,267.842561405265
ENSG00000087266.20,36.7333283706199,25.2237774495311,23.0249707027129,33.4803201756581
ENSG00000087269.18,55.31607095811,33.6317032660415,47.3291064444654,52.0804980510237
ENSG00000087274.21,357.393677205914,365.744773018201,193.15392089498,212.042027779168
ENSG00000087299.14,18.5827425874901,26.6250984189495,15.3499804684753,19.8401897337233
ENSG00000087301.12,29.3866626964959,29.4277403577863,25.5833007807921,18.6001778753656
ENSG00000087302.11,130.511354916791,121.9149243394,167.570620114188,146.32139928621
ENSG00000087303.20,17.7184289787696,14.013209694184,3.83749511711882,4.96004743343083
ENSG00000087338.7,53.587443740669,47.6449129602254,48.608271483505,39.6803794674467
ENSG00000087365.18,515.99522440612,508.679511898878,395.261997063238,497.244755201441
ENSG00000087448.13,12.964704130807,19.6184935718575,5.11666015615842,4.96004743343083
ENSG00000087460.30,256.268984985619,260.645700311822,281.416308588713,307.522940872712
ENSG00000087470.23,261.454866637942,165.355874391371,138.149824216277,162.44155344486
ENSG00000087502.21,168.541153700491,144.336059850095,129.195668943,102.92098424369
ENSG00000087510.9,66.1199910671158,56.0528387767358,23.0249707027129,43.4004150425198
ENSG00000087586.20,1124.47200494533,1032.77355446136,556.436791982228,550.565265110822
ENSG00000087884.18,10.8039201090059,8.40792581651037,15.3499804684753,13.6401304419348
ENSG00000087903.15,8.64313608720468,15.4145306636024,6.39582519519803,6.20005929178854
ENSG00000087995.18,24.2007810441731,35.0330242354599,29.4207958979109,28.5202727422273
ENSG00000088035.20,19.4470561962105,12.6118887247656,10.2333203123168,17.3601660170079
ENSG00000088038.22,15.9898017613287,12.6118887247656,12.7916503903961,4.96004743343083
ENSG00000088179.11,15.5576449569684,9.80924678592877,7.67499023423763,14.8801423002925
ENSG00000088205.15,468.890132730854,437.212142458539,391.424501946119,415.403972549832
ENSG00000088247.20,30.6831331095766,36.4343452048783,26.8624658198317,17.3601660170079
ENSG00000088256.10,8.21097928284445,15.4145306636024,10.2333203123168,13.6401304419348
ENSG00000088280.23,25.929408261614,21.0198145412759,12.7916503903961,23.5602253087965
ENSG00000088298.15,63.5270502409544,74.270011379175,88.2623876937328,95.4809130935435
ENSG00000088325.18,1971.93149829575,1799.29612473322,997.748730450892,1008.12964084482
ENSG00000088356.8,136.993706982194,144.336059850095,81.8665624985348,86.8008300850396
ENSG00000088367.25,57.4768549799111,93.8885049510325,74.1915722642971,59.52056920117
ENSG00000088387.24,5.18588165232281,11.2105677553472,10.2333203123168,18.6001778753656
ENSG00000088448.16,85.9992040676866,140.13209694184,152.220639645713,133.921280702632
ENSG00000088451.13,13.3968609351673,4.20396290825519,16.6291455075149,23.5602253087965
ENSG00000088682.16,71.3058727194386,91.0858630121957,86.9832226546932,99.2009486686166
ENSG00000088726.17,60.934109414793,64.4607645932462,57.5624267567823,66.9606403513162
ENSG00000088766.14,6.91450886976375,14.013209694184,8.95415527327724,19.8401897337233
ENSG00000088808.20,18.1505857831298,26.6250984189495,15.3499804684753,21.080201592081
ENSG00000088812.20,509.945029145076,692.252558892687,688.190791003308,674.566450946593
ENSG00000088826.20,29.8188195008562,29.4277403577863,58.8415917958219,100.440960526974
ENSG00000088832.20,887.217919351561,908.05598818312,1199.85680661915,1046.57000845391
ENSG00000088833.20,181.938014635659,177.967763116136,161.17479491899,151.28144671964
ENSG00000088854.15,23.7686242398129,12.6118887247656,14.0708154294357,13.6401304419348
ENSG00000088876.15,89.8886153069287,163.954553421952,193.15392089498,166.161589019933
ENSG00000088888.20,137.425863786554,124.717566278237,102.333203123168,120.281150260698
ENSG00000088930.10,413.141904968384,364.343452048783,341.537065423575,385.643687949247
ENSG00000088970.18,20.7435266092912,12.6118887247656,47.3291064444654,52.0804980510237
ENSG00000088986.13,157.737233591485,128.921529186492,157.337299801871,157.481506011429
ENSG00000089006.19,264.912121072823,308.290613272047,437.474443351545,386.883699807605
ENSG00000089009.18,442.52856766488,448.422710213887,708.657431627941,530.725075377099
ENSG00000089022.16,46.240778066545,37.8356661742967,44.7707763663862,54.5605217677392
ENSG00000089048.17,44.9443076534643,44.8422710213887,24.3041357417525,47.1204506175929
ENSG00000089050.18,45.3764644578246,30.8290613272047,34.5374560540694,37.2003557507312
ENSG00000089053.15,470.186603143935,437.212142458539,492.478540030248,494.764731484726
ENSG00000089057.17,54.4517573493895,57.4541597461542,47.3291064444654,48.3604624759506
ENSG00000089060.14,19.4470561962105,21.0198145412759,26.8624658198317,29.760284600585
ENSG00000089063.18,153.415665547883,149.941343727768,244.320522456565,208.321992204095
ENSG00000089091.19,9.50744969592515,1.4013209694184,14.0708154294357,14.8801423002925
ENSG00000089094.22,25.929408261614,39.2369871437151,47.3291064444654,40.9203913258044
ENSG00000089123.18,31.1152899139369,32.2303822966231,31.9791259759901,33.4803201756581
ENSG00000089154.13,153.415665547883,194.783614749157,196.991416012099,197.161885478876
ENSG00000089157.18,1602.00527376339,2061.34314601446,3666.08700188751,2962.38832961656
ENSG00000089159.19,525.502674102045,711.871052464545,857.040576156536,787.407530057145
ENSG00000089177.22,22.4721538267322,29.4277403577863,26.8624658198317,32.2403083173004
ENSG00000089195.17,151.254881526082,159.750590513697,107.449863279327,120.281150260698
ENSG00000089220.7,300.348979030363,327.909106843905,244.320522456565,248.002371671542
ENSG00000089234.18,105.446260263897,103.697751736961,72.9124072252575,93.0008893768281
ENSG00000089248.9,180.641544222578,161.151911483115,282.695473627753,218.242087070957
ENSG00000089280.22,372.087008554162,299.882687455537,177.803940426505,224.442146362745
ENSG00000089289.18,61.7984230235135,50.4475548990622,89.5415527327724,124.001185835771
ENSG00000089327.18,35.8690147618994,40.6383081131335,103.612368162208,74.4007115014625
ENSG00000089335.24,40.622739609862,36.4343452048783,28.1416308588713,38.440367609089
ENSG00000089351.17,17.2862721744094,14.013209694184,16.6291455075149,14.8801423002925
ENSG00000089486.19,14.2611745438877,0,20.4666406246337,33.4803201756581
ENSG00000089597.20,1153.85866764182,1877.77009902065,2463.67186519028,2378.34274433008
ENSG00000089682.20,23.3364674354526,28.0264193883679,21.7458056636733,32.2403083173004
ENSG00000089685.17,660.767753866798,473.646487663418,414.449472648832,378.203616799101
ENSG00000089693.13,546.246200711336,667.028781443156,767.499023423763,679.526498380024
ENSG00000089723.12,19.4470561962105,16.8158516330207,7.67499023423763,4.96004743343083
ENSG00000089737.21,32.4117603270176,33.6317032660415,179.083105465545,31.0002964589427
ENSG00000089775.14,12.1003905220866,15.4145306636024,6.39582519519803,12.4001185835771
ENSG00000089818.19,146.068999873759,123.316245308819,92.0998828108516,100.440960526974
ENSG00000089876.14,19.4470561962105,22.4211355106943,24.3041357417525,16.1201541586502
ENSG00000089902.12,19.0148993918503,23.8224564801127,7.67499023423763,12.4001185835771
ENSG00000089916.20,70.8737159150784,93.8885049510325,85.7040576156536,73.1606996431048
ENSG00000090006.20,15.9898017613287,23.8224564801127,28.1416308588713,24.8002371671542
ENSG00000090013.13,13.8290177395275,15.4145306636024,25.5833007807921,22.3202134504387
ENSG00000090020.13,43.6478372403836,61.6581226544094,70.3540771471783,69.4406640680317
ENSG00000090054.18,226.882322289123,203.191540565667,223.853881831931,225.682158221103
ENSG00000090060.21,649.531676953432,545.113857103756,356.88704589205,414.163960691475
ENSG00000090061.18,287.384274899556,365.744773018201,527.015996084318,451.364316442206
ENSG00000090097.24,29.8188195008562,35.0330242354599,25.5833007807921,19.8401897337233
ENSG00000090263.18,25.0650946528936,28.0264193883679,43.4916113273466,24.8002371671542
ENSG00000090266.15,54.0196005450293,44.8422710213887,62.6790869129407,42.1604031841621
ENSG00000090273.16,349.614854727429,302.685329394373,282.695473627753,280.242679988842
ENSG00000090316.18,182.802328244379,152.743985666605,130.47483398204,138.881328136063
ENSG00000090372.16,13.8290177395275,21.0198145412759,20.4666406246337,21.080201592081
ENSG00000090432.9,105.014103459537,89.6845420427773,118.962348630683,107.881031677121
ENSG00000090487.13,139.154491003995,109.303035614635,131.753999021079,138.881328136063
ENSG00000090520.14,179.777230613857,159.750590513697,193.15392089498,167.401600878291
ENSG00000090530.12,32.8439171313778,28.0264193883679,6.39582519519803,7.44007115014625
ENSG00000090581.13,64.3913638496749,155.546627605442,317.232929681822,209.562004062453
ENSG00000090612.24,81.6776360240842,56.0528387767358,44.7707763663862,39.6803794674467
ENSG00000090615.18,26.7937218703345,21.0198145412759,25.5833007807921,34.7203320340158
ENSG00000090621.17,19.4470561962105,21.0198145412759,33.2582910150297,33.4803201756581
ENSG00000090661.15,17.7184289787696,11.2105677553472,19.1874755855941,23.5602253087965
ENSG00000090674.18,43.6478372403836,35.0330242354599,40.9332812492674,53.3205099093814
ENSG00000090686.18,71.7380295237989,61.6581226544094,66.5165820300595,68.2006522096739
ENSG00000090776.8,6.48235206540351,21.0198145412759,7.67499023423763,24.8002371671542
ENSG00000090857.16,33.7082307400983,37.8356661742967,60.1207568348615,55.8005336260969
ENSG00000090861.19,433.021117968955,409.185723070171,848.086420883258,923.808834476493
ENSG00000090863.14,96.8031241766924,98.0924678592877,78.0290673814159,91.7608775184704
ENSG00000090889.14,445.985822099762,528.298005470735,345.374560540693,317.443035739573
ENSG00000090905.21,20.7435266092912,28.0264193883679,11.5124853513564,9.92009486686167
ENSG00000090924.17,53.587443740669,88.2832210733589,35.816621093109,50.840486192666
ENSG00000090989.20,84.2705768502456,79.8752952568485,78.0290673814159,71.9206877847471
ENSG00000091009.10,148.22978389556,208.796824443341,327.466249994139,300.082869722565
ENSG00000091039.19,144.772529460678,114.908319492308,72.9124072252575,95.4809130935435
ENSG00000091073.22,16.8541153700491,23.8224564801127,33.2582910150297,27.2802608838696
ENSG00000091127.16,90.7529289156492,81.2766162262669,48.608271483505,76.8807352181779
ENSG00000091136.17,307.263487900126,369.948735926456,359.445375970129,329.84315432315
ENSG00000091140.17,338.810934618424,284.468156791934,243.041357417525,233.122229371249
ENSG00000091157.16,25.929408261614,23.8224564801127,14.0708154294357,13.6401304419348
ENSG00000091164.15,80.8133224153638,75.6713323485934,79.3082324204556,95.4809130935435
ENSG00000091317.10,282.630550051593,250.836453525893,158.616464840911,159.961529728144
ENSG00000091409.19,47.969405283986,33.6317032660415,49.8874365225446,62.0005929178854
ENSG00000091436.19,486.176404905263,504.475548990622,364.562036126288,301.322881580923
ENSG00000091483.10,113.225082742381,106.500393675798,92.0998828108516,101.680972385332
ENSG00000091490.13,7.77882247848421,4.20396290825519,31.9791259759901,40.9203913258044
ENSG00000091527.19,31.5474467182971,29.4277403577863,40.9332812492674,31.0002964589427
ENSG00000091542.10,68.280775088917,42.0396290825519,39.6541162102278,34.7203320340158
ENSG00000091592.18,28.5223490877754,22.4211355106943,58.8415917958219,50.840486192666
ENSG00000091640.10,63.5270502409544,70.0660484709198,67.7957470690991,52.0804980510237
ENSG00000091651.11,100.692535415935,114.908319492308,120.241513669723,93.0008893768281
ENSG00000091656.19,62.6627366322339,78.4739742874302,35.816621093109,43.4004150425198
ENSG00000091732.20,125.325473264468,88.2832210733589,89.5415527327724,85.5608182266819
ENSG00000091947.12,47.5372484796257,42.0396290825519,39.6541162102278,52.0804980510237
ENSG00000091972.21,9.07529289156492,4.20396290825519,2.55833007807921,17.3601660170079
ENSG00000091986.18,568.286197733708,458.231956999815,190.595590816901,190.961826187087
ENSG00000092010.17,171.998408135373,304.086650363792,427.241123039228,282.722703705557
ENSG00000092020.13,62.2305798278737,64.4607645932462,62.6790869129407,48.3604624759506
ENSG00000092036.21,30.6831331095766,8.40792581651037,42.212446288307,43.4004150425198
ENSG00000092094.13,59.6376390017123,51.8488758684806,81.8665624985348,90.5208656601127
ENSG00000092096.20,52.2909733275883,93.8885049510325,153.499804684753,131.441256985917
ENSG00000092098.20,32.8439171313778,25.2237774495311,29.4207958979109,33.4803201756581
ENSG00000092108.24,168.541153700491,158.349269544279,152.220639645713,150.041434861283
ENSG00000092140.18,110.19998511186,113.50699852289,78.0290673814159,83.0807945099664
ENSG00000092148.16,106.742730676978,75.6713323485934,93.3790478498912,86.8008300850396
ENSG00000092199.21,3647.40342880038,6844.05161463944,6180.92546863937,6456.74174646859
ENSG00000092201.12,900.182623482368,829.58201389569,648.53667479308,683.246533955097
ENSG00000092203.17,626.195209517979,802.956915476741,909.48634275716,767.567340323421
ENSG00000092208.21,12.964704130807,9.80924678592877,11.5124853513564,17.3601660170079
ENSG00000092330.21,38.4619555880608,100.895109798124,185.478930660743,163.681565303217
ENSG00000092439.17,49.2658756970667,64.4607645932462,58.8415917958219,65.7206284929585
ENSG00000092445.14,20.311369804931,21.0198145412759,12.7916503903961,23.5602253087965
ENSG00000092470.14,88.592144893848,60.256801684991,46.0499414054258,37.2003557507312
ENSG00000092531.12,232.932517550166,259.244379342403,209.783066402495,195.921873620518
ENSG00000092621.15,178.480760200777,140.13209694184,392.703666985159,405.483877682971
ENSG00000092820.21,244.168594463532,269.053626128332,162.45395995803,186.001778753656
ENSG00000092841.21,901.046937091088,867.417680069987,729.124072252575,690.686605105243
ENSG00000092847.16,40.1905828055018,51.8488758684806,29.4207958979109,45.8804387592352
ENSG00000092853.16,114.089396351102,78.4739742874302,63.9582519519803,58.2805573428123
ENSG00000092871.19,28.0901922834152,18.2171726024391,29.4207958979109,21.080201592081
ENSG00000092931.14,32.8439171313778,29.4277403577863,53.7249316396634,40.9203913258044
ENSG00000092964.19,94.210183350531,82.6779371956853,56.2832617177426,52.0804980510237
ENSG00000092969.13,592.054821973521,550.719140981429,121.520678708763,114.081090968909
ENSG00000092978.13,13.8290177395275,14.013209694184,19.1874755855941,16.1201541586502
ENSG00000093000.21,165.083899265609,148.54002275835,112.566523435485,130.201245127559
ENSG00000093009.13,151.687038330442,105.09907270638,129.195668943,122.761173977413
ENSG00000093010.17,70.4415591107182,30.8290613272047,76.7499023423763,86.8008300850396
ENSG00000093144.21,63.9592070453146,57.4541597461542,39.6541162102278,58.2805573428123
ENSG00000093167.20,44.0799940447439,36.4343452048783,38.3749511711882,52.0804980510237
ENSG00000093183.16,63.0948934365942,39.2369871437151,56.2832617177426,42.1604031841621
ENSG00000093217.13,27.2258786746947,42.0396290825519,63.9582519519803,53.3205099093814
ENSG00000094631.24,101.556849024655,88.2832210733589,65.2374169910199,104.160996102047
ENSG00000094804.14,582.979529081956,514.284795776551,500.153530264486,504.684826351587
ENSG00000094841.16,30.6831331095766,16.8158516330207,19.1874755855941,28.5202727422273
ENSG00000094880.13,308.559958313207,269.053626128332,211.062231441535,197.161885478876
ENSG00000094914.16,73.4666567412398,64.4607645932462,127.916503903961,83.0807945099664
ENSG00000094916.18,306.831331095766,347.527600415762,244.320522456565,240.562300521395
ENSG00000094975.16,112.360769133661,85.4805791345221,98.4957080060496,93.0008893768281
ENSG00000095002.18,390.669751141652,372.751377865293,264.787163081198,297.60284600585
ENSG00000095015.8,8.21097928284445,25.2237774495311,7.67499023423763,9.92009486686167
ENSG00000095059.19,48.8337188927065,36.4343452048783,46.0499414054258,78.1207470765356
ENSG00000095066.14,13.8290177395275,15.4145306636024,19.1874755855941,17.3601660170079
ENSG00000095139.17,1061.37711150873,1126.66205941239,1430.10651364628,1337.97279516797
ENSG00000095209.14,87.7278312851275,78.4739742874302,85.7040576156536,90.5208656601127
ENSG00000095261.16,293.866626964959,311.093255210884,221.295551753852,215.762063354241
ENSG00000095303.19,7.77882247848421,12.6118887247656,15.3499804684753,26.0402490255119
ENSG00000095319.16,328.439171313778,269.053626128332,275.020483393515,255.442442821688
ENSG00000095321.20,64.8235206540351,58.8554807155726,47.3291064444654,48.3604624759506
ENSG00000095380.13,178.480760200777,172.362479238463,170.128950192268,184.761766895299
ENSG00000095383.21,48.8337188927065,39.2369871437151,25.5833007807921,50.840486192666
ENSG00000095485.20,65.2556774583953,50.4475548990622,49.8874365225446,47.1204506175929
ENSG00000095564.17,60.0697958060725,77.0726533180118,60.1207568348615,63.2406047762431
ENSG00000095574.14,102.853319437736,98.0924678592877,162.45395995803,101.680972385332
ENSG00000095587.11,14.2611745438877,18.2171726024391,7.67499023423763,8.68008300850396
ENSG00000095787.28,78.2203815892024,63.0594436238278,55.004096678703,62.0005929178854
ENSG00000095794.22,6.48235206540351,4.20396290825519,14.0708154294357,13.6401304419348
ENSG00000095906.19,51.4266597188679,46.2435919908071,67.7957470690991,70.6806759263894
ENSG00000095951.20,16.4219585656889,22.4211355106943,17.9083105465545,14.8801423002925
ENSG00000096060.17,414.870532185825,360.139489140528,292.92879394007,203.361944770664
ENSG00000096063.18,573.03992258167,598.364053941655,749.590712877209,653.486249354512
ENSG00000096070.21,43.6478372403836,54.6515178073174,55.004096678703,59.52056920117
ENSG00000096080.14,71.7380295237989,74.270011379175,90.820717771812,74.4007115014625
ENSG00000096092.8,59.2054821973521,57.4541597461542,57.5624267567823,24.8002371671542
ENSG00000096093.18,80.8133224153638,151.342664697187,162.45395995803,116.561114685625
ENSG00000096384.22,11309.111413303,15082.4175938502,27206.5612153334,19111.062761009
ENSG00000096401.10,320.228192030933,260.645700311822,221.295551753852,228.162181937818
ENSG00000096433.13,49.2658756970667,56.0528387767358,78.0290673814159,105.401007960405
ENSG00000096654.18,38.8941123924211,33.6317032660415,37.0957861321486,43.4004150425198
ENSG00000096696.18,41.4870532185825,40.6383081131335,39.6541162102278,26.0402490255119
ENSG00000096717.14,14.693331348248,11.2105677553472,6.39582519519803,16.1201541586502
ENSG00000096746.20,134.832922960393,121.9149243394,112.566523435485,130.201245127559
ENSG00000096872.19,14.693331348248,14.013209694184,5.11666015615842,9.92009486686167
ENSG00000096968.16,13.8290177395275,19.6184935718575,14.0708154294357,16.1201541586502
ENSG00000097007.22,36.3011715662597,54.6515178073174,39.6541162102278,28.5202727422273
ENSG00000097021.23,50.1301893057872,42.0396290825519,49.8874365225446,52.0804980510237
ENSG00000097033.17,104.581946655177,96.6911468898693,126.637338864921,119.04113840234
ENSG00000097046.15,81.6776360240842,82.6779371956853,56.2832617177426,48.3604624759506
ENSG00000099139.16,65.2556774583953,102.296430767543,57.5624267567823,52.0804980510237
ENSG00000099194.8,5093.40009618972,6167.21358641036,3726.20775872237,3387.71239703326
ENSG00000099203.9,46.6729348709053,37.8356661742967,28.1416308588713,48.3604624759506
ENSG00000099204.24,9.07529289156492,19.6184935718575,63.9582519519803,37.2003557507312
ENSG00000099246.21,169.837624113572,128.921529186492,130.47483398204,119.04113840234
ENSG00000099250.20,63.0948934365942,88.2832210733589,226.41221191001,203.361944770664
ENSG00000099256.21,41.0548964142222,36.4343452048783,24.3041357417525,40.9203913258044
ENSG00000099282.12,23.7686242398129,18.2171726024391,20.4666406246337,17.3601660170079
ENSG00000099284.16,19.4470561962105,18.2171726024391,2.55833007807921,11.1601067252194
ENSG00000099290.19,203.11369804931,222.810034137525,225.133046870971,326.123118748077
ENSG00000099308.15,74.7631271543205,91.0858630121957,112.566523435485,78.1207470765356
ENSG00000099331.16,17.2862721744094,22.4211355106943,25.5833007807921,16.1201541586502
ENSG00000099337.7,17.2862721744094,7.00660484709198,8.95415527327724,27.2802608838696
ENSG00000099341.14,184.96311226618,152.743985666605,188.037260738822,169.881624595006
ENSG00000099377.16,10.3717633046456,7.00660484709198,10.2333203123168,14.8801423002925
ENSG00000099381.21,15.1254881526082,32.2303822966231,30.6999609369505,24.8002371671542
ENSG00000099622.16,90.7529289156492,71.4673694403382,75.4707373033367,99.2009486686166
ENSG00000099624.10,31.5474467182971,36.4343452048783,33.2582910150297,39.6803794674467
ENSG00000099783.15,703.551277498461,615.179905574676,452.82442382002,544.365205819034
ENSG00000099795.9,19.0148993918503,16.8158516330207,25.5833007807921,22.3202134504387
ENSG00000099797.17,152.983508743523,135.928134033584,181.641435543624,159.961529728144
ENSG00000099800.10,41.9192100229427,36.4343452048783,86.9832226546932,47.1204506175929
ENSG00000099804.11,14.2611745438877,22.4211355106943,28.1416308588713,11.1601067252194
ENSG00000099810.23,156.872919982765,159.750590513697,145.824814450515,156.241494153071
ENSG00000099817.14,332.76073935738,294.277403577863,272.462153315436,260.402490255119
ENSG00000099821.16,11.6682337177263,16.8158516330207,8.95415527327724,14.8801423002925
ENSG00000099849.17,57.4768549799111,70.0660484709198,51.1666015615842,62.0005929178854
ENSG00000099860.12,30.6831331095766,35.0330242354599,21.7458056636733,26.0402490255119
ENSG00000099875.18,6.05019526104328,7.00660484709198,10.2333203123168,13.6401304419348
ENSG00000099889.16,6.05019526104328,5.60528387767358,14.0708154294357,14.8801423002925
ENSG00000099899.18,63.9592070453146,54.6515178073174,57.5624267567823,68.2006522096739
ENSG00000099901.20,304.670547073965,270.45494709775,240.483027339446,231.882217512891
ENSG00000099904.18,20.7435266092912,40.6383081131335,47.3291064444654,37.2003557507312
ENSG00000099910.19,14.693331348248,5.60528387767358,11.5124853513564,18.6001778753656
ENSG00000099917.19,115.385866764182,141.533417911258,113.845688474525,132.681268844275
ENSG00000099940.14,119.707434807785,117.710961431145,112.566523435485,99.2009486686166
ENSG00000099942.15,105.446260263897,60.256801684991,44.7707763663862,60.7605810595277
ENSG00000099949.24,35.8690147618994,49.0462339296438,14.0708154294357,32.2403083173004
ENSG00000099956.22,36.7333283706199,18.2171726024391,51.1666015615842,63.2406047762431
ENSG00000099958.17,4.32156804360234,7.00660484709198,11.5124853513564,47.1204506175929
ENSG00000099968.21,112.360769133661,79.8752952568485,104.891533201248,104.160996102047
ENSG00000099977.18,47.5372484796257,71.4673694403382,85.7040576156536,60.7605810595277
ENSG00000099991.20,60.0697958060725,58.8554807155726,89.5415527327724,85.5608182266819
ENSG00000099992.18,23.7686242398129,33.6317032660415,24.3041357417525,27.2802608838696
ENSG00000099995.21,177.616446592056,208.796824443341,182.920600582664,189.721814328729
ENSG00000100003.18,30.6831331095766,39.2369871437151,35.816621093109,54.5605217677392
ENSG00000100014.22,71.3058727194386,71.4673694403382,44.7707763663862,59.52056920117
ENSG00000100023.21,87.7278312851275,75.6713323485934,108.729028318366,100.440960526974
ENSG00000100028.14,111.49645552494,102.296430767543,126.637338864921,84.3208063683242
ENSG00000100029.20,232.500360745806,169.559837299626,186.758095699782,226.922170079461
ENSG00000100030.17,44.5121508491041,54.6515178073174,44.7707763663862,35.9603438923735
ENSG00000100034.15,46.6729348709053,36.4343452048783,26.8624658198317,37.2003557507312
ENSG00000100036.14,13.3968609351673,15.4145306636024,7.67499023423763,6.20005929178854
ENSG00000100038.22,57.9090117842714,51.8488758684806,55.004096678703,66.9606403513162
ENSG00000100056.14,39.3262691967813,26.6250984189495,47.3291064444654,54.5605217677392
ENSG00000100065.17,57.0446981755509,47.6449129602254,11.5124853513564,16.1201541586502
ENSG00000100075.12,147.36547028684,208.796824443341,157.337299801871,107.881031677121
ENSG00000100077.18,32.8439171313778,49.0462339296438,38.3749511711882,39.6803794674467
ENSG00000100083.22,28.0901922834152,35.0330242354599,30.6999609369505,32.2403083173004
ENSG00000100084.16,15.9898017613287,9.80924678592877,14.0708154294357,8.68008300850396
ENSG00000100097.14,332.32858255302,357.336847201691,429.799453117308,337.283225473297
ENSG00000100099.24,78.2203815892024,68.6647275015014,88.2623876937328,97.9609368102589
ENSG00000100104.15,35.4368579575392,16.8158516330207,16.6291455075149,22.3202134504387
ENSG00000100105.20,14.693331348248,15.4145306636024,11.5124853513564,11.1601067252194
ENSG00000100106.23,65.6878342627556,91.0858630121957,75.4707373033367,74.4007115014625
ENSG00000100109.19,142.611745438877,144.336059850095,98.4957080060496,93.0008893768281
ENSG00000100116.19,45.3764644578246,46.2435919908071,62.6790869129407,45.8804387592352
ENSG00000100124.17,50.1301893057872,43.4409500519703,60.1207568348615,18.6001778753656
ENSG00000100129.19,685.832848519691,647.410287871299,666.444985339635,691.926616963601
ENSG00000100138.16,186.691739483621,176.566442146718,208.503901363456,162.44155344486
ENSG00000100139.16,17.2862721744094,12.6118887247656,12.7916503903961,14.8801423002925
ENSG00000100142.18,41.9192100229427,60.256801684991,40.9332812492674,37.2003557507312
ENSG00000100147.17,197.927816396987,285.869477761353,177.803940426505,173.601660170079
ENSG00000100150.22,22.9043106310924,16.8158516330207,14.0708154294357,19.8401897337233
ENSG00000100151.18,25.4972514572538,18.2171726024391,20.4666406246337,31.0002964589427
ENSG00000100154.16,24.6329378485333,28.0264193883679,38.3749511711882,64.4806166346008
ENSG00000100162.18,48.4015620883462,63.0594436238278,61.3999218739011,64.4806166346008
ENSG00000100196.13,398.016416815776,304.086650363792,535.970151357595,502.204802634872
ENSG00000100201.24,975.377907441048,933.279765632651,984.957080060496,1016.80972385332
ENSG00000100209.13,7.34666567412398,11.2105677553472,21.7458056636733,8.68008300850396
ENSG00000100211.14,37.1654851749801,47.6449129602254,53.7249316396634,57.0405454844546
ENSG00000100216.8,111.06429872058,84.0792581651037,89.5415527327724,96.7209249519012
ENSG00000100219.19,267.505061898985,228.415318015198,346.653725579733,297.60284600585
ENSG00000100220.14,446.850135708482,353.132884293436,405.495317375555,431.524126708482
ENSG00000100221.13,23.3364674354526,23.8224564801127,37.0957861321486,45.8804387592352
ENSG00000100225.20,243.736437659172,208.796824443341,159.895629879951,168.641612736648
ENSG00000100226.18,72.1701863281591,58.8554807155726,55.004096678703,75.6407233598202
ENSG00000100227.21,254.108200963818,245.231169648219,113.845688474525,181.041731320225
ENSG00000100228.16,12.1003905220866,21.0198145412759,17.9083105465545,18.6001778753656
ENSG00000100234.14,10.8039201090059,12.6118887247656,12.7916503903961,8.68008300850396
ENSG00000100239.18,49.2658756970667,46.2435919908071,40.9332812492674,45.8804387592352
ENSG00000100241.24,11.6682337177263,14.013209694184,15.3499804684753,21.080201592081
ENSG00000100242.18,19.0148993918503,30.8290613272047,23.0249707027129,28.5202727422273
ENSG00000100243.24,403.634455272459,416.192327917263,373.516191399565,344.723296623443
ENSG00000100246.15,24.2007810441731,16.8158516330207,58.8415917958219,54.5605217677392
ENSG00000100258.20,141.747431830157,177.967763116136,121.520678708763,169.881624595006
ENSG00000100263.16,21.1756834136515,9.80924678592877,11.5124853513564,21.080201592081
ENSG00000100266.21,128.35057089499,116.309640461727,75.4707373033367,78.1207470765356
ENSG00000100271.19,7.34666567412398,11.2105677553472,16.6291455075149,9.92009486686167
ENSG00000100280.19,198.792130005708,234.020601892872,134.312329099159,145.081387427852
ENSG00000100281.15,50.9945029145076,43.4409500519703,31.9791259759901,42.1604031841621
ENSG00000100284.24,44.0799940447439,56.0528387767358,89.5415527327724,119.04113840234
ENSG00000100288.22,15.1254881526082,8.40792581651037,17.9083105465545,13.6401304419348
ENSG00000100292.19,9.93960650028538,7.00660484709198,21.7458056636733,32.2403083173004
ENSG00000100294.15,23.3364674354526,21.0198145412759,16.6291455075149,28.5202727422273
ENSG00000100296.16,160.762331222007,156.94794857486,153.499804684753,157.481506011429
ENSG00000100297.18,399.745044033217,411.988365009008,254.553842768882,334.803201756581
ENSG00000100299.20,35.8690147618994,42.0396290825519,95.9373779279704,75.6407233598202
ENSG00000100300.20,38.8941123924211,46.2435919908071,88.2623876937328,84.3208063683242
ENSG00000100304.14,47.1050916752655,56.0528387767358,40.9332812492674,40.9203913258044
ENSG00000100316.18,1534.15665547883,1426.54474686793,2436.80939937045,2368.42264946322
ENSG00000100319.15,16.8541153700491,5.60528387767358,30.6999609369505,26.0402490255119
ENSG00000100320.26,93.3458697418106,56.0528387767358,74.1915722642971,86.8008300850396
ENSG00000100321.17,57.9090117842714,74.270011379175,58.8415917958219,43.4004150425198
ENSG00000100324.16,44.5121508491041,42.0396290825519,47.3291064444654,38.440367609089
ENSG00000100325.17,136.129393373474,124.717566278237,99.7748730450892,163.681565303217
ENSG00000100330.18,49.6980325014269,46.2435919908071,31.9791259759901,26.0402490255119
ENSG00000100335.17,205.274482071111,260.645700311822,461.778579093298,405.483877682971
ENSG00000100344.13,31.1152899139369,36.4343452048783,24.3041357417525,19.8401897337233
ENSG00000100345.25,1809.4405398563,1563.87420187093,569.228442372624,686.96656953017
ENSG00000100347.17,118.843121199064,93.8885049510325,116.404018552604,120.281150260698
ENSG00000100348.12,143.908215851958,161.151911483115,156.058134762832,146.32139928621
ENSG00000100350.18,76.9239111761217,67.263406532083,83.1457275375744,104.160996102047
ENSG00000100353.20,428.699549925352,406.383081131335,569.228442372624,632.406047762431
ENSG00000100354.24,36.3011715662597,33.6317032660415,29.4207958979109,24.8002371671542
ENSG00000100359.23,75.627440763041,67.263406532083,79.3082324204556,95.4809130935435
ENSG00000100360.17,15.9898017613287,21.0198145412759,33.2582910150297,22.3202134504387
ENSG00000100364.21,11.6682337177263,8.40792581651037,11.5124853513564,17.3601660170079
ENSG00000100372.17,99.3960650028538,100.895109798124,76.7499023423763,74.4007115014625
ENSG00000100376.14,25.0650946528936,25.2237774495311,19.1874755855941,19.8401897337233
ENSG00000100379.20,20.7435266092912,14.013209694184,10.2333203123168,18.6001778753656
ENSG00000100380.17,449.443076534643,418.9949698561,399.099492180357,448.88429272549
ENSG00000100387.11,73.0344999368796,63.0594436238278,72.9124072252575,59.52056920117
ENSG00000100395.17,105.446260263897,120.513603369982,90.820717771812,88.0408419433973
ENSG00000100401.23,509.080715536356,582.949523278053,387.587006829,486.084648476222
ENSG00000100403.14,25.929408261614,28.0264193883679,31.9791259759901,31.0002964589427
ENSG00000100410.10,38.8941123924211,29.4277403577863,34.5374560540694,53.3205099093814
ENSG00000100412.19,227.314479093483,184.974367963228,173.966445309386,198.401897337233
ENSG00000100413.19,127.054100481909,89.6845420427773,130.47483398204,109.121043535478
ENSG00000100416.17,99.3960650028538,110.704356584053,75.4707373033367,76.8807352181779
ENSG00000100417.14,72.1701863281591,75.6713323485934,103.612368162208,84.3208063683242
ENSG00000100418.10,32.4117603270176,47.6449129602254,43.4916113273466,35.9603438923735
ENSG00000100422.16,25.4972514572538,29.4277403577863,12.7916503903961,16.1201541586502
ENSG00000100425.22,17.2862721744094,18.2171726024391,12.7916503903961,17.3601660170079
ENSG00000100426.10,28.9545058921357,21.0198145412759,20.4666406246337,33.4803201756581
ENSG00000100439.13,160.762331222007,224.211355106943,372.237026360525,326.123118748077
ENSG00000100441.12,45.3764644578246,57.4541597461542,34.5374560540694,49.6004743343083
ENSG00000100442.13,166.38036967869,142.934738880676,162.45395995803,117.801126543982
ENSG00000100445.20,54.4517573493895,77.0726533180118,121.520678708763,102.92098424369
ENSG00000100461.20,238.550556006849,231.217959954035,167.570620114188,189.721814328729
ENSG00000100462.18,387.21249670677,417.593648886682,491.199374991209,560.485359977684
ENSG00000100473.20,85.1348904589661,68.6647275015014,51.1666015615842,62.0005929178854
ENSG00000100479.16,27.2258786746947,19.6184935718575,37.0957861321486,38.440367609089
ENSG00000100483.16,17.2862721744094,14.013209694184,14.0708154294357,14.8801423002925
ENSG00000100485.14,9.93960650028538,16.8158516330207,16.6291455075149,16.1201541586502
ENSG00000100503.29,43.2156804360234,47.6449129602254,19.1874755855941,27.2802608838696
ENSG00000100504.19,343.132502662026,340.52099556867,387.587006829,399.283818391182
ENSG00000100519.14,199.656443614428,145.737380819513,162.45395995803,128.961233269202
ENSG00000100522.12,124.893316460108,124.717566278237,152.220639645713,162.44155344486
ENSG00000100523.19,39.3262691967813,63.0594436238278,56.2832617177426,53.3205099093814
ENSG00000100526.23,111.06429872058,96.6911468898693,66.5165820300595,50.840486192666
ENSG00000100528.14,229.907419919645,159.750590513697,191.874755855941,204.601956629022
ENSG00000100532.15,47.1050916752655,51.8488758684806,44.7707763663862,65.7206284929585
ENSG00000100554.13,195.334875570826,177.967763116136,193.15392089498,171.121636453364
ENSG00000100564.11,41.0548964142222,40.6383081131335,56.2832617177426,55.8005336260969
ENSG00000100567.15,142.179588634517,177.967763116136,161.17479491899,137.641316277706
ENSG00000100568.13,147.7976270912,180.770405054973,175.245610348426,190.961826187087
ENSG00000100575.16,24.6329378485333,11.2105677553472,26.8624658198317,24.8002371671542
ENSG00000100577.21,24.2007810441731,26.6250984189495,16.6291455075149,35.9603438923735
ENSG00000100578.19,45.8086212621848,44.8422710213887,61.3999218739011,53.3205099093814
ENSG00000100580.10,130.943511721151,135.928134033584,124.079008786842,136.401304419348
ENSG00000100591.10,121.003905220866,79.8752952568485,113.845688474525,130.201245127559
ENSG00000100596.10,331.032112139939,378.356661742967,353.049550774931,426.564079275052
ENSG00000100599.18,31.1152899139369,47.6449129602254,34.5374560540694,39.6803794674467
ENSG00000100600.17,283.494863660314,423.198932764355,358.16621093109,352.163367773589
ENSG00000100601.12,50.1301893057872,28.0264193883679,34.5374560540694,32.2403083173004
ENSG00000100603.16,314.61015357425,294.277403577863,231.528872066169,274.042620697054
ENSG00000100612.16,37.5976419793404,42.0396290825519,67.7957470690991,65.7206284929585
ENSG00000100614.20,26.3615650659743,29.4277403577863,26.8624658198317,23.5602253087965
ENSG00000100625.10,9.93960650028538,11.2105677553472,21.7458056636733,28.5202727422273
ENSG00000100629.19,21.1756834136515,19.6184935718575,12.7916503903961,19.8401897337233
ENSG00000100632.13,52.2909733275883,56.0528387767358,56.2832617177426,49.6004743343083
ENSG00000100644.19,969.327712180005,844.996544559292,506.549355459684,559.245348119326
ENSG00000100647.10,16.8541153700491,22.4211355106943,23.0249707027129,23.5602253087965
ENSG00000100650.18,144.340372656318,179.369084085555,191.874755855941,202.121932912306
ENSG00000100664.12,834.926946023972,678.239349198503,890.298867171565,936.20895306007
ENSG00000100697.19,49.2658756970667,40.6383081131335,20.4666406246337,24.8002371671542
ENSG00000100711.16,66.5521478714761,72.8686904097566,62.6790869129407,69.4406640680317
ENSG00000100714.20,624.898739104898,686.647275015014,589.695082997258,654.72626121287
ENSG00000100722.22,371.654851749801,392.369871437151,376.074521477644,367.043510073882
ENSG00000100726.17,55.31607095811,53.250196837899,38.3749511711882,48.3604624759506
ENSG00000100731.17,108.903514698779,194.783614749157,184.199765621703,172.361648311721
ENSG00000100744.17,89.4564585025685,65.8620855626646,67.7957470690991,57.0405454844546
ENSG00000100749.11,124.029002851387,116.309640461727,111.287358396446,121.521162119055
ENSG00000100764.16,366.901126901839,284.468156791934,254.553842768882,240.562300521395
ENSG00000100784.14,34.1403875444585,42.0396290825519,43.4916113273466,29.760284600585
ENSG00000100796.20,32.8439171313778,35.0330242354599,39.6541162102278,13.6401304419348
ENSG00000100802.17,9.50744969592515,12.6118887247656,6.39582519519803,14.8801423002925
ENSG00000100804.21,294.73094057368,273.257589036587,362.003706048208,329.84315432315
ENSG00000100811.16,72.6023431325193,40.6383081131335,56.2832617177426,57.0405454844546
ENSG00000100813.17,178.912917005137,246.632490617638,372.237026360525,296.362834147492
ENSG00000100814.21,38.0297987837006,33.6317032660415,52.4457666006238,50.840486192666
ENSG00000100815.14,31.9796035226573,37.8356661742967,16.6291455075149,37.2003557507312
ENSG00000100823.14,310.288585530648,154.145306636024,250.716347651763,302.562893439281
ENSG00000100836.13,18.1505857831298,32.2303822966231,12.7916503903961,14.8801423002925
ENSG00000100852.15,70.0094023063579,64.4607645932462,51.1666015615842,57.0405454844546
ENSG00000100865.16,52.7231301319486,53.250196837899,44.7707763663862,32.2403083173004
ENSG00000100883.15,283.927020464674,245.231169648219,271.182988276396,302.562893439281
ENSG00000100888.17,61.3662662191532,84.0792581651037,63.9582519519803,49.6004743343083
ENSG00000100889.14,49.2658756970667,36.4343452048783,173.966445309386,205.84196848738
ENSG00000100890.18,32.8439171313778,49.0462339296438,16.6291455075149,49.6004743343083
ENSG00000100897.20,114.089396351102,53.250196837899,20.4666406246337,83.0807945099664
ENSG00000100902.13,207.003109288552,172.362479238463,226.41221191001,142.601363711136
ENSG00000100906.14,18.5827425874901,28.0264193883679,21.7458056636733,24.8002371671542
ENSG00000100908.16,19.4470561962105,16.8158516330207,11.5124853513564,0
ENSG00000100911.18,115.818023568543,103.697751736961,116.404018552604,102.92098424369
ENSG00000100916.16,108.903514698779,100.895109798124,71.6332421862179,104.160996102047
ENSG00000100926.17,144.772529460678,155.546627605442,181.641435543624,231.882217512891
ENSG00000100934.17,1193.61709364297,1098.63564002402,927.394653303714,990.769474827809
ENSG00000100938.21,50.9945029145076,84.0792581651037,150.941474606673,63.2406047762431
ENSG00000100941.11,215.214088571397,201.790219596249,153.499804684753,188.481802470372
ENSG00000100949.17,33.276073935738,23.8224564801127,39.6541162102278,37.2003557507312
ENSG00000100968.15,9.93960650028538,51.8488758684806,57.5624267567823,43.4004150425198
ENSG00000100979.17,162.058801635088,166.757195360789,327.466249994139,322.403083173004
ENSG00000100982.14,400.609357641937,891.2401365501,1114.1527490035,820.887850232803
ENSG00000100983.14,531.120712558728,550.719140981429,579.461762684941,554.285300685896
ENSG00000100991.14,619.712857452576,587.153486186308,515.503510732961,615.045881745423
ENSG00000100994.14,425.674452294831,421.797611794937,521.899335928159,550.565265110822
ENSG00000100997.22,97.2352809810527,189.178330871483,149.662309567634,91.7608775184704
ENSG00000101000.8,56.1803845668304,77.0726533180118,90.820717771812,66.9606403513162
ENSG00000101003.13,98.0995945897731,88.2832210733589,75.4707373033367,54.5605217677392
ENSG00000101004.18,12.1003905220866,16.8158516330207,20.4666406246337,13.6401304419348
ENSG00000101017.17,73.8988135456,91.0858630121957,133.033164060119,137.641316277706
ENSG00000101019.24,250.218789724576,280.264193883679,292.92879394007,262.882513971834
ENSG00000101040.22,171.134094526653,149.941343727768,148.383144528594,162.44155344486
ENSG00000101052.15,111.49645552494,112.105677553472,113.845688474525,109.121043535478
ENSG00000101057.18,127.054100481909,155.546627605442,69.0749121081387,83.0807945099664
ENSG00000101079.23,195.767032375186,169.559837299626,143.266484372436,94.2409012351858
ENSG00000101084.21,164.651742461249,140.13209694184,141.987319333396,146.32139928621
ENSG00000101104.15,13.3968609351673,23.8224564801127,33.2582910150297,33.4803201756581
ENSG00000101109.16,154.279979156604,156.94794857486,153.499804684753,168.641612736648
ENSG00000101126.20,38.8941123924211,57.4541597461542,40.9332812492674,44.6404269008775
ENSG00000101132.13,41.0548964142222,37.8356661742967,42.212446288307,35.9603438923735
ENSG00000101138.14,270.530159529507,269.053626128332,236.645532222327,236.842264946322
ENSG00000101146.15,363.011715662597,390.968550467732,417.007802726911,363.323474498808
ENSG00000101150.20,291.273686138798,235.42192286229,309.557939447585,385.643687949247
ENSG00000101152.14,65.2556774583953,81.2766162262669,71.6332421862179,73.1606996431048
ENSG00000101158.17,496.980325014269,461.034598938652,350.491220696852,364.563486357166
ENSG00000101160.17,16.4219585656889,23.8224564801127,7.67499023423763,6.20005929178854
ENSG00000101161.10,632.677561583383,631.995757207696,515.503510732961,529.485063518741
ENSG00000101166.18,556.617964015981,870.220322008824,1062.98614744191,922.568822618135
ENSG00000101181.20,64.3913638496749,64.4607645932462,44.7707763663862,73.1606996431048
ENSG00000101182.17,545.814043906976,475.047808632836,548.761801747991,571.645466702903
ENSG00000101187.18,73.0344999368796,123.316245308819,182.920600582664,210.80201592081
ENSG00000101189.9,158.169390395846,159.750590513697,154.778969723792,157.481506011429
ENSG00000101191.19,213.485461353956,235.42192286229,157.337299801871,176.081683886795
ENSG00000101193.10,105.446260263897,127.520208217074,76.7499023423763,69.4406640680317
ENSG00000101199.15,156.440763178405,155.546627605442,251.995512690802,243.042324238111
ENSG00000101210.17,40.622739609862,63.0594436238278,72.9124072252575,60.7605810595277
ENSG00000101216.13,18.1505857831298,21.0198145412759,21.7458056636733,23.5602253087965
ENSG00000101220.20,139.154491003995,203.191540565667,191.874755855941,195.921873620518
ENSG00000101224.20,75.627440763041,84.0792581651037,49.8874365225446,44.6404269008775
ENSG00000101236.19,18.5827425874901,19.6184935718575,29.4207958979109,19.8401897337233
ENSG00000101246.22,79.0846951979228,99.4937888287061,108.729028318366,105.401007960405
ENSG00000101247.20,25.4972514572538,12.6118887247656,12.7916503903961,12.4001185835771
ENSG00000101255.15,71.7380295237989,58.8554807155726,924.836323225635,1036.64991358704
ENSG00000101265.18,38.4619555880608,30.8290613272047,7.67499023423763,12.4001185835771
ENSG00000101266.21,249.786632920215,196.184935718575,172.687280270347,192.201838045445
ENSG00000101290.16,576.497177016552,777.73313802721,748.311547838169,735.327032006121
ENSG00000101294.22,611.934034974091,651.614250779554,1445.45649411475,1372.69312720198
ENSG00000101310.19,405.79523929426,440.014784397376,626.790869129407,684.486545813455
ENSG00000101333.21,666.817949127841,665.627460473738,321.070424798941,285.202727422273
ENSG00000101335.12,271.826629942587,280.264193883679,92.0998828108516,84.3208063683242
ENSG00000101337.18,401.041514446297,463.837240877489,638.303354480763,586.525609003196
ENSG00000101343.17,89.4564585025685,96.6911468898693,75.4707373033367,66.9606403513162
ENSG00000101346.17,325.414073683256,332.11306975216,336.420405267416,323.643095031362
ENSG00000101347.13,162.923115243808,105.09907270638,108.729028318366,93.0008893768281
ENSG00000101350.10,75.627440763041,74.270011379175,56.2832617177426,57.0405454844546
ENSG00000101361.19,543.653259885174,526.896684501317,743.194887682011,717.966865989113
ENSG00000101363.15,98.0995945897731,77.0726533180118,89.5415527327724,93.0008893768281
ENSG00000101365.24,156.872919982765,190.579651840902,228.970541988089,202.121932912306
ENSG00000101367.11,867.33870635099,742.70011379175,447.707763663862,502.204802634872
ENSG00000101391.23,233.796831158887,204.592861535086,231.528872066169,217.002075212599
ENSG00000101400.8,6.48235206540351,7.00660484709198,11.5124853513564,12.4001185835771
ENSG00000101407.15,355.665049988473,339.119674599252,318.512094720862,254.20243096333
ENSG00000101412.15,11.6682337177263,30.8290613272047,16.6291455075149,14.8801423002925
ENSG00000101413.14,151.254881526082,141.533417911258,117.683183591644,157.481506011429
ENSG00000101417.14,50.1301893057872,54.6515178073174,33.2582910150297,31.0002964589427
ENSG00000101421.6,4.75372484796257,14.013209694184,1.27916503903961,12.4001185835771
ENSG00000101439.11,113.657239546742,266.250984189495,346.653725579733,282.722703705557
ENSG00000101442.12,51.4266597188679,40.6383081131335,44.7707763663862,34.7203320340158
ENSG00000101444.14,436.046215599476,427.402895672611,423.403627922109,486.084648476222
ENSG00000101447.16,609.34109414793,545.113857103756,290.37046386199,246.762359813184
ENSG00000101452.17,134.400766156033,180.770405054973,253.274677729842,179.801719461868
ENSG00000101457.15,111.928612329301,109.303035614635,149.662309567634,128.961233269202
ENSG00000101464.13,110.63214191622,98.0924678592877,138.149824216277,115.321102827267
ENSG00000101473.19,46.6729348709053,63.0594436238278,83.1457275375744,64.4806166346008
ENSG00000101474.14,334.921523379181,353.132884293436,324.90791991606,357.12341520702
ENSG00000101546.14,37.5976419793404,37.8356661742967,60.1207568348615,31.0002964589427
ENSG00000101557.17,208.299579701633,161.151911483115,171.408115231307,152.521458577998
ENSG00000101558.16,264.047807464103,228.415318015198,198.270581051139,209.562004062453
ENSG00000101574.17,20.7435266092912,21.0198145412759,21.7458056636733,16.1201541586502
ENSG00000101577.13,28.5223490877754,22.4211355106943,24.3041357417525,33.4803201756581
ENSG00000101596.19,7.34666567412398,15.4145306636024,3.83749511711882,7.44007115014625
ENSG00000101608.15,122.732532438306,121.9149243394,107.449863279327,97.9609368102589
ENSG00000101624.13,37.5976419793404,19.6184935718575,26.8624658198317,32.2403083173004
ENSG00000101639.21,19.8792130005708,19.6184935718575,7.67499023423763,7.44007115014625
ENSG00000101654.20,44.0799940447439,74.270011379175,66.5165820300595,55.8005336260969
ENSG00000101751.13,18.5827425874901,33.6317032660415,20.4666406246337,22.3202134504387
ENSG00000101752.15,7.34666567412398,11.2105677553472,14.0708154294357,3.72003557507312
ENSG00000101773.21,156.008606374044,176.566442146718,214.899726558654,177.321695745152
ENSG00000101782.17,130.07919811243,163.954553421952,222.574716792891,186.001778753656
ENSG00000101811.17,172.430564939733,187.777009902065,126.637338864921,114.081090968909
ENSG00000101843.21,928.704972570143,1639.54553421952,1908.51423824709,1505.37439604626
ENSG00000101844.20,24.6329378485333,18.2171726024391,10.2333203123168,14.8801423002925
ENSG00000101849.20,28.9545058921357,23.8224564801127,51.1666015615842,32.2403083173004
ENSG00000101856.12,220.399970223719,197.586256687994,222.574716792891,179.801719461868
ENSG00000101868.15,134.400766156033,110.704356584053,125.358173825881,114.081090968909
ENSG00000101871.19,158.169390395846,177.967763116136,69.0749121081387,57.0405454844546
ENSG00000101882.12,28.0901922834152,26.6250984189495,56.2832617177426,32.2403083173004
ENSG00000101888.14,51.8588165232281,49.0462339296438,52.4457666006238,37.2003557507312
ENSG00000101898.9,76.4917543717614,110.704356584053,185.478930660743,150.041434861283
ENSG00000101901.15,65.2556774583953,77.0726533180118,93.3790478498912,74.4007115014625
ENSG00000101911.15,89.4564585025685,65.8620855626646,56.2832617177426,65.7206284929585
ENSG00000101928.15,95.938810567972,72.8686904097566,108.729028318366,106.641019818763
ENSG00000101935.14,49.2658756970667,40.6383081131335,20.4666406246337,28.5202727422273
ENSG00000101938.17,221.6964406368,117.710961431145,104.891533201248,90.5208656601127
ENSG00000101940.20,38.4619555880608,46.2435919908071,80.5873974594952,95.4809130935435
ENSG00000101945.19,126.189786873188,114.908319492308,56.2832617177426,75.6407233598202
ENSG00000101955.17,20.7435266092912,42.0396290825519,19.1874755855941,24.8002371671542
ENSG00000101966.16,49.6980325014269,49.0462339296438,110.008193357406,109.121043535478
ENSG00000101972.22,232.500360745806,210.198145412759,152.220639645713,179.801719461868
ENSG00000101974.16,30.6831331095766,25.2237774495311,31.9791259759901,31.0002964589427
ENSG00000101997.15,27.2258786746947,23.8224564801127,26.8624658198317,34.7203320340158
ENSG00000102007.13,124.029002851387,127.520208217074,168.849785153228,181.041731320225
ENSG00000102024.21,957.659478462279,826.779371956853,472.011899405614,461.284411309067
ENSG00000102030.18,65.6878342627556,54.6515178073174,80.5873974594952,94.2409012351858
ENSG00000102034.20,42.3513668273029,54.6515178073174,39.6541162102278,42.1604031841621
ENSG00000102038.18,89.4564585025685,100.895109798124,60.1207568348615,68.2006522096739
ENSG00000102043.17,15.1254881526082,14.013209694184,10.2333203123168,7.44007115014625
ENSG00000102054.20,465.432878295972,442.817426336213,341.537065423575,368.283521932239
ENSG00000102057.13,66.5521478714761,105.09907270638,48.608271483505,54.5605217677392
ENSG00000102078.17,16.4219585656889,19.6184935718575,16.6291455075149,11.1601067252194
ENSG00000102081.18,28.9545058921357,25.2237774495311,8.95415527327724,17.3601660170079
ENSG00000102096.11,21.6078402180117,19.6184935718575,21.7458056636733,23.5602253087965
ENSG00000102098.21,37.1654851749801,30.8290613272047,12.7916503903961,19.8401897337233
ENSG00000102100.18,110.63214191622,107.901714645216,121.520678708763,158.721517869787
ENSG00000102103.20,50.5623461101474,58.8554807155726,46.0499414054258,89.280853801755
ENSG00000102119.14,433.021117968955,735.693508944658,842.9697607271,572.885478561261
ENSG00000102125.19,15.5576449569684,7.00660484709198,26.8624658198317,26.0402490255119
ENSG00000102144.17,1151.69788362002,1065.00393675798,1022.05286619264,973.409308810801
ENSG00000102158.24,270.530159529507,273.257589036587,211.062231441535,224.442146362745
ENSG00000102172.18,573.904236190391,493.264981235275,395.261997063238,415.403972549832
ENSG00000102178.14,121.436062025226,102.296430767543,70.3540771471783,112.841079110551
ENSG00000102181.24,34.1403875444585,33.6317032660415,17.9083105465545,22.3202134504387
ENSG00000102189.19,9.50744969592515,11.2105677553472,3.83749511711882,13.6401304419348
ENSG00000102218.8,172.430564939733,152.743985666605,81.8665624985348,94.2409012351858
ENSG00000102221.15,39.7584260011415,47.6449129602254,81.8665624985348,74.4007115014625
ENSG00000102225.19,217.807029397558,271.856268067169,253.274677729842,228.162181937818
ENSG00000102226.12,525.934830906405,561.929708736777,669.003315417714,646.046178204366
ENSG00000102241.14,185.39526907054,177.967763116136,118.962348630683,120.281150260698
ENSG00000102265.14,63.9592070453146,54.6515178073174,89.5415527327724,91.7608775184704
ENSG00000102287.20,12.1003905220866,30.8290613272047,29.4207958979109,12.4001185835771
ENSG00000102309.17,12.1003905220866,23.8224564801127,21.7458056636733,17.3601660170079
ENSG00000102312.26,27.2258786746947,15.4145306636024,38.3749511711882,37.2003557507312
ENSG00000102316.19,335.353680183542,339.119674599252,487.36187987409,520.804980510237
ENSG00000102317.20,172.862721744094,166.757195360789,200.828911129218,166.161589019933
ENSG00000102359.9,12.5325473264468,16.8158516330207,8.95415527327724,14.8801423002925
ENSG00000102362.18,34.1403875444585,33.6317032660415,24.3041357417525,7.44007115014625
ENSG00000102384.16,104.581946655177,110.704356584053,46.0499414054258,32.2403083173004
ENSG00000102390.14,58.7733253929918,44.8422710213887,76.7499023423763,60.7605810595277
ENSG00000102393.16,40.1905828055018,39.2369871437151,63.9582519519803,32.2403083173004
ENSG00000102401.22,121.436062025226,88.2832210733589,139.428989255317,162.44155344486
ENSG00000102409.12,5.18588165232281,4.20396290825519,46.0499414054258,31.0002964589427
ENSG00000102452.20,14.2611745438877,14.013209694184,14.0708154294357,13.6401304419348
ENSG00000102471.17,186.691739483621,183.57304699381,104.891533201248,110.361055393836
ENSG00000102531.18,82.5419496328047,95.2898259204509,84.424892576614,71.9206877847471
ENSG00000102543.16,7.77882247848421,15.4145306636024,43.4916113273466,22.3202134504387
ENSG00000102572.17,7.34666567412398,19.6184935718575,42.212446288307,43.4004150425198
ENSG00000102580.17,33.276073935738,25.2237774495311,44.7707763663862,45.8804387592352
ENSG00000102595.24,34.5725443488187,37.8356661742967,28.1416308588713,39.6803794674467
ENSG00000102606.22,68.280775088917,58.8554807155726,53.7249316396634,65.7206284929585
ENSG00000102699.8,83.4062632415252,71.4673694403382,58.8415917958219,71.9206877847471
ENSG00000102710.23,104.581946655177,105.09907270638,93.3790478498912,71.9206877847471
ENSG00000102738.10,15.9898017613287,18.2171726024391,29.4207958979109,23.5602253087965
ENSG00000102743.18,12.1003905220866,4.20396290825519,11.5124853513564,17.3601660170079
ENSG00000102753.12,106.742730676978,68.6647275015014,55.004096678703,68.2006522096739
ENSG00000102763.20,9.50744969592515,14.013209694184,7.67499023423763,11.1601067252194
ENSG00000102781.16,38.8941123924211,37.8356661742967,20.4666406246337,9.92009486686167
ENSG00000102786.17,34.1403875444585,29.4277403577863,26.8624658198317,24.8002371671542
ENSG00000102804.18,61.7984230235135,63.0594436238278,86.9832226546932,99.2009486686166
ENSG00000102805.17,37.5976419793404,40.6383081131335,30.6999609369505,40.9203913258044
ENSG00000102858.15,77.7882247848421,131.724171125329,140.708154294357,187.241790612014
ENSG00000102870.8,14.2611745438877,15.4145306636024,11.5124853513564,9.92009486686167
ENSG00000102871.18,6.48235206540351,4.20396290825519,15.3499804684753,12.4001185835771
ENSG00000102882.14,37.5976419793404,35.0330242354599,23.0249707027129,27.2802608838696
ENSG00000102893.20,122.300375633946,85.4805791345221,102.333203123168,109.121043535478
ENSG00000102897.12,21.6078402180117,18.2171726024391,14.0708154294357,14.8801423002925
ENSG00000102898.15,99.3960650028538,99.4937888287061,83.1457275375744,84.3208063683242
ENSG00000102900.15,336.650150596622,327.909106843905,280.137143549674,274.042620697054
ENSG00000102901.15,55.31607095811,60.256801684991,67.7957470690991,65.7206284929585
ENSG00000102908.25,60.0697958060725,84.0792581651037,51.1666015615842,86.8008300850396
ENSG00000102910.16,183.234485048739,284.468156791934,437.474443351545,327.363130606435
ENSG00000102921.10,15.5576449569684,16.8158516330207,31.9791259759901,16.1201541586502
ENSG00000102931.9,127.486257286269,106.500393675798,129.195668943,152.521458577998
ENSG00000102934.12,6.05019526104328,1.4013209694184,15.3499804684753,4.96004743343083
ENSG00000102967.14,30.6831331095766,22.4211355106943,37.0957861321486,39.6803794674467
ENSG00000102974.18,86.4313608720468,70.0660484709198,47.3291064444654,43.4004150425198
ENSG00000102977.20,124.893316460108,162.553232452534,283.974638666792,254.20243096333
ENSG00000102978.15,199.656443614428,191.98097281032,200.828911129218,190.961826187087
ENSG00000102984.17,5.61803845668304,16.8158516330207,2.55833007807921,7.44007115014625
ENSG00000103005.15,184.53095546182,191.98097281032,138.149824216277,163.681565303217
ENSG00000103018.20,493.955227383748,515.68611674597,286.532968744872,238.08227680468
ENSG00000103034.17,8.64313608720468,15.4145306636024,5.11666015615842,3.72003557507312
ENSG00000103035.13,133.104295742952,135.928134033584,117.683183591644,127.721221410844
ENSG00000103037.14,14.2611745438877,21.0198145412759,28.1416308588713,22.3202134504387
ENSG00000103042.11,28.5223490877754,43.4409500519703,44.7707763663862,55.8005336260969
ENSG00000103043.17,54.4517573493895,72.8686904097566,57.5624267567823,83.0807945099664
ENSG00000103044.13,13.8290177395275,14.013209694184,10.2333203123168,4.96004743343083
ENSG00000103047.10,46.6729348709053,35.0330242354599,21.7458056636733,17.3601660170079
ENSG00000103051.23,107.607044285698,79.8752952568485,85.7040576156536,65.7206284929585
ENSG00000103061.15,18.1505857831298,21.0198145412759,7.67499023423763,13.6401304419348
ENSG00000103064.17,203.54585485367,355.935526232272,346.653725579733,318.683047597931
ENSG00000103066.15,82.5419496328047,58.8554807155726,40.9332812492674,43.4004150425198
ENSG00000103091.17,19.8792130005708,25.2237774495311,30.6999609369505,35.9603438923735
ENSG00000103111.16,63.5270502409544,67.263406532083,66.5165820300595,80.600770793251
ENSG00000103121.11,208.731736505993,382.560624651222,370.957861321486,209.562004062453
ENSG00000103126.17,6.48235206540351,11.2105677553472,24.3041357417525,21.080201592081
ENSG00000103145.13,28.0901922834152,25.2237774495311,51.1666015615842,29.760284600585
ENSG00000103148.19,23.3364674354526,22.4211355106943,26.8624658198317,42.1604031841621
ENSG00000103152.13,12.5325473264468,11.2105677553472,28.1416308588713,26.0402490255119
ENSG00000103160.14,72.1701863281591,58.8554807155726,57.5624267567823,50.840486192666
ENSG00000103168.19,25.4972514572538,37.8356661742967,38.3749511711882,37.2003557507312
ENSG00000103174.15,20.7435266092912,11.2105677553472,16.6291455075149,22.3202134504387
ENSG00000103187.9,113.225082742381,147.138701788932,107.449863279327,95.4809130935435
ENSG00000103194.18,485.744248100903,491.863660265857,611.440888660931,591.485656436627
ENSG00000103197.22,48.8337188927065,49.0462339296438,31.9791259759901,68.2006522096739
ENSG00000103202.15,132.672138938592,114.908319492308,118.962348630683,111.601067252194
ENSG00000103226.21,32.4117603270176,75.6713323485934,1.27916503903961,33.4803201756581
ENSG00000103245.16,53.1552869363088,44.8422710213887,26.8624658198317,40.9203913258044
ENSG00000103248.21,15.5576449569684,12.6118887247656,20.4666406246337,13.6401304419348
ENSG00000103249.21,47.5372484796257,47.6449129602254,35.816621093109,57.0405454844546
ENSG00000103257.12,165.51605606997,134.526813064166,133.033164060119,169.881624595006
ENSG00000103264.20,16.4219585656889,21.0198145412759,20.4666406246337,19.8401897337233
ENSG00000103266.13,81.245479219724,91.0858630121957,95.9373779279704,95.4809130935435
ENSG00000103274.13,23.3364674354526,15.4145306636024,26.8624658198317,27.2802608838696
ENSG00000103275.24,132.672138938592,128.921529186492,133.033164060119,140.121339994421
ENSG00000103319.14,17.7184289787696,19.6184935718575,29.4207958979109,32.2403083173004
ENSG00000103335.24,177.184289787696,256.441737403566,186.758095699782,217.002075212599
ENSG00000103342.15,128.35057089499,124.717566278237,92.0998828108516,94.2409012351858
ENSG00000103343.15,15.5576449569684,14.013209694184,6.39582519519803,13.6401304419348
ENSG00000103351.15,27.658035479055,15.4145306636024,30.6999609369505,38.440367609089
ENSG00000103353.18,93.3458697418106,102.296430767543,71.6332421862179,79.3607589348933
ENSG00000103356.18,87.2956744807673,77.0726533180118,53.7249316396634,68.2006522096739
ENSG00000103363.18,57.4768549799111,61.6581226544094,104.891533201248,94.2409012351858
ENSG00000103365.18,172.862721744094,107.901714645216,78.0290673814159,101.680972385332
ENSG00000103381.14,53.1552869363088,44.8422710213887,38.3749511711882,35.9603438923735
ENSG00000103415.14,84.2705768502456,75.6713323485934,72.9124072252575,96.7209249519012
ENSG00000103423.16,42.7835236316632,19.6184935718575,227.69137694905,78.1207470765356
ENSG00000103429.13,44.5121508491041,37.8356661742967,21.7458056636733,78.1207470765356
ENSG00000103479.19,111.49645552494,98.0924678592877,92.0998828108516,95.4809130935435
ENSG00000103485.21,22.9043106310924,36.4343452048783,14.0708154294357,21.080201592081
ENSG00000103494.18,22.4721538267322,33.6317032660415,34.5374560540694,44.6404269008775
ENSG00000103502.16,51.4266597188679,51.8488758684806,63.9582519519803,60.7605810595277
ENSG00000103507.16,213.053304549595,183.57304699381,176.524775387466,214.522051495884
ENSG00000103510.21,12.1003905220866,12.6118887247656,12.7916503903961,8.68008300850396
ENSG00000103512.18,52.2909733275883,26.6250984189495,95.9373779279704,147.561411144567
ENSG00000103540.19,55.31607095811,40.6383081131335,20.4666406246337,32.2403083173004
ENSG00000103544.19,134.400766156033,117.710961431145,144.545649411475,121.521162119055
ENSG00000103549.24,202.68154124495,232.619280923454,191.874755855941,202.121932912306
ENSG00000103550.16,59.6376390017123,46.2435919908071,39.6541162102278,28.5202727422273
ENSG00000103591.15,236.821928789408,239.625885770546,177.803940426505,173.601660170079
ENSG00000103642.13,53.587443740669,46.2435919908071,34.5374560540694,31.0002964589427
ENSG00000103653.19,15.9898017613287,19.6184935718575,19.1874755855941,17.3601660170079
ENSG00000103657.15,35.4368579575392,61.6581226544094,85.7040576156536,62.0005929178854
ENSG00000103671.12,76.4917543717614,72.8686904097566,71.6332421862179,75.6407233598202
ENSG00000103707.12,21.1756834136515,12.6118887247656,14.0708154294357,19.8401897337233
ENSG00000103769.12,105.014103459537,117.710961431145,139.428989255317,137.641316277706
ENSG00000103811.20,20.311369804931,23.8224564801127,28.1416308588713,42.1604031841621
ENSG00000103852.15,41.0548964142222,26.6250984189495,24.3041357417525,26.0402490255119
ENSG00000103855.20,92.9137129374503,93.8885049510325,51.1666015615842,47.1204506175929
ENSG00000103876.16,32.8439171313778,33.6317032660415,53.7249316396634,59.52056920117
ENSG00000103932.14,125.757630068828,168.158516330207,159.895629879951,145.081387427852
ENSG00000103942.15,17.7184289787696,14.013209694184,11.5124853513564,7.44007115014625
ENSG00000103966.13,160.330174417647,112.105677553472,60.1207568348615,80.600770793251
ENSG00000103978.19,139.586647808356,152.743985666605,102.333203123168,112.841079110551
ENSG00000103994.19,951.177126396875,1293.41925477318,1245.90674802458,987.049439252736
ENSG00000103995.15,55.7482277624702,64.4607645932462,35.816621093109,39.6803794674467
ENSG00000104047.17,43.6478372403836,51.8488758684806,60.1207568348615,48.3604624759506
ENSG00000104064.20,89.0243016982082,78.4739742874302,55.004096678703,65.7206284929585
ENSG00000104067.19,1169.41631259879,1751.65121177299,1833.04350094375,1500.41434861283
ENSG00000104093.16,20.311369804931,37.8356661742967,12.7916503903961,33.4803201756581
ENSG00000104131.15,248.922319311495,249.435132556474,161.17479491899,164.921577161575
ENSG00000104133.18,27.658035479055,25.2237774495311,30.6999609369505,27.2802608838696
ENSG00000104142.13,69.1450886976374,75.6713323485934,49.8874365225446,69.4406640680317
ENSG00000104147.11,32.8439171313778,42.0396290825519,25.5833007807921,24.8002371671542
ENSG00000104164.13,198.792130005708,238.224564801127,221.295551753852,215.762063354241
ENSG00000104177.21,34.5725443488187,25.2237774495311,17.9083105465545,32.2403083173004
ENSG00000104205.18,14.2611745438877,11.2105677553472,21.7458056636733,23.5602253087965
ENSG00000104213.15,15.1254881526082,14.013209694184,38.3749511711882,45.8804387592352
ENSG00000104218.18,35.4368579575392,22.4211355106943,26.8624658198317,32.2403083173004
ENSG00000104219.15,12.1003905220866,15.4145306636024,2.55833007807921,7.44007115014625
ENSG00000104221.15,22.0399970223719,37.8356661742967,35.816621093109,34.7203320340158
ENSG00000104228.15,16.8541153700491,29.4277403577863,30.6999609369505,27.2802608838696
ENSG00000104231.13,72.1701863281591,63.0594436238278,80.5873974594952,84.3208063683242
ENSG00000104290.13,5.18588165232281,7.00660484709198,14.0708154294357,11.1601067252194
ENSG00000104299.17,76.4917543717614,100.895109798124,112.566523435485,117.801126543982
ENSG00000104312.10,40.622739609862,39.2369871437151,42.212446288307,42.1604031841621
ENSG00000104320.17,209.163893310353,169.559837299626,175.245610348426,166.161589019933
ENSG00000104324.18,15.5576449569684,11.2105677553472,8.95415527327724,14.8801423002925
ENSG00000104325.9,36.3011715662597,51.8488758684806,35.816621093109,39.6803794674467
ENSG00000104331.11,26.7937218703345,33.6317032660415,12.7916503903961,22.3202134504387
ENSG00000104332.14,79.0846951979228,124.717566278237,205.945571285377,166.161589019933
ENSG00000104341.19,645.64226571419,587.153486186308,418.286967765951,522.044992368595
ENSG00000104343.23,75.627440763041,68.6647275015014,49.8874365225446,74.4007115014625
ENSG00000104356.13,83.8384200458854,68.6647275015014,58.8415917958219,57.0405454844546
ENSG00000104361.12,13.3968609351673,22.4211355106943,14.0708154294357,14.8801423002925
ENSG00000104365.18,31.5474467182971,37.8356661742967,56.2832617177426,43.4004150425198
ENSG00000104368.21,302.509763052164,280.264193883679,400.378657219397,435.244162283556
ENSG00000104375.19,133.536452547312,106.500393675798,86.9832226546932,97.9609368102589
ENSG00000104381.16,99.8282218072141,84.0792581651037,74.1915722642971,79.3607589348933
ENSG00000104388.17,308.559958313207,238.224564801127,281.416308588713,295.122822289135
ENSG00000104408.13,315.474467182971,235.42192286229,268.624658198317,256.682454680046
ENSG00000104412.10,31.1152899139369,32.2303822966231,37.0957861321486,57.0405454844546
ENSG00000104413.20,5.18588165232281,8.40792581651037,5.11666015615842,14.8801423002925
ENSG00000104419.18,2.5929408261614,5.60528387767358,12.7916503903961,17.3601660170079
ENSG00000104427.15,16.8541153700491,15.4145306636024,19.1874755855941,19.8401897337233
ENSG00000104442.12,162.923115243808,151.342664697187,135.591494138198,151.28144671964
ENSG00000104472.12,102.421162633375,70.0660484709198,60.1207568348615,68.2006522096739
ENSG00000104497.17,24.2007810441731,25.2237774495311,6.39582519519803,16.1201541586502
ENSG00000104517.15,44.9443076534643,51.8488758684806,47.3291064444654,42.1604031841621
ENSG00000104518.12,19.4470561962105,9.80924678592877,6.39582519519803,21.080201592081
ENSG00000104522.18,77.3560679804819,8.40792581651037,103.612368162208,107.881031677121
ENSG00000104524.16,22.9043106310924,5.60528387767358,63.9582519519803,13.6401304419348
ENSG00000104529.21,100.692535415935,21.0198145412759,172.687280270347,174.841672028437
ENSG00000104549.14,1016.43280385527,853.404470375803,529.574326162397,518.324956793522
ENSG00000104611.14,182.802328244379,204.592861535086,131.753999021079,164.921577161575
ENSG00000104613.14,137.425863786554,126.118887247656,165.012290036109,181.041731320225
ENSG00000104626.17,68.280775088917,43.4409500519703,80.5873974594952,80.600770793251
ENSG00000104635.17,480.12620964422,477.850450571673,901.811352522922,948.609071643647
ENSG00000104643.12,46.240778066545,57.4541597461542,69.0749121081387,59.52056920117
ENSG00000104660.20,121.003905220866,112.105677553472,84.424892576614,64.4806166346008
ENSG00000104671.10,37.5976419793404,21.0198145412759,20.4666406246337,24.8002371671542
ENSG00000104679.12,71.3058727194386,75.6713323485934,69.0749121081387,80.600770793251
ENSG00000104689.12,6.48235206540351,15.4145306636024,14.0708154294357,9.92009486686167
ENSG00000104691.18,20.311369804931,32.2303822966231,15.3499804684753,14.8801423002925
ENSG00000104695.15,16.4219585656889,11.2105677553472,19.1874755855941,12.4001185835771
ENSG00000104714.16,48.8337188927065,37.8356661742967,33.2582910150297,38.440367609089
ENSG00000104723.23,156.440763178405,133.125492094748,93.3790478498912,94.2409012351858
ENSG00000104728.18,12.1003905220866,42.0396290825519,34.5374560540694,27.2802608838696
ENSG00000104731.16,43.2156804360234,39.2369871437151,25.5833007807921,52.0804980510237
ENSG00000104738.21,660.335597062438,577.344239400379,374.795356438604,491.044695909652
ENSG00000104756.18,63.5270502409544,65.8620855626646,42.212446288307,34.7203320340158
ENSG00000104763.22,66.9843046758363,82.6779371956853,75.4707373033367,91.7608775184704
ENSG00000104765.18,474.508171187537,484.857055418765,427.241123039228,450.124304583848
ENSG00000104774.16,53.1552869363088,65.8620855626646,51.1666015615842,48.3604624759506
ENSG00000104805.19,65.6878342627556,77.0726533180118,80.5873974594952,94.2409012351858
ENSG00000104812.17,113.657239546742,144.336059850095,115.124853513565,112.841079110551
ENSG00000104823.11,44.0799940447439,51.8488758684806,69.0749121081387,65.7206284929585
ENSG00000104824.20,905.800661939051,800.154273537904,1023.33203123168,828.327921382949
ENSG00000104833.13,178.048603396416,255.040416434148,158.616464840911,155.001482294714
ENSG00000104835.17,15.9898017613287,4.20396290825519,17.9083105465545,11.1601067252194
ENSG00000104852.17,110.19998511186,75.6713323485934,46.0499414054258,62.0005929178854
ENSG00000104853.18,183.234485048739,211.599466382178,162.45395995803,186.001778753656
ENSG00000104859.17,12.964704130807,11.2105677553472,20.4666406246337,17.3601660170079
ENSG00000104870.15,29.8188195008562,19.6184935718575,58.8415917958219,54.5605217677392
ENSG00000104872.14,52.7231301319486,44.8422710213887,60.1207568348615,65.7206284929585
ENSG00000104880.20,36.3011715662597,32.2303822966231,26.8624658198317,28.5202727422273
ENSG00000104884.19,76.0595975674012,72.8686904097566,30.6999609369505,49.6004743343083
ENSG00000104885.21,39.7584260011415,49.0462339296438,42.212446288307,34.7203320340158
ENSG00000104886.14,45.8086212621848,39.2369871437151,51.1666015615842,48.3604624759506
ENSG00000104889.9,65.2556774583953,71.4673694403382,101.054038084129,76.8807352181779
ENSG00000104904.13,293.002313356239,239.625885770546,425.961958000189,367.043510073882
ENSG00000104907.15,52.7231301319486,57.4541597461542,67.7957470690991,71.9206877847471
ENSG00000104915.17,12.5325473264468,21.0198145412759,14.0708154294357,9.92009486686167
ENSG00000104946.16,33.7082307400983,40.6383081131335,44.7707763663862,57.0405454844546
ENSG00000104957.16,12.1003905220866,15.4145306636024,28.1416308588713,26.0402490255119
ENSG00000104960.15,17.2862721744094,21.0198145412759,29.4207958979109,19.8401897337233
ENSG00000104964.17,27.2258786746947,26.6250984189495,21.7458056636733,24.8002371671542
ENSG00000104969.13,219.535656614999,175.165121177299,156.058134762832,155.001482294714
ENSG00000104973.21,10.3717633046456,1.4013209694184,5.11666015615842,12.4001185835771
ENSG00000104976.15,14.693331348248,12.6118887247656,23.0249707027129,9.92009486686167
ENSG00000104979.11,23.3364674354526,25.2237774495311,39.6541162102278,34.7203320340158
ENSG00000104980.10,54.0196005450293,37.8356661742967,52.4457666006238,60.7605810595277
ENSG00000104998.6,13.3968609351673,19.6184935718575,7.67499023423763,7.44007115014625
ENSG00000105011.11,229.907419919645,225.612676076362,161.17479491899,152.521458577998
ENSG00000105048.20,54.0196005450293,53.250196837899,52.4457666006238,39.6803794674467
ENSG00000105053.13,47.969405283986,37.8356661742967,49.8874365225446,49.6004743343083
ENSG00000105058.14,134.832922960393,96.6911468898693,97.21654296701,86.8008300850396
ENSG00000105063.21,17.2862721744094,14.013209694184,19.1874755855941,16.1201541586502
ENSG00000105127.12,41.4870532185825,33.6317032660415,39.6541162102278,44.6404269008775
ENSG00000105135.18,86.4313608720468,89.6845420427773,115.124853513565,136.401304419348
ENSG00000105136.24,6.91450886976375,5.60528387767358,7.67499023423763,18.6001778753656
ENSG00000105171.12,48.8337188927065,57.4541597461542,75.4707373033367,52.0804980510237
ENSG00000105176.20,15.5576449569684,16.8158516330207,14.0708154294357,18.6001778753656
ENSG00000105185.14,31.5474467182971,28.0264193883679,42.212446288307,29.760284600585
ENSG00000105186.18,101.556849024655,82.6779371956853,84.424892576614,100.440960526974
ENSG00000105193.11,78.2203815892024,82.6779371956853,153.499804684753,124.001185835771
ENSG00000105197.13,76.4917543717614,67.263406532083,95.9373779279704,83.0807945099664
ENSG00000105202.11,91.1850857200094,119.112282400564,161.17479491899,96.7209249519012
ENSG00000105220.18,821.530085088805,1471.38701788932,1920.02672359845,1652.93580719083
ENSG00000105221.20,45.3764644578246,46.2435919908071,40.9332812492674,40.9203913258044
ENSG00000105223.23,145.204686265039,127.520208217074,182.920600582664,188.481802470372
ENSG00000105229.9,32.8439171313778,61.6581226544094,55.004096678703,28.5202727422273
ENSG00000105245.11,17.2862721744094,14.013209694184,24.3041357417525,14.8801423002925
ENSG00000105248.18,13.3968609351673,5.60528387767358,17.9083105465545,9.92009486686167
ENSG00000105254.14,67.8486182845567,64.4607645932462,43.4916113273466,79.3607589348933
ENSG00000105255.13,49.6980325014269,37.8356661742967,38.3749511711882,52.0804980510237
ENSG00000105258.10,11.2360769133661,9.80924678592877,37.0957861321486,32.2403083173004
ENSG00000105270.17,101.124692220295,141.533417911258,148.383144528594,115.321102827267
ENSG00000105281.15,293.002313356239,274.658910006005,370.957861321486,429.044102991767
ENSG00000105290.16,19.4470561962105,21.0198145412759,11.5124853513564,19.8401897337233
ENSG00000105323.20,120.139591612145,147.138701788932,150.941474606673,130.201245127559
ENSG00000105325.17,55.31607095811,54.6515178073174,34.5374560540694,22.3202134504387
ENSG00000105339.13,53.1552869363088,67.263406532083,24.3041357417525,31.0002964589427
ENSG00000105341.20,121.436062025226,92.4871839816141,106.170698240287,78.1207470765356
ENSG00000105355.11,388.50896711985,301.284008424955,245.599687495604,259.162478396761
ENSG00000105364.16,24.6329378485333,12.6118887247656,33.2582910150297,39.6803794674467
ENSG00000105372.10,225.585851876042,183.57304699381,456.661918937139,360.843450782093
ENSG00000105373.21,18.5827425874901,33.6317032660415,21.7458056636733,39.6803794674467
ENSG00000105379.12,29.3866626964959,28.0264193883679,43.4916113273466,37.2003557507312
ENSG00000105393.18,114.521553155462,130.322850155911,134.312329099159,152.521458577998
ENSG00000105397.18,54.8839141537497,43.4409500519703,39.6541162102278,58.2805573428123
ENSG00000105401.12,181.938014635659,200.388898626831,272.462153315436,266.602549546907
ENSG00000105402.9,170.269780917932,158.349269544279,181.641435543624,169.881624595006
ENSG00000105404.13,39.3262691967813,25.2237774495311,80.5873974594952,83.0807945099664
ENSG00000105419.20,11.6682337177263,16.8158516330207,5.11666015615842,11.1601067252194
ENSG00000105426.22,15.9898017613287,36.4343452048783,25.5833007807921,28.5202727422273
ENSG00000105438.11,125.757630068828,114.908319492308,251.995512690802,174.841672028437
ENSG00000105443.18,26.3615650659743,28.0264193883679,30.6999609369505,43.4004150425198
ENSG00000105447.15,169.405467309212,186.375688932647,135.591494138198,156.241494153071
ENSG00000105483.20,19.8792130005708,12.6118887247656,19.1874755855941,6.20005929178854
ENSG00000105486.17,130.943511721151,98.0924678592877,71.6332421862179,109.121043535478
ENSG00000105518.16,10.8039201090059,11.2105677553472,23.0249707027129,26.0402490255119
ENSG00000105520.13,54.0196005450293,44.8422710213887,55.004096678703,37.2003557507312
ENSG00000105552.17,34.5725443488187,29.4277403577863,34.5374560540694,19.8401897337233
ENSG00000105556.14,50.1301893057872,63.0594436238278,61.3999218739011,55.8005336260969
ENSG00000105568.21,490.930129753226,465.238561846907,373.516191399565,357.12341520702
ENSG00000105576.18,16.4219585656889,9.80924678592877,8.95415527327724,22.3202134504387
ENSG00000105583.13,54.8839141537497,36.4343452048783,92.0998828108516,71.9206877847471
ENSG00000105607.16,24.6329378485333,25.2237774495311,19.1874755855941,16.1201541586502
ENSG00000105612.12,38.0297987837006,36.4343452048783,40.9332812492674,34.7203320340158
ENSG00000105618.16,185.39526907054,170.961158269044,162.45395995803,166.161589019933
ENSG00000105640.15,183.666641853099,148.54002275835,291.64962890103,212.042027779168
ENSG00000105655.21,28.0901922834152,30.8290613272047,29.4207958979109,40.9203913258044
ENSG00000105656.15,27.658035479055,25.2237774495311,14.0708154294357,28.5202727422273
ENSG00000105662.18,9.07529289156492,15.4145306636024,24.3041357417525,16.1201541586502
ENSG00000105669.16,121.436062025226,105.09907270638,154.778969723792,169.881624595006
ENSG00000105671.14,46.240778066545,46.2435919908071,51.1666015615842,49.6004743343083
ENSG00000105676.16,81.6776360240842,68.6647275015014,94.6582128889308,99.2009486686166
ENSG00000105677.14,36.7333283706199,28.0264193883679,60.1207568348615,54.5605217677392
ENSG00000105698.18,6.91450886976375,12.6118887247656,10.2333203123168,14.8801423002925
ENSG00000105699.19,58.3411685886316,163.954553421952,330.024580072218,241.802312379753
ENSG00000105700.13,62.6627366322339,58.8554807155726,62.6790869129407,81.8407826516087
ENSG00000105701.18,57.4768549799111,44.8422710213887,67.7957470690991,47.1204506175929
ENSG00000105705.18,42.3513668273029,28.0264193883679,44.7707763663862,43.4004150425198
ENSG00000105708.10,14.693331348248,9.80924678592877,14.0708154294357,11.1601067252194
ENSG00000105722.13,19.8792130005708,21.0198145412759,17.9083105465545,14.8801423002925
ENSG00000105726.19,67.4164614801965,61.6581226544094,63.9582519519803,47.1204506175929
ENSG00000105732.15,55.31607095811,50.4475548990622,52.4457666006238,74.4007115014625
ENSG00000105738.13,9.93960650028538,23.8224564801127,16.6291455075149,17.3601660170079
ENSG00000105750.17,7.34666567412398,14.013209694184,16.6291455075149,7.44007115014625
ENSG00000105755.10,8.21097928284445,5.60528387767358,19.1874755855941,22.3202134504387
ENSG00000105771.16,47.5372484796257,33.6317032660415,30.6999609369505,40.9203913258044
ENSG00000105778.22,263.183493855383,379.757982712385,553.878461904149,482.364612901148
ENSG00000105793.18,36.3011715662597,25.2237774495311,30.6999609369505,34.7203320340158
ENSG00000105808.21,17.7184289787696,15.4145306636024,10.2333203123168,11.1601067252194
ENSG00000105810.12,866.90654954663,1258.38623053772,487.36187987409,481.124601042791
ENSG00000105819.17,128.78272769935,109.303035614635,173.966445309386,145.081387427852
ENSG00000105821.17,117.546650785984,114.908319492308,104.891533201248,97.9609368102589
ENSG00000105825.16,13.3968609351673,9.80924678592877,24.3041357417525,12.4001185835771
ENSG00000105829.14,61.3662662191532,47.6449129602254,86.9832226546932,104.160996102047
ENSG00000105835.15,170.269780917932,135.928134033584,221.295551753852,217.002075212599
ENSG00000105849.8,76.0595975674012,70.0660484709198,39.6541162102278,57.0405454844546
ENSG00000105854.15,125.757630068828,151.342664697187,66.5165820300595,75.6407233598202
ENSG00000105855.12,32.8439171313778,50.4475548990622,6.39582519519803,4.96004743343083
ENSG00000105856.16,76.0595975674012,170.961158269044,23.0249707027129,44.6404269008775
ENSG00000105865.13,11.2360769133661,1.4013209694184,12.7916503903961,35.9603438923735
ENSG00000105875.17,35.004701153179,40.6383081131335,37.0957861321486,40.9203913258044
ENSG00000105879.14,261.454866637942,397.975155314824,414.449472648832,317.443035739573
ENSG00000105887.13,80.8133224153638,152.743985666605,81.8665624985348,52.0804980510237
ENSG00000105928.18,53.1552869363088,63.0594436238278,138.149824216277,122.761173977413
ENSG00000105939.16,85.5670472633263,106.500393675798,63.9582519519803,74.4007115014625
ENSG00000105948.15,60.0697958060725,42.0396290825519,48.608271483505,54.5605217677392
ENSG00000105953.18,76.4917543717614,81.2766162262669,55.004096678703,74.4007115014625
ENSG00000105968.21,89.0243016982082,91.0858630121957,86.9832226546932,68.2006522096739
ENSG00000105971.17,230.771733528365,220.007392198688,98.4957080060496,96.7209249519012
ENSG00000105974.15,2040.64443018903,1940.82954264448,854.482246078457,849.40812297503
ENSG00000105976.18,367.765440510559,343.323637507507,281.416308588713,271.562596980338
ENSG00000105983.25,286.087804486475,301.284008424955,314.674599603743,306.282929014354
ENSG00000105993.17,421.352884251228,404.981760161916,409.332812492674,416.64398440819
ENSG00000106009.18,44.5121508491041,53.250196837899,46.0499414054258,31.0002964589427
ENSG00000106028.13,140.883118221436,99.4937888287061,214.899726558654,148.801423002925
ENSG00000106034.20,18.1505857831298,16.8158516330207,7.67499023423763,6.20005929178854
ENSG00000106049.11,60.934109414793,65.8620855626646,49.8874365225446,47.1204506175929
ENSG00000106052.16,214.781931767036,215.803429290433,203.387241207297,213.282039637526
ENSG00000106077.21,20.311369804931,18.2171726024391,24.3041357417525,28.5202727422273
ENSG00000106080.12,22.4721538267322,26.6250984189495,47.3291064444654,39.6803794674467
ENSG00000106089.14,5.61803845668304,8.40792581651037,26.8624658198317,23.5602253087965
ENSG00000106105.17,251.947416942016,249.435132556474,653.653334949238,688.206581388528
ENSG00000106144.22,115.385866764182,156.94794857486,126.637338864921,133.921280702632
ENSG00000106153.16,144.772529460678,141.533417911258,237.924697261367,203.361944770664
ENSG00000106211.12,216.510558984477,276.060230975424,241.762192378485,187.241790612014
ENSG00000106244.15,64.3913638496749,37.8356661742967,49.8874365225446,38.440367609089
ENSG00000106245.13,76.9239111761217,57.4541597461542,106.170698240287,90.5208656601127
ENSG00000106246.20,48.8337188927065,60.256801684991,42.212446288307,52.0804980510237
ENSG00000106258.18,10.3717633046456,19.6184935718575,1.27916503903961,0
ENSG00000106261.19,32.4117603270176,39.2369871437151,26.8624658198317,31.0002964589427
ENSG00000106263.21,40.622739609862,54.6515178073174,42.212446288307,45.8804387592352
ENSG00000106266.13,35.004701153179,23.8224564801127,47.3291064444654,55.8005336260969
ENSG00000106268.18,12.5325473264468,15.4145306636024,19.1874755855941,9.92009486686167
ENSG00000106290.18,111.928612329301,127.520208217074,127.916503903961,117.801126543982
ENSG00000106299.10,168.108996896131,175.165121177299,220.016386714812,176.081683886795
ENSG00000106305.12,51.4266597188679,60.256801684991,61.3999218739011,55.8005336260969
ENSG00000106344.10,120.571748416505,124.717566278237,110.008193357406,114.081090968909
ENSG00000106348.21,112.360769133661,141.533417911258,125.358173825881,130.201245127559
ENSG00000106355.12,33.7082307400983,19.6184935718575,38.3749511711882,33.4803201756581
ENSG00000106366.11,778.746561457142,781.937100935465,1212.64845700955,1278.4522259668
ENSG00000106367.17,15.5576449569684,5.60528387767358,12.7916503903961,6.20005929178854
ENSG00000106392.13,41.4870532185825,46.2435919908071,69.0749121081387,69.4406640680317
ENSG00000106397.14,94.210183350531,119.112282400564,135.591494138198,115.321102827267
ENSG00000106399.13,48.4015620883462,26.6250984189495,55.004096678703,31.0002964589427
ENSG00000106400.14,47.969405283986,36.4343452048783,46.0499414054258,40.9203913258044
ENSG00000106459.17,36.7333283706199,46.2435919908071,24.3041357417525,34.7203320340158
ENSG00000106460.22,23.3364674354526,29.4277403577863,37.0957861321486,39.6803794674467
ENSG00000106462.14,144.340372656318,140.13209694184,92.0998828108516,105.401007960405
ENSG00000106477.22,49.2658756970667,32.2303822966231,44.7707763663862,48.3604624759506
ENSG00000106484.17,717.380295237989,608.173300727584,86.9832226546932,91.7608775184704
ENSG00000106524.11,51.8588165232281,42.0396290825519,48.608271483505,64.4806166346008
ENSG00000106537.10,36.7333283706199,29.4277403577863,31.9791259759901,43.4004150425198
ENSG00000106546.16,46.6729348709053,36.4343452048783,19.1874755855941,19.8401897337233
ENSG00000106554.15,262.751337051022,242.428527709382,237.924697261367,265.36253768855
ENSG00000106588.14,151.254881526082,116.309640461727,97.21654296701,116.561114685625
ENSG00000106591.6,24.2007810441731,28.0264193883679,52.4457666006238,27.2802608838696
ENSG00000106603.22,35.004701153179,23.8224564801127,46.0499414054258,42.1604031841621
ENSG00000106605.13,18.5827425874901,8.40792581651037,20.4666406246337,18.6001778753656
ENSG00000106608.19,38.4619555880608,56.0528387767358,34.5374560540694,31.0002964589427
ENSG00000106609.18,31.9796035226573,25.2237774495311,11.5124853513564,12.4001185835771
ENSG00000106615.12,160.762331222007,140.13209694184,188.037260738822,159.961529728144
ENSG00000106617.18,40.622739609862,40.6383081131335,21.7458056636733,40.9203913258044
ENSG00000106628.15,179.345073809497,205.994182504504,263.507998042159,243.042324238111
ENSG00000106635.10,94.210183350531,71.4673694403382,86.9832226546932,71.9206877847471
ENSG00000106636.11,243.736437659172,228.415318015198,181.641435543624,192.201838045445
ENSG00000106638.20,94.6423401548913,71.4673694403382,103.612368162208,122.761173977413
ENSG00000106682.17,971.056339397446,878.628247825334,665.165820300595,813.447779082657
ENSG00000106683.17,16.4219585656889,28.0264193883679,20.4666406246337,28.5202727422273
ENSG00000106692.17,53.1552869363088,51.8488758684806,83.1457275375744,70.6806759263894
ENSG00000106701.15,10.8039201090059,8.40792581651037,7.67499023423763,12.4001185835771
ENSG00000106723.19,400.177200837577,480.65309251051,411.891142570753,403.003853966255
ENSG00000106733.23,6.48235206540351,4.20396290825519,16.6291455075149,7.44007115014625
ENSG00000106771.15,97.6674377854129,107.901714645216,75.4707373033367,84.3208063683242
ENSG00000106772.21,32.8439171313778,57.4541597461542,14.0708154294357,8.68008300850396
ENSG00000106780.11,6.91450886976375,18.2171726024391,3.83749511711882,1.24001185835771
ENSG00000106785.17,63.9592070453146,51.8488758684806,40.9332812492674,55.8005336260969
ENSG00000106789.15,12.1003905220866,21.0198145412759,10.2333203123168,14.8801423002925
ENSG00000106799.17,18.5827425874901,29.4277403577863,12.7916503903961,13.6401304419348
ENSG00000106803.12,38.8941123924211,40.6383081131335,67.7957470690991,43.4004150425198
ENSG00000106829.23,53.1552869363088,50.4475548990622,33.2582910150297,37.2003557507312
ENSG00000106853.22,52.2909733275883,63.0594436238278,47.3291064444654,60.7605810595277
ENSG00000106868.19,24.2007810441731,23.8224564801127,17.9083105465545,19.8401897337233
ENSG00000106948.19,9.07529289156492,7.00660484709198,17.9083105465545,8.68008300850396
ENSG00000106976.24,14.2611745438877,19.6184935718575,15.3499804684753,12.4001185835771
ENSG00000106991.17,63.5270502409544,126.118887247656,40.9332812492674,50.840486192666
ENSG00000106992.21,56.6125413711907,67.263406532083,69.0749121081387,52.0804980510237
ENSG00000106993.14,39.3262691967813,26.6250984189495,38.3749511711882,22.3202134504387
ENSG00000107020.12,7.34666567412398,14.013209694184,7.67499023423763,11.1601067252194
ENSG00000107021.19,98.9639081984936,109.303035614635,80.5873974594952,73.1606996431048
ENSG00000107036.14,129.21488450371,131.724171125329,40.9332812492674,48.3604624759506
ENSG00000107077.23,34.1403875444585,42.0396290825519,38.3749511711882,37.2003557507312
ENSG00000107104.23,19.0148993918503,23.8224564801127,31.9791259759901,18.6001778753656
ENSG00000107164.19,165.51605606997,145.737380819513,120.241513669723,150.041434861283
ENSG00000107175.14,174.159192157174,161.151911483115,248.158017573683,260.402490255119
ENSG00000107185.12,37.5976419793404,26.6250984189495,43.4916113273466,31.0002964589427
ENSG00000107186.19,50.5623461101474,43.4409500519703,34.5374560540694,49.6004743343083
ENSG00000107201.14,16.8541153700491,26.6250984189495,2.55833007807921,0
ENSG00000107223.15,64.3913638496749,53.250196837899,75.4707373033367,95.4809130935435
ENSG00000107249.25,18.5827425874901,21.0198145412759,10.2333203123168,4.96004743343083
ENSG00000107262.27,44.0799940447439,43.4409500519703,40.9332812492674,38.440367609089
ENSG00000107263.21,14.693331348248,19.6184935718575,8.95415527327724,13.6401304419348
ENSG00000107290.16,66.1199910671158,71.4673694403382,65.2374169910199,64.4806166346008
ENSG00000107331.20,7.34666567412398,21.0198145412759,14.0708154294357,14.8801423002925
ENSG00000107341.7,42.3513668273029,46.2435919908071,34.5374560540694,42.1604031841621
ENSG00000107362.16,29.3866626964959,14.013209694184,12.7916503903961,21.080201592081
ENSG00000107371.16,63.0948934365942,77.0726533180118,51.1666015615842,53.3205099093814
ENSG00000107372.15,110.19998511186,131.724171125329,126.637338864921,101.680972385332
ENSG00000107438.11,105.014103459537,70.0660484709198,69.0749121081387,88.0408419433973
ENSG00000107443.18,13.8290177395275,8.40792581651037,16.6291455075149,22.3202134504387
ENSG00000107521.23,62.2305798278737,84.0792581651037,101.054038084129,106.641019818763
ENSG00000107537.16,14.693331348248,9.80924678592877,14.0708154294357,11.1601067252194
ENSG00000107551.23,12.5325473264468,8.40792581651037,34.5374560540694,16.1201541586502
ENSG00000107554.19,80.8133224153638,93.8885049510325,150.941474606673,182.281743178583
ENSG00000107560.14,6.05019526104328,15.4145306636024,15.3499804684753,29.760284600585
ENSG00000107566.16,149.958411113001,165.355874391371,190.595590816901,182.281743178583
ENSG00000107581.16,377.272890206484,304.086650363792,299.324619135268,332.323178039866
ENSG00000107614.24,12.1003905220866,5.60528387767358,15.3499804684753,12.4001185835771
ENSG00000107625.16,143.908215851958,133.125492094748,166.291455075149,181.041731320225
ENSG00000107643.19,25.929408261614,30.8290613272047,33.2582910150297,24.8002371671542
ENSG00000107651.17,328.439171313778,379.757982712385,351.770385735892,378.203616799101
ENSG00000107669.21,116.250180372903,126.118887247656,118.962348630683,136.401304419348
ENSG00000107672.17,36.3011715662597,39.2369871437151,74.1915722642971,50.840486192666
ENSG00000107679.17,41.4870532185825,39.2369871437151,42.212446288307,32.2403083173004
ENSG00000107738.22,19.8792130005708,18.2171726024391,1.27916503903961,4.96004743343083
ENSG00000107745.22,167.676840091771,173.763800207881,176.524775387466,159.961529728144
ENSG00000107771.19,89.8886153069287,63.0594436238278,62.6790869129407,80.600770793251
ENSG00000107779.18,76.4917543717614,74.270011379175,34.5374560540694,50.840486192666
ENSG00000107789.17,111.49645552494,92.4871839816141,102.333203123168,93.0008893768281
ENSG00000107798.20,114.953709959822,130.322850155911,71.6332421862179,84.3208063683242
ENSG00000107815.11,36.3011715662597,25.2237774495311,29.4207958979109,34.7203320340158
ENSG00000107816.19,9.50744969592515,9.80924678592877,12.7916503903961,8.68008300850396
ENSG00000107819.17,114.521553155462,107.901714645216,53.7249316396634,59.52056920117
ENSG00000107829.17,6.48235206540351,4.20396290825519,17.9083105465545,11.1601067252194
ENSG00000107833.13,8.21097928284445,9.80924678592877,26.8624658198317,11.1601067252194
ENSG00000107854.8,53.1552869363088,63.0594436238278,53.7249316396634,53.3205099093814
ENSG00000107862.9,298.188195008562,348.928921385181,489.920209952169,471.204506175929
ENSG00000107863.22,7.77882247848421,7.00660484709198,11.5124853513564,12.4001185835771
ENSG00000107874.13,16.8541153700491,16.8158516330207,40.9332812492674,43.4004150425198
ENSG00000107897.22,56.1803845668304,42.0396290825519,31.9791259759901,40.9203913258044
ENSG00000107902.16,7.77882247848421,8.40792581651037,37.0957861321486,18.6001778753656
ENSG00000107929.18,59.2054821973521,99.4937888287061,115.124853513565,81.8407826516087
ENSG00000107937.21,248.058005702774,198.987577657412,194.43308593402,200.881921053949
ENSG00000107938.20,63.9592070453146,39.2369871437151,33.2582910150297,39.6803794674467
ENSG00000107949.19,818.504987458283,1528.84117763547,1725.59363766443,1111.05062508851
ENSG00000107951.17,8.21097928284445,11.2105677553472,5.11666015615842,14.8801423002925
ENSG00000107959.19,101.124692220295,116.309640461727,175.245610348426,148.801423002925
ENSG00000107960.14,26.7937218703345,29.4277403577863,26.8624658198317,29.760284600585
ENSG00000107984.11,281.766236442873,257.843058372985,330.024580072218,352.163367773589
ENSG00000108010.14,159.898017613287,162.553232452534,170.128950192268,177.321695745152
ENSG00000108021.24,51.4266597188679,40.6383081131335,28.1416308588713,26.0402490255119
ENSG00000108039.20,152.983508743523,191.98097281032,159.895629879951,140.121339994421
ENSG00000108055.13,390.669751141652,372.751377865293,198.270581051139,265.36253768855
ENSG00000108061.15,175.455662570255,145.737380819513,98.4957080060496,90.5208656601127
ENSG00000108064.13,167.244683287411,142.934738880676,133.033164060119,117.801126543982
ENSG00000108091.13,105.446260263897,107.901714645216,95.9373779279704,104.160996102047
ENSG00000108094.19,117.114493981623,92.4871839816141,79.3082324204556,93.0008893768281
ENSG00000108100.20,12.964704130807,11.2105677553472,6.39582519519803,18.6001778753656
ENSG00000108106.16,65.2556774583953,33.6317032660415,30.6999609369505,33.4803201756581
ENSG00000108107.17,61.7984230235135,54.6515178073174,102.333203123168,79.3607589348933
ENSG00000108175.21,11.6682337177263,19.6184935718575,3.83749511711882,21.080201592081
ENSG00000108179.16,136.561550177834,144.336059850095,181.641435543624,195.921873620518
ENSG00000108187.18,16.8541153700491,15.4145306636024,21.7458056636733,14.8801423002925
ENSG00000108219.19,235.093301571967,228.415318015198,231.528872066169,261.642502113476
ENSG00000108256.11,104.581946655177,183.57304699381,143.266484372436,138.881328136063
ENSG00000108262.18,15.1254881526082,16.8158516330207,46.0499414054258,32.2403083173004
ENSG00000108298.14,401.905828055018,371.350056895875,697.144946276585,566.685419269473
ENSG00000108306.15,22.4721538267322,16.8158516330207,24.3041357417525,28.5202727422273
ENSG00000108312.18,68.280775088917,61.6581226544094,44.7707763663862,52.0804980510237
ENSG00000108344.17,172.430564939733,166.757195360789,121.520678708763,141.361351852779
ENSG00000108349.20,192.309777940304,203.191540565667,168.849785153228,171.121636453364
ENSG00000108384.18,87.7278312851275,95.2898259204509,126.637338864921,99.2009486686166
ENSG00000108389.12,65.2556774583953,78.4739742874302,127.916503903961,86.8008300850396
ENSG00000108395.16,180.209387418218,175.165121177299,156.058134762832,117.801126543982
ENSG00000108406.12,127.918414090629,137.329455003003,126.637338864921,147.561411144567
ENSG00000108423.18,15.1254881526082,16.8158516330207,6.39582519519803,13.6401304419348
ENSG00000108424.13,241.143496833011,285.869477761353,172.687280270347,195.921873620518
ENSG00000108433.18,248.058005702774,196.184935718575,249.437182612723,244.282336096468
ENSG00000108439.13,22.0399970223719,19.6184935718575,11.5124853513564,16.1201541586502
ENSG00000108443.16,118.410964394704,107.901714645216,90.820717771812,93.0008893768281
ENSG00000108465.17,86.4313608720468,91.0858630121957,121.520678708763,128.961233269202
ENSG00000108468.17,152.551351939163,105.09907270638,79.3082324204556,86.8008300850396
ENSG00000108469.17,52.7231301319486,63.0594436238278,71.6332421862179,78.1207470765356
ENSG00000108474.18,6.91450886976375,22.4211355106943,28.1416308588713,14.8801423002925
ENSG00000108479.15,40.1905828055018,32.2303822966231,48.608271483505,47.1204506175929
ENSG00000108506.16,47.5372484796257,46.2435919908071,28.1416308588713,43.4004150425198
ENSG00000108509.23,40.1905828055018,49.0462339296438,167.570620114188,117.801126543982
ENSG00000108510.12,87.2956744807673,130.322850155911,103.612368162208,97.9609368102589
ENSG00000108515.20,7.77882247848421,12.6118887247656,19.1874755855941,9.92009486686167
ENSG00000108518.10,983.588886723893,1062.20129481914,1377.66074704566,1212.73159747384
ENSG00000108523.18,237.254085593769,360.139489140528,605.045063465734,447.644280867133
ENSG00000108528.16,153.847822352243,141.533417911258,118.962348630683,168.641612736648
ENSG00000108557.22,13.3968609351673,16.8158516330207,5.11666015615842,12.4001185835771
ENSG00000108559.15,345.725443488187,308.290613272047,372.237026360525,355.883403348662
ENSG00000108561.9,228.178792702204,238.224564801127,234.087202144248,224.442146362745
ENSG00000108578.17,102.421162633375,95.2898259204509,61.3999218739011,71.9206877847471
ENSG00000108582.14,94.6423401548913,78.4739742874302,38.3749511711882,69.4406640680317
ENSG00000108587.18,30.2509763052164,28.0264193883679,42.212446288307,24.8002371671542
ENSG00000108588.17,339.675248227144,367.14609398762,397.820327141317,437.724186000271
ENSG00000108590.12,32.8439171313778,30.8290613272047,31.9791259759901,21.080201592081
ENSG00000108591.12,88.592144893848,88.2832210733589,78.0290673814159,71.9206877847471
ENSG00000108592.19,181.505857831298,154.145306636024,143.266484372436,121.521162119055
ENSG00000108599.17,52.2909733275883,33.6317032660415,46.0499414054258,53.3205099093814
ENSG00000108604.20,12.1003905220866,11.2105677553472,17.9083105465545,12.4001185835771
ENSG00000108639.10,526.366987710765,640.403683024207,1332.88997067927,1132.13082668059
ENSG00000108641.21,20.7435266092912,14.013209694184,40.9332812492674,37.2003557507312
ENSG00000108651.12,194.902718766466,187.777009902065,209.783066402495,187.241790612014
ENSG00000108654.18,2199.67813419359,2351.41658668407,2397.15528316022,2173.74078770106
ENSG00000108666.13,24.6329378485333,26.6250984189495,28.1416308588713,32.2403083173004
ENSG00000108669.20,39.3262691967813,39.2369871437151,33.2582910150297,32.2403083173004
ENSG00000108671.13,293.866626964959,200.388898626831,163.73312499707,163.681565303217
ENSG00000108679.15,779.610875065862,908.05598818312,1304.7483398204,1236.29182278264
ENSG00000108733.12,19.0148993918503,19.6184935718575,25.5833007807921,18.6001778753656
ENSG00000108773.13,19.4470561962105,8.40792581651037,24.3041357417525,22.3202134504387
ENSG00000108774.17,78.2203815892024,92.4871839816141,57.5624267567823,48.3604624759506
ENSG00000108788.14,369.494067728,514.284795776551,999.027895489932,618.765917320496
ENSG00000108799.15,28.9545058921357,19.6184935718575,40.9332812492674,37.2003557507312
ENSG00000108821.16,2142.63343601804,2174.85014453735,798.198984360714,864.288265275323
ENSG00000108826.18,82.1097928284445,100.895109798124,111.287358396446,89.280853801755
ENSG00000108828.18,452.900330969525,479.251771541091,648.53667479308,587.765620861554
ENSG00000108829.12,762.324602891453,728.686904097566,819.944790024387,786.167518198787
ENSG00000108840.19,33.7082307400983,22.4211355106943,34.5374560540694,35.9603438923735
ENSG00000108848.17,89.0243016982082,107.901714645216,93.3790478498912,89.280853801755
ENSG00000108852.18,75.627440763041,65.8620855626646,26.8624658198317,40.9203913258044
ENSG00000108854.18,149.958411113001,133.125492094748,198.270581051139,212.042027779168
ENSG00000108861.11,223.857224658601,241.027206739964,191.874755855941,200.881921053949
ENSG00000108883.15,1020.32221509451,1223.35320630226,1369.98575681142,1381.37321021049
ENSG00000108946.18,1042.79436892124,840.792581651037,518.06184081104,603.885775020204
ENSG00000108947.6,27.658035479055,44.8422710213887,103.612368162208,74.4007115014625
ENSG00000108953.19,742.445389890882,709.068410525708,470.732734366575,564.205395552757
ENSG00000108961.16,22.4721538267322,26.6250984189495,35.816621093109,33.4803201756581
ENSG00000108963.20,73.8988135456,93.8885049510325,71.6332421862179,79.3607589348933
ENSG00000109016.20,29.8188195008562,33.6317032660415,55.004096678703,68.2006522096739
ENSG00000109046.17,133.104295742952,179.369084085555,184.199765621703,162.44155344486
ENSG00000109062.14,371.222694945441,381.159303681804,385.028676750921,368.283521932239
ENSG00000109065.14,74.7631271543205,67.263406532083,84.424892576614,128.961233269202
ENSG00000109066.16,158.601547200206,187.777009902065,148.383144528594,147.561411144567
ENSG00000109079.12,458.518369426208,475.047808632836,364.562036126288,354.643391490305
ENSG00000109083.16,17.7184289787696,23.8224564801127,28.1416308588713,48.3604624759506
ENSG00000109084.15,632.245404779022,514.284795776551,159.895629879951,159.961529728144
ENSG00000109099.18,65.2556774583953,70.0660484709198,67.7957470690991,59.52056920117
ENSG00000109103.14,38.4619555880608,35.0330242354599,42.212446288307,29.760284600585
ENSG00000109111.17,282.630550051593,358.738168171109,457.941083976179,395.563782816109
ENSG00000109113.22,234.661144767607,231.217959954035,231.528872066169,210.80201592081
ENSG00000109118.16,47.5372484796257,71.4673694403382,72.9124072252575,66.9606403513162
ENSG00000109133.16,75.627440763041,81.2766162262669,84.424892576614,91.7608775184704
ENSG00000109171.17,121.003905220866,98.0924678592877,49.8874365225446,76.8807352181779
ENSG00000109180.17,99.3960650028538,92.4871839816141,152.220639645713,115.321102827267
ENSG00000109184.17,94.210183350531,102.296430767543,79.3082324204556,78.1207470765356
ENSG00000109189.15,44.9443076534643,72.8686904097566,16.6291455075149,27.2802608838696
ENSG00000109220.13,27.658035479055,21.0198145412759,28.1416308588713,24.8002371671542
ENSG00000109270.15,63.9592070453146,82.6779371956853,86.9832226546932,78.1207470765356
ENSG00000109320.16,21.1756834136515,15.4145306636024,14.0708154294357,14.8801423002925
ENSG00000109323.13,9.50744969592515,11.2105677553472,17.9083105465545,24.8002371671542
ENSG00000109332.22,375.112106184683,277.461551944842,298.045454096228,291.402786714061
ENSG00000109381.23,22.0399970223719,19.6184935718575,20.4666406246337,18.6001778753656
ENSG00000109390.15,51.8588165232281,49.0462339296438,29.4207958979109,22.3202134504387
ENSG00000109445.13,51.4266597188679,47.6449129602254,78.0290673814159,74.4007115014625
ENSG00000109452.15,117.546650785984,133.125492094748,255.833007807921,251.722407246615
ENSG00000109458.12,17.2862721744094,12.6118887247656,14.0708154294357,11.1601067252194
ENSG00000109466.16,10.3717633046456,21.0198145412759,12.7916503903961,6.20005929178854
ENSG00000109472.16,25.929408261614,30.8290613272047,15.3499804684753,16.1201541586502
ENSG00000109475.20,105.446260263897,116.309640461727,212.341396480575,119.04113840234
ENSG00000109501.17,88.592144893848,75.6713323485934,90.820717771812,74.4007115014625
ENSG00000109519.16,119.707434807785,91.0858630121957,130.47483398204,110.361055393836
ENSG00000109534.19,47.1050916752655,36.4343452048783,58.8415917958219,49.6004743343083
ENSG00000109536.15,31.1152899139369,37.8356661742967,39.6541162102278,31.0002964589427
ENSG00000109572.18,68.7129318932772,40.6383081131335,70.3540771471783,106.641019818763
ENSG00000109586.14,179.345073809497,214.402108321015,65.2374169910199,73.1606996431048
ENSG00000109606.15,694.043827802536,622.186510421768,451.545258780981,420.364019983263
ENSG00000109618.15,29.8188195008562,44.8422710213887,51.1666015615842,55.8005336260969
ENSG00000109674.6,75.627440763041,53.250196837899,52.4457666006238,42.1604031841621
ENSG00000109680.13,50.9945029145076,63.0594436238278,44.7707763663862,64.4806166346008
ENSG00000109685.21,69.1450886976374,54.6515178073174,58.8415917958219,71.9206877847471
ENSG00000109736.17,50.9945029145076,58.8554807155726,55.004096678703,76.8807352181779
ENSG00000109738.13,64.8235206540351,60.256801684991,37.0957861321486,39.6803794674467
ENSG00000109756.12,16.4219585656889,19.6184935718575,10.2333203123168,9.92009486686167
ENSG00000109775.13,86.4313608720468,57.4541597461542,84.424892576614,83.0807945099664
ENSG00000109787.15,45.3764644578246,63.0594436238278,48.608271483505,47.1204506175929
ENSG00000109790.20,43.2156804360234,36.4343452048783,28.1416308588713,48.3604624759506
ENSG00000109805.12,420.056413838148,347.527600415762,196.991416012099,210.80201592081
ENSG00000109814.14,229.907419919645,232.619280923454,393.982832024199,414.163960691475
ENSG00000109861.19,222.992911049881,232.619280923454,156.058134762832,104.160996102047
ENSG00000109881.19,43.2156804360234,40.6383081131335,24.3041357417525,29.760284600585
ENSG00000109911.21,51.8588165232281,39.2369871437151,49.8874365225446,58.2805573428123
ENSG00000109917.13,156.008606374044,107.901714645216,131.753999021079,156.241494153071
ENSG00000109919.12,179.345073809497,141.533417911258,211.062231441535,208.321992204095
ENSG00000109920.15,47.1050916752655,46.2435919908071,47.3291064444654,58.2805573428123
ENSG00000109929.12,199.656443614428,152.743985666605,79.3082324204556,90.5208656601127
ENSG00000109971.16,4711.37348113527,4117.08100815125,3774.81603020588,3669.19508888046
ENSG00000110011.16,14.693331348248,12.6118887247656,19.1874755855941,22.3202134504387
ENSG00000110013.15,5.61803845668304,8.40792581651037,12.7916503903961,11.1601067252194
ENSG00000110025.15,17.2862721744094,25.2237774495311,37.0957861321486,26.0402490255119
ENSG00000110046.16,14.2611745438877,19.6184935718575,20.4666406246337,19.8401897337233
ENSG00000110047.19,217.374872593198,173.763800207881,131.753999021079,116.561114685625
ENSG00000110048.14,25.4972514572538,22.4211355106943,40.9332812492674,47.1204506175929
ENSG00000110057.11,18.5827425874901,14.013209694184,29.4207958979109,35.9603438923735
ENSG00000110060.11,25.929408261614,26.6250984189495,12.7916503903961,29.760284600585
ENSG00000110063.12,31.9796035226573,33.6317032660415,29.4207958979109,33.4803201756581
ENSG00000110066.17,87.7278312851275,79.8752952568485,46.0499414054258,52.0804980510237
ENSG00000110074.14,91.6172425243696,131.724171125329,121.520678708763,171.121636453364
ENSG00000110075.17,156.872919982765,152.743985666605,116.404018552604,131.441256985917
ENSG00000110080.22,31.9796035226573,26.6250984189495,25.5833007807921,34.7203320340158
ENSG00000110092.6,708.737159150784,913.661272060794,798.198984360714,936.20895306007
ENSG00000110104.14,127.486257286269,114.908319492308,110.008193357406,104.160996102047
ENSG00000110107.11,19.0148993918503,26.6250984189495,30.6999609369505,27.2802608838696
ENSG00000110108.13,291.273686138798,262.04702128124,253.274677729842,274.042620697054
ENSG00000110171.22,38.4619555880608,42.0396290825519,40.9332812492674,50.840486192666
ENSG00000110172.14,192.741934744664,184.974367963228,147.103979489555,155.001482294714
ENSG00000110200.11,57.4768549799111,49.0462339296438,39.6541162102278,47.1204506175929
ENSG00000110218.11,56.1803845668304,53.250196837899,47.3291064444654,39.6803794674467
ENSG00000110237.7,45.3764644578246,68.6647275015014,63.9582519519803,57.0405454844546
ENSG00000110274.18,35.4368579575392,32.2303822966231,40.9332812492674,37.2003557507312
ENSG00000110315.9,252.379573746377,319.501181027394,202.108076168258,164.921577161575
ENSG00000110321.20,2785.68276090607,2207.08052683397,1937.935034145,1998.89911567263
ENSG00000110330.12,101.989005829015,74.270011379175,115.124853513565,114.081090968909
ENSG00000110344.12,222.12859744116,276.060230975424,259.67050292504,240.562300521395
ENSG00000110367.16,191.445464331584,239.625885770546,255.833007807921,198.401897337233
ENSG00000110395.9,100.692535415935,161.151911483115,171.408115231307,133.921280702632
ENSG00000110422.14,41.0548964142222,33.6317032660415,21.7458056636733,39.6803794674467
ENSG00000110429.16,100.692535415935,81.2766162262669,83.1457275375744,59.52056920117
ENSG00000110435.15,98.0995945897731,109.303035614635,78.0290673814159,79.3607589348933
ENSG00000110442.14,132.239982134232,134.526813064166,159.895629879951,117.801126543982
ENSG00000110455.16,6.48235206540351,15.4145306636024,11.5124853513564,19.8401897337233
ENSG00000110492.19,53.587443740669,54.6515178073174,89.5415527327724,70.6806759263894
ENSG00000110497.17,30.6831331095766,16.8158516330207,23.0249707027129,21.080201592081
ENSG00000110514.22,85.9992040676866,107.901714645216,63.9582519519803,78.1207470765356
ENSG00000110536.16,77.3560679804819,44.8422710213887,39.6541162102278,95.4809130935435
ENSG00000110583.15,105.878417068257,86.8819001039405,48.608271483505,59.52056920117
ENSG00000110619.20,76.0595975674012,74.270011379175,85.7040576156536,42.1604031841621
ENSG00000110628.18,12.1003905220866,19.6184935718575,23.0249707027129,22.3202134504387
ENSG00000110651.15,10.3717633046456,5.60528387767358,14.0708154294357,12.4001185835771
ENSG00000110660.17,56.6125413711907,47.6449129602254,35.816621093109,58.2805573428123
ENSG00000110696.12,410.116807337862,322.303822966231,355.60788085301,364.563486357166
ENSG00000110697.16,15.9898017613287,8.40792581651037,14.0708154294357,18.6001778753656
ENSG00000110700.9,216.510558984477,224.211355106943,328.745415033179,280.242679988842
ENSG00000110711.13,63.0948934365942,57.4541597461542,56.2832617177426,76.8807352181779
ENSG00000110713.20,378.137203815205,361.540810109946,298.045454096228,313.7230001645
ENSG00000110717.15,75.1952839586807,85.4805791345221,180.362270504584,104.160996102047
ENSG00000110719.12,15.9898017613287,18.2171726024391,21.7458056636733,11.1601067252194
ENSG00000110756.20,95.0744969592515,68.6647275015014,35.816621093109,78.1207470765356
ENSG00000110768.14,205.274482071111,133.125492094748,177.803940426505,71.9206877847471
ENSG00000110801.16,116.682337177263,119.112282400564,139.428989255317,114.081090968909
ENSG00000110811.22,14.2611745438877,4.20396290825519,29.4207958979109,26.0402490255119
ENSG00000110841.16,81.6776360240842,60.256801684991,84.424892576614,97.9609368102589
ENSG00000110844.16,13.3968609351673,16.8158516330207,20.4666406246337,17.3601660170079
ENSG00000110851.14,54.0196005450293,42.0396290825519,46.0499414054258,60.7605810595277
ENSG00000110871.17,41.9192100229427,33.6317032660415,42.212446288307,66.9606403513162
ENSG00000110876.13,18.1505857831298,29.4277403577863,23.0249707027129,21.080201592081
ENSG00000110880.13,1241.58649892695,979.523357623458,690.749121081387,735.327032006121
ENSG00000110888.21,27.2258786746947,40.6383081131335,28.1416308588713,42.1604031841621
ENSG00000110906.15,288.680745312636,292.876082608445,214.899726558654,163.681565303217
ENSG00000110911.19,103.285476242096,100.895109798124,120.241513669723,122.761173977413
ENSG00000110917.11,914.443798026255,1069.20789966624,1289.39835935192,1380.13319835213
ENSG00000110921.16,162.923115243808,144.336059850095,76.7499023423763,54.5605217677392
ENSG00000110925.9,44.9443076534643,22.4211355106943,24.3041357417525,28.5202727422273
ENSG00000110931.21,41.4870532185825,39.2369871437151,33.2582910150297,64.4806166346008
ENSG00000110955.11,1730.35584465838,1730.63139723172,1788.27272457737,1688.8961510832
ENSG00000110958.18,675.893242019406,524.09404256248,465.616074210416,497.244755201441
ENSG00000110987.11,13.8290177395275,7.00660484709198,12.7916503903961,12.4001185835771
ENSG00000111011.20,162.923115243808,175.165121177299,129.195668943,128.961233269202
ENSG00000111057.13,1216.0892474697,1119.6554545653,1541.39387204272,1457.01393357031
ENSG00000111077.20,14.693331348248,15.4145306636024,23.0249707027129,6.20005929178854
ENSG00000111110.14,19.8792130005708,19.6184935718575,6.39582519519803,9.92009486686167
ENSG00000111142.16,267.072905094625,295.678724547281,241.762192378485,241.802312379753
ENSG00000111144.12,135.265079764753,151.342664697187,148.383144528594,145.081387427852
ENSG00000111145.10,199.656443614428,159.750590513697,331.303745111258,374.483581224028
ENSG00000111186.15,23.7686242398129,22.4211355106943,15.3499804684753,22.3202134504387
ENSG00000111196.13,43.6478372403836,63.0594436238278,70.3540771471783,60.7605810595277
ENSG00000111203.15,56.1803845668304,72.8686904097566,118.962348630683,100.440960526974
ENSG00000111206.15,210.460363723434,224.211355106943,145.824814450515,188.481802470372
ENSG00000111224.16,34.1403875444585,25.2237774495311,42.212446288307,31.0002964589427
ENSG00000111229.18,235.093301571967,239.625885770546,222.574716792891,183.521755036941
ENSG00000111231.11,91.6172425243696,84.0792581651037,81.8665624985348,78.1207470765356
ENSG00000111237.20,77.3560679804819,72.8686904097566,58.8415917958219,68.2006522096739
ENSG00000111247.17,251.947416942016,273.257589036587,221.295551753852,230.642205654534
ENSG00000111252.13,25.0650946528936,50.4475548990622,92.0998828108516,60.7605810595277
ENSG00000111269.5,71.7380295237989,72.8686904097566,39.6541162102278,49.6004743343083
ENSG00000111271.17,18.1505857831298,9.80924678592877,14.0708154294357,14.8801423002925
ENSG00000111275.15,19.8792130005708,15.4145306636024,28.1416308588713,27.2802608838696
ENSG00000111276.14,18.5827425874901,15.4145306636024,8.95415527327724,11.1601067252194
ENSG00000111300.12,92.0493993287299,105.09907270638,79.3082324204556,71.9206877847471
ENSG00000111325.18,43.2156804360234,57.4541597461542,111.287358396446,89.280853801755
ENSG00000111328.8,10.8039201090059,23.8224564801127,25.5833007807921,27.2802608838696
ENSG00000111331.16,37.1654851749801,60.256801684991,34.5374560540694,38.440367609089
ENSG00000111358.15,46.240778066545,35.0330242354599,53.7249316396634,59.52056920117
ENSG00000111361.15,170.701937722292,173.763800207881,149.662309567634,131.441256985917
ENSG00000111364.18,22.0399970223719,25.2237774495311,17.9083105465545,21.080201592081
ENSG00000111371.18,245.032908072253,263.448342250658,842.9697607271,916.368763326346
ENSG00000111412.7,35.004701153179,32.2303822966231,20.4666406246337,34.7203320340158
ENSG00000111424.14,32.4117603270176,36.4343452048783,120.241513669723,100.440960526974
ENSG00000111445.16,200.088600418788,187.777009902065,190.595590816901,198.401897337233
ENSG00000111450.17,85.1348904589661,65.8620855626646,35.816621093109,40.9203913258044
ENSG00000111481.12,363.443872466957,320.902501996813,301.882949213347,339.763249190012
ENSG00000111530.15,563.532472885745,491.863660265857,266.066328120238,298.842857864208
ENSG00000111540.18,177.184289787696,210.198145412759,216.178891597693,159.961529728144
ENSG00000111554.17,52.7231301319486,53.250196837899,53.7249316396634,48.3604624759506
ENSG00000111581.12,392.830535163453,423.198932764355,379.912016594763,400.52383024954
ENSG00000111596.16,194.470561962105,158.349269544279,166.291455075149,187.241790612014
ENSG00000111602.14,301.645449443443,292.876082608445,212.341396480575,269.082573263623
ENSG00000111605.20,281.766236442873,222.810034137525,207.224736324416,192.201838045445
ENSG00000111615.16,68.7129318932772,71.4673694403382,78.0290673814159,75.6407233598202
ENSG00000111639.10,93.3458697418106,99.4937888287061,118.962348630683,71.9206877847471
ENSG00000111640.17,5926.16625819189,7121.51316658429,9891.78324689327,9101.68704034558
ENSG00000111641.15,242.872124050452,257.843058372985,218.737221675773,267.842561405265
ENSG00000111642.18,159.033704004566,156.94794857486,129.195668943,190.961826187087
ENSG00000111647.15,58.7733253929918,36.4343452048783,24.3041357417525,29.760284600585
ENSG00000111652.12,143.476059047598,135.928134033584,138.149824216277,145.081387427852
ENSG00000111653.22,31.5474467182971,28.0264193883679,49.8874365225446,21.080201592081
ENSG00000111665.14,104.149789850816,93.8885049510325,83.1457275375744,84.3208063683242
ENSG00000111667.16,318.067408009132,280.264193883679,175.245610348426,219.482098929314
ENSG00000111669.17,2811.61216916768,2661.10852092553,2644.03413569486,2370.90267317994
ENSG00000111670.18,31.5474467182971,50.4475548990622,21.7458056636733,29.760284600585
ENSG00000111671.12,11.6682337177263,16.8158516330207,3.83749511711882,6.20005929178854
ENSG00000111674.11,130.943511721151,120.513603369982,168.849785153228,203.361944770664
ENSG00000111676.17,128.78272769935,232.619280923454,225.133046870971,176.081683886795
ENSG00000111678.13,24.6329378485333,32.2303822966231,107.449863279327,97.9609368102589
ENSG00000111684.13,162.923115243808,173.763800207881,144.545649411475,145.081387427852
ENSG00000111696.14,17.7184289787696,12.6118887247656,30.6999609369505,18.6001778753656
ENSG00000111707.14,54.4517573493895,33.6317032660415,30.6999609369505,48.3604624759506
ENSG00000111711.11,243.736437659172,198.987577657412,258.391337886,245.522347954826
ENSG00000111716.16,1973.66012551319,1762.86177952834,1911.07256832517,1757.09680329287
ENSG00000111725.12,71.3058727194386,98.0924678592877,130.47483398204,107.881031677121
ENSG00000111726.15,103.285476242096,85.4805791345221,86.9832226546932,101.680972385332
ENSG00000111727.14,50.9945029145076,56.0528387767358,29.4207958979109,24.8002371671542
ENSG00000111731.15,58.3411685886316,44.8422710213887,72.9124072252575,68.2006522096739
ENSG00000111737.14,45.8086212621848,36.4343452048783,38.3749511711882,29.760284600585
ENSG00000111752.13,26.3615650659743,15.4145306636024,34.5374560540694,28.5202727422273
ENSG00000111775.5,101.989005829015,119.112282400564,191.874755855941,152.521458577998
ENSG00000111785.22,38.8941123924211,43.4409500519703,34.5374560540694,11.1601067252194
ENSG00000111786.12,162.923115243808,213.000787351596,176.524775387466,146.32139928621
ENSG00000111790.16,77.7882247848421,81.2766162262669,47.3291064444654,64.4806166346008
ENSG00000111799.24,34.5725443488187,57.4541597461542,31.9791259759901,28.5202727422273
ENSG00000111801.18,12.5325473264468,5.60528387767358,6.39582519519803,13.6401304419348
ENSG00000111802.16,72.1701863281591,61.6581226544094,69.0749121081387,55.8005336260969
ENSG00000111817.21,73.8988135456,70.0660484709198,34.5374560540694,37.2003557507312
ENSG00000111832.14,41.4870532185825,42.0396290825519,26.8624658198317,40.9203913258044
ENSG00000111843.16,64.3913638496749,60.256801684991,67.7957470690991,97.9609368102589
ENSG00000111845.7,107.607044285698,99.4937888287061,116.404018552604,127.721221410844
ENSG00000111859.19,112.360769133661,135.928134033584,86.9832226546932,99.2009486686166
ENSG00000111860.16,12.5325473264468,22.4211355106943,2.55833007807921,4.96004743343083
ENSG00000111875.10,44.0799940447439,35.0330242354599,34.5374560540694,39.6803794674467
ENSG00000111877.20,13.8290177395275,16.8158516330207,11.5124853513564,11.1601067252194
ENSG00000111880.18,69.5772455019977,57.4541597461542,38.3749511711882,43.4004150425198
ENSG00000111897.9,607.612466930489,843.595223589874,1152.52770017468,1035.40990172869
ENSG00000111906.20,21.1756834136515,16.8158516330207,37.0957861321486,31.0002964589427
ENSG00000111907.22,8.21097928284445,14.013209694184,11.5124853513564,6.20005929178854
ENSG00000111912.22,17.7184289787696,19.6184935718575,23.0249707027129,18.6001778753656
ENSG00000111961.21,17.2862721744094,26.6250984189495,17.9083105465545,22.3202134504387
ENSG00000112029.11,97.2352809810527,81.2766162262669,47.3291064444654,40.9203913258044
ENSG00000112031.18,64.8235206540351,64.4607645932462,60.1207568348615,38.440367609089
ENSG00000112033.16,101.556849024655,113.50699852289,162.45395995803,184.761766895299
ENSG00000112039.8,13.8290177395275,9.80924678592877,12.7916503903961,8.68008300850396
ENSG00000112062.15,219.103499810639,242.428527709382,139.428989255317,157.481506011429
ENSG00000112078.16,442.096410860519,411.988365009008,251.995512690802,239.322288663038
ENSG00000112079.12,215.214088571397,193.382293779739,107.449863279327,140.121339994421
ENSG00000112081.20,596.376390017123,518.488758684806,405.495317375555,442.684233433702
ENSG00000112110.12,44.5121508491041,49.0462339296438,52.4457666006238,53.3205099093814
ENSG00000112118.22,1093.35671503139,1100.03696099344,817.386459946308,837.008004391453
ENSG00000112130.19,120.139591612145,102.296430767543,62.6790869129407,75.6407233598202
ENSG00000112139.19,28.5223490877754,33.6317032660415,3.83749511711882,7.44007115014625
ENSG00000112144.17,31.5474467182971,29.4277403577863,14.0708154294357,17.3601660170079
ENSG00000112146.18,47.969405283986,54.6515178073174,49.8874365225446,40.9203913258044
ENSG00000112149.13,24.6329378485333,15.4145306636024,15.3499804684753,9.92009486686167
ENSG00000112159.14,24.2007810441731,12.6118887247656,21.7458056636733,21.080201592081
ENSG00000112167.12,27.658035479055,32.2303822966231,42.212446288307,14.8801423002925
ENSG00000112183.16,22.9043106310924,28.0264193883679,3.83749511711882,13.6401304419348
ENSG00000112186.15,398.016416815776,389.567229498314,249.437182612723,225.682158221103
ENSG00000112200.19,391.101907946012,404.981760161916,427.241123039228,461.284411309067
ENSG00000112208.13,103.285476242096,75.6713323485934,53.7249316396634,45.8804387592352
ENSG00000112210.14,102.421162633375,82.6779371956853,51.1666015615842,45.8804387592352
ENSG00000112234.11,21.6078402180117,46.2435919908071,60.1207568348615,44.6404269008775
ENSG00000112237.15,92.9137129374503,89.6845420427773,58.8415917958219,62.0005929178854
ENSG00000112242.18,40.622739609862,26.6250984189495,24.3041357417525,34.7203320340158
ENSG00000112245.15,146.068999873759,100.895109798124,135.591494138198,145.081387427852
ENSG00000112249.16,65.6878342627556,61.6581226544094,67.7957470690991,78.1207470765356
ENSG00000112276.16,7.34666567412398,9.80924678592877,6.39582519519803,12.4001185835771
ENSG00000112282.20,50.5623461101474,35.0330242354599,56.2832617177426,40.9203913258044
ENSG00000112290.15,107.174887481338,176.566442146718,223.853881831931,188.481802470372
ENSG00000112304.13,26.3615650659743,21.0198145412759,20.4666406246337,14.8801423002925
ENSG00000112305.17,63.0948934365942,47.6449129602254,95.9373779279704,102.92098424369
ENSG00000112306.10,72.1701863281591,46.2435919908071,124.079008786842,84.3208063683242
ENSG00000112308.16,62.2305798278737,39.2369871437151,42.212446288307,40.9203913258044
ENSG00000112312.12,146.068999873759,142.934738880676,134.312329099159,114.081090968909
ENSG00000112335.17,146.068999873759,98.0924678592877,122.799843747802,128.961233269202
ENSG00000112339.17,186.259582679261,144.336059850095,143.266484372436,142.601363711136
ENSG00000112343.13,22.9043106310924,11.2105677553472,23.0249707027129,11.1601067252194
ENSG00000112365.8,27.2258786746947,32.2303822966231,23.0249707027129,26.0402490255119
ENSG00000112367.14,29.8188195008562,33.6317032660415,53.7249316396634,45.8804387592352
ENSG00000112378.13,39.3262691967813,43.4409500519703,44.7707763663862,31.0002964589427
ENSG00000112379.11,9.93960650028538,18.2171726024391,40.9332812492674,60.7605810595277
ENSG00000112414.17,32.4117603270176,18.2171726024391,7.67499023423763,13.6401304419348
ENSG00000112473.21,3.45725443488187,35.0330242354599,62.6790869129407,35.9603438923735
ENSG00000112493.12,63.9592070453146,85.4805791345221,48.608271483505,0
ENSG00000112511.20,38.8941123924211,0,0,21.080201592081
ENSG00000112514.20,146.068999873759,127.520208217074,213.620561519614,193.441849903802
ENSG00000112531.19,25.4972514572538,22.4211355106943,10.2333203123168,27.2802608838696
ENSG00000112576.14,313.74583996553,297.0800455167,158.616464840911,207.081980345737
ENSG00000112578.13,135.265079764753,113.50699852289,106.170698240287,107.881031677121
ENSG00000112584.16,115.385866764182,130.322850155911,170.128950192268,173.601660170079
ENSG00000112592.17,70.8737159150784,123.316245308819,163.73312499707,110.361055393836
ENSG00000112640.18,858.263413459425,1165.89904655611,842.9697607271,779.967458906998
ENSG00000112651.14,63.9592070453146,95.2898259204509,313.395434564703,157.481506011429
ENSG00000112655.18,114.089396351102,89.6845420427773,70.3540771471783,64.4806166346008
ENSG00000112658.10,7.77882247848421,14.013209694184,5.11666015615842,3.72003557507312
ENSG00000112659.16,29.8188195008562,50.4475548990622,65.2374169910199,81.8407826516087
ENSG00000112667.15,20.7435266092912,12.6118887247656,23.0249707027129,14.8801423002925
ENSG00000112679.16,22.4721538267322,25.2237774495311,20.4666406246337,23.5602253087965
ENSG00000112685.16,159.033704004566,128.921529186492,149.662309567634,184.761766895299
ENSG00000112695.15,52.7231301319486,47.6449129602254,44.7707763663862,34.7203320340158
ENSG00000112697.19,237.686242398129,220.007392198688,176.524775387466,202.121932912306
ENSG00000112699.13,105.446260263897,96.6911468898693,48.608271483505,48.3604624759506
ENSG00000112701.20,43.6478372403836,54.6515178073174,31.9791259759901,62.0005929178854
ENSG00000112739.19,165.94821287433,165.355874391371,84.424892576614,85.5608182266819
ENSG00000112742.12,141.315275025797,99.4937888287061,86.9832226546932,86.8008300850396
ENSG00000112759.21,294.73094057368,397.975155314824,700.982441393704,534.445110952172
ENSG00000112763.19,106.742730676978,119.112282400564,94.6582128889308,89.280853801755
ENSG00000112812.18,9.93960650028538,19.6184935718575,39.6541162102278,45.8804387592352
ENSG00000112851.18,119.275278003425,88.2832210733589,51.1666015615842,69.4406640680317
ENSG00000112855.19,97.2352809810527,78.4739742874302,69.0749121081387,90.5208656601127
ENSG00000112874.12,18.5827425874901,18.2171726024391,12.7916503903961,18.6001778753656
ENSG00000112877.10,35.004701153179,40.6383081131335,29.4207958979109,43.4004150425198
ENSG00000112893.12,84.7027336546059,96.6911468898693,104.891533201248,150.041434861283
ENSG00000112902.14,16.4219585656889,29.4277403577863,2.55833007807921,12.4001185835771
ENSG00000112941.16,6.48235206540351,11.2105677553472,12.7916503903961,9.92009486686167
ENSG00000112972.16,212.188990940875,196.184935718575,30.6999609369505,34.7203320340158
ENSG00000112977.18,377.705047010845,395.172513375988,372.237026360525,345.963308481801
ENSG00000112983.19,293.002313356239,383.96194562064,278.857978510634,298.842857864208
ENSG00000112984.14,567.421884124987,507.278190929459,207.224736324416,234.362241229607
ENSG00000112992.20,178.912917005137,124.717566278237,101.054038084129,126.481209552486
ENSG00000112996.13,91.1850857200094,99.4937888287061,130.47483398204,116.561114685625
ENSG00000113013.18,1041.93005531252,819.772767109761,1689.77701657132,1786.85708789346
ENSG00000113048.21,328.439171313778,308.290613272047,236.645532222327,265.36253768855
ENSG00000113068.12,415.734845794545,416.192327917263,365.841201165327,347.203320340158
ENSG00000113070.10,282.630550051593,386.764587559477,315.953764642783,298.842857864208
ENSG00000113083.17,375.544262989043,395.172513375988,1486.38977536402,1745.93669656765
ENSG00000113108.22,19.8792130005708,23.8224564801127,33.2582910150297,52.0804980510237
ENSG00000113119.15,13.8290177395275,19.6184935718575,21.7458056636733,31.0002964589427
ENSG00000113140.13,3188.45290256981,3543.94073165912,1605.3521239947,1671.53598506619
ENSG00000113141.20,457.654055817488,445.62006827505,527.015996084318,517.084944935164
ENSG00000113161.19,799.922244870793,725.884262158729,235.366367183287,239.322288663038
ENSG00000113163.20,183.666641853099,158.349269544279,103.612368162208,145.081387427852
ENSG00000113194.15,417.031316207626,452.626673122142,465.616074210416,458.804387592352
ENSG00000113240.16,34.5725443488187,29.4277403577863,34.5374560540694,34.7203320340158
ENSG00000113269.16,40.1905828055018,37.8356661742967,38.3749511711882,32.2403083173004
ENSG00000113272.16,114.521553155462,140.13209694184,353.049550774931,251.722407246615
ENSG00000113273.19,61.7984230235135,89.6845420427773,49.8874365225446,64.4806166346008
ENSG00000113282.16,705.279904715902,972.516752776367,1217.7651171657,1166.8511587146
ENSG00000113300.15,35.4368579575392,18.2171726024391,12.7916503903961,16.1201541586502
ENSG00000113312.14,282.630550051593,200.388898626831,259.67050292504,226.922170079461
ENSG00000113318.13,67.4164614801965,67.263406532083,61.3999218739011,62.0005929178854
ENSG00000113328.23,586.436783516838,421.797611794937,321.070424798941,352.163367773589
ENSG00000113356.15,15.1254881526082,12.6118887247656,28.1416308588713,17.3601660170079
ENSG00000113360.19,149.958411113001,183.57304699381,134.312329099159,155.001482294714
ENSG00000113368.14,58.7733253929918,54.6515178073174,16.6291455075149,16.1201541586502
ENSG00000113384.16,339.243091422784,486.258376388183,622.953374012288,531.965087235457
ENSG00000113387.15,204.410168462391,170.961158269044,144.545649411475,102.92098424369
ENSG00000113389.18,81.6776360240842,84.0792581651037,24.3041357417525,18.6001778753656
ENSG00000113391.21,36.3011715662597,30.8290613272047,42.212446288307,38.440367609089
ENSG00000113407.16,567.421884124987,480.65309251051,571.786772450704,636.126083337504
ENSG00000113441.18,43.6478372403836,43.4409500519703,30.6999609369505,22.3202134504387
ENSG00000113448.21,6.05019526104328,12.6118887247656,7.67499023423763,13.6401304419348
ENSG00000113456.22,87.2956744807673,85.4805791345221,88.2623876937328,93.0008893768281
ENSG00000113460.15,134.832922960393,138.730775972421,130.47483398204,126.481209552486
ENSG00000113522.16,22.0399970223719,4.20396290825519,17.9083105465545,28.5202727422273
ENSG00000113552.18,286.952118095195,234.020601892872,364.562036126288,566.685419269473
ENSG00000113558.21,432.156804360234,402.17911822308,327.466249994139,375.723593082386
ENSG00000113569.19,263.183493855383,259.244379342403,240.483027339446,248.002371671542
ENSG00000113575.15,220.399970223719,292.876082608445,194.43308593402,204.601956629022
ENSG00000113578.20,133.104295742952,120.513603369982,51.1666015615842,38.440367609089
ENSG00000113580.17,68.7129318932772,70.0660484709198,39.6541162102278,42.1604031841621
ENSG00000113583.10,165.083899265609,128.921529186492,93.3790478498912,121.521162119055
ENSG00000113593.14,97.6674377854129,92.4871839816141,74.1915722642971,76.8807352181779
ENSG00000113594.12,15.5576449569684,30.8290613272047,3.83749511711882,6.20005929178854
ENSG00000113595.16,37.1654851749801,33.6317032660415,28.1416308588713,29.760284600585
ENSG00000113597.20,66.5521478714761,47.6449129602254,57.5624267567823,45.8804387592352
ENSG00000113615.15,179.345073809497,165.355874391371,154.778969723792,181.041731320225
ENSG00000113621.17,49.6980325014269,57.4541597461542,74.1915722642971,65.7206284929585
ENSG00000113638.16,57.4768549799111,53.250196837899,40.9332812492674,49.6004743343083
ENSG00000113643.11,429.996020338433,336.317032660415,404.216152336515,381.923652374174
ENSG00000113645.17,13.3968609351673,21.0198145412759,14.0708154294357,14.8801423002925
ENSG00000113648.19,526.366987710765,441.416105366795,358.16621093109,373.24356936567
ENSG00000113649.16,207.435266092912,234.020601892872,221.295551753852,174.841672028437
ENSG00000113657.15,52.2909733275883,63.0594436238278,19.1874755855941,14.8801423002925
ENSG00000113658.20,238.982712811209,281.665514853097,258.391337886,202.121932912306
ENSG00000113712.20,322.821132857095,270.45494709775,338.978735345495,343.483284765085
ENSG00000113716.15,109.335671503139,113.50699852289,120.241513669723,122.761173977413
ENSG00000113719.19,106.742730676978,152.743985666605,153.499804684753,141.361351852779
ENSG00000113721.16,122.732532438306,151.342664697187,33.2582910150297,14.8801423002925
ENSG00000113732.11,124.029002851387,112.105677553472,116.404018552604,107.881031677121
ENSG00000113734.20,22.0399970223719,25.2237774495311,26.8624658198317,18.6001778753656
ENSG00000113739.12,258.42976900742,285.869477761353,1061.70698240287,1147.01096898088
ENSG00000113758.16,328.871328118138,271.856268067169,141.987319333396,200.881921053949
ENSG00000113761.14,68.7129318932772,54.6515178073174,53.7249316396634,47.1204506175929
ENSG00000113790.13,26.7937218703345,16.8158516330207,17.9083105465545,14.8801423002925
ENSG00000113810.18,334.921523379181,397.975155314824,115.124853513565,172.361648311721
ENSG00000113811.13,37.1654851749801,30.8290613272047,66.5165820300595,35.9603438923735
ENSG00000113812.16,68.7129318932772,43.4409500519703,69.0749121081387,90.5208656601127
ENSG00000113838.15,47.1050916752655,26.6250984189495,38.3749511711882,35.9603438923735
ENSG00000113845.12,81.6776360240842,74.270011379175,103.612368162208,111.601067252194
ENSG00000113851.18,82.9741064371649,86.8819001039405,84.424892576614,76.8807352181779
ENSG00000113916.19,242.439967246091,340.52099556867,507.828520498723,515.844933076807
ENSG00000113966.13,14.2611745438877,15.4145306636024,10.2333203123168,4.96004743343083
ENSG00000113971.23,14.2611745438877,15.4145306636024,8.95415527327724,12.4001185835771
ENSG00000114019.17,476.668955209338,431.606858580866,165.012290036109,159.961529728144
ENSG00000114021.14,36.7333283706199,23.8224564801127,39.6541162102278,37.2003557507312
ENSG00000114023.17,19.4470561962105,18.2171726024391,16.6291455075149,27.2802608838696
ENSG00000114026.23,46.6729348709053,47.6449129602254,30.6999609369505,38.440367609089
ENSG00000114030.15,420.920727446868,333.514390721578,257.112172846961,230.642205654534
ENSG00000114054.16,108.471357894419,85.4805791345221,97.21654296701,127.721221410844
ENSG00000114062.24,197.927816396987,173.763800207881,104.891533201248,128.961233269202
ENSG00000114098.20,204.410168462391,184.974367963228,138.149824216277,184.761766895299
ENSG00000114107.11,46.6729348709053,25.2237774495311,30.6999609369505,37.2003557507312
ENSG00000114120.16,113.657239546742,147.138701788932,135.591494138198,145.081387427852
ENSG00000114125.15,71.7380295237989,60.256801684991,65.2374169910199,63.2406047762431
ENSG00000114126.20,59.6376390017123,39.2369871437151,53.7249316396634,43.4004150425198
ENSG00000114127.13,50.9945029145076,35.0330242354599,17.9083105465545,35.9603438923735
ENSG00000114209.17,106.310573872618,85.4805791345221,90.820717771812,93.0008893768281
ENSG00000114268.14,18.5827425874901,14.013209694184,19.1874755855941,16.1201541586502
ENSG00000114270.19,14.2611745438877,26.6250984189495,26.8624658198317,19.8401897337233
ENSG00000114302.19,90.3207721112889,58.8554807155726,46.0499414054258,54.5605217677392
ENSG00000114316.15,208.731736505993,200.388898626831,185.478930660743,166.161589019933
ENSG00000114331.18,90.3207721112889,89.6845420427773,99.7748730450892,81.8407826516087
ENSG00000114346.16,557.050120820342,496.067623174112,253.274677729842,259.162478396761
ENSG00000114353.19,286.952118095195,182.171726024391,97.21654296701,164.921577161575
ENSG00000114354.17,450.739546947724,358.738168171109,455.3827538981,543.125193960676
ENSG00000114383.12,33.276073935738,28.0264193883679,31.9791259759901,37.2003557507312
ENSG00000114388.16,30.6831331095766,44.8422710213887,95.9373779279704,83.0807945099664
ENSG00000114391.16,97.2352809810527,78.4739742874302,149.662309567634,96.7209249519012
ENSG00000114395.13,13.8290177395275,16.8158516330207,26.8624658198317,26.0402490255119
ENSG00000114405.13,13.8290177395275,8.40792581651037,21.7458056636733,8.68008300850396
ENSG00000114416.21,180.209387418218,145.737380819513,139.428989255317,136.401304419348
ENSG00000114423.25,23.3364674354526,25.2237774495311,53.7249316396634,32.2403083173004
ENSG00000114439.21,38.8941123924211,44.8422710213887,39.6541162102278,35.9603438923735
ENSG00000114446.7,42.3513668273029,53.250196837899,52.4457666006238,47.1204506175929
ENSG00000114450.13,106.742730676978,103.697751736961,48.608271483505,68.2006522096739
ENSG00000114473.16,10.8039201090059,12.6118887247656,12.7916503903961,12.4001185835771
ENSG00000114480.15,135.697236569113,98.0924678592877,104.891533201248,100.440960526974
ENSG00000114491.16,202.24938444059,189.178330871483,165.012290036109,155.001482294714
ENSG00000114503.12,242.439967246091,204.592861535086,175.245610348426,176.081683886795
ENSG00000114520.13,176.752132983336,131.724171125329,102.333203123168,86.8008300850396
ENSG00000114529.15,30.2509763052164,28.0264193883679,26.8624658198317,22.3202134504387
ENSG00000114544.19,54.4517573493895,67.263406532083,86.9832226546932,53.3205099093814
ENSG00000114554.13,14.693331348248,29.4277403577863,16.6291455075149,27.2802608838696
ENSG00000114573.14,196.631345983906,141.533417911258,81.8665624985348,94.2409012351858
ENSG00000114626.20,11.6682337177263,8.40792581651037,34.5374560540694,18.6001778753656
ENSG00000114648.14,56.6125413711907,103.697751736961,102.333203123168,101.680972385332
ENSG00000114650.23,65.6878342627556,47.6449129602254,49.8874365225446,58.2805573428123
ENSG00000114670.16,19.0148993918503,12.6118887247656,19.1874755855941,19.8401897337233
ENSG00000114686.11,391.534064750372,332.11306975216,405.495317375555,391.843747241036
ENSG00000114735.12,35.4368579575392,35.0330242354599,122.799843747802,96.7209249519012
ENSG00000114738.13,41.4870532185825,26.6250984189495,49.8874365225446,66.9606403513162
ENSG00000114742.16,164.651742461249,123.316245308819,99.7748730450892,114.081090968909
ENSG00000114744.11,140.450961417076,169.559837299626,131.753999021079,102.92098424369
ENSG00000114745.17,87.2956744807673,72.8686904097566,58.8415917958219,79.3607589348933
ENSG00000114767.9,43.2156804360234,35.0330242354599,26.8624658198317,39.6803794674467
ENSG00000114770.19,86.4313608720468,113.50699852289,90.820717771812,105.401007960405
ENSG00000114779.22,29.8188195008562,36.4343452048783,52.4457666006238,60.7605810595277
ENSG00000114784.5,48.4015620883462,57.4541597461542,126.637338864921,106.641019818763
ENSG00000114790.15,27.658035479055,42.0396290825519,42.212446288307,38.440367609089
ENSG00000114796.18,32.8439171313778,16.8158516330207,35.816621093109,35.9603438923735
ENSG00000114850.9,484.015620883462,348.928921385181,685.632460925229,765.087316606706
ENSG00000114857.21,61.3662662191532,64.4607645932462,52.4457666006238,53.3205099093814
ENSG00000114861.26,86.4313608720468,114.908319492308,145.824814450515,166.161589019933
ENSG00000114867.24,634.838345605184,631.995757207696,560.274287099347,560.485359977684
ENSG00000114902.16,70.0094023063579,78.4739742874302,71.6332421862179,84.3208063683242
ENSG00000114904.15,50.1301893057872,54.6515178073174,49.8874365225446,59.52056920117
ENSG00000114923.19,41.0548964142222,57.4541597461542,62.6790869129407,62.0005929178854
ENSG00000114933.18,15.9898017613287,25.2237774495311,14.0708154294357,23.5602253087965
ENSG00000114942.17,187.556053092342,204.592861535086,362.003706048208,324.88310688972
ENSG00000114956.22,63.9592070453146,42.0396290825519,60.1207568348615,63.2406047762431
ENSG00000114978.20,301.645449443443,229.816638984617,165.012290036109,168.641612736648
ENSG00000114982.21,123.596846047027,155.546627605442,85.7040576156536,116.561114685625
ENSG00000114988.14,121.436062025226,109.303035614635,83.1457275375744,99.2009486686166
ENSG00000114993.18,28.9545058921357,21.0198145412759,28.1416308588713,32.2403083173004
ENSG00000114999.10,20.311369804931,22.4211355106943,20.4666406246337,18.6001778753656
ENSG00000115020.19,23.3364674354526,28.0264193883679,5.11666015615842,33.4803201756581
ENSG00000115042.12,41.0548964142222,26.6250984189495,52.4457666006238,62.0005929178854
ENSG00000115053.19,2482.74084104954,3251.06464905068,4200.77798820606,3609.67451967929
ENSG00000115073.10,114.521553155462,93.8885049510325,84.424892576614,141.361351852779
ENSG00000115084.17,213.485461353956,234.020601892872,205.945571285377,214.522051495884
ENSG00000115091.14,1247.636694188,1151.88583686192,663.886655261555,608.845822453635
ENSG00000115107.22,34.5725443488187,39.2369871437151,48.608271483505,49.6004743343083
ENSG00000115109.16,57.4768549799111,57.4541597461542,47.3291064444654,32.2403083173004
ENSG00000115128.9,117.546650785984,102.296430767543,139.428989255317,88.0408419433973
ENSG00000115129.16,27.658035479055,47.6449129602254,42.212446288307,38.440367609089
ENSG00000115145.12,67.8486182845567,68.6647275015014,56.2832617177426,62.0005929178854
ENSG00000115159.19,143.476059047598,137.329455003003,58.8415917958219,44.6404269008775
ENSG00000115163.17,28.0901922834152,23.8224564801127,10.2333203123168,12.4001185835771
ENSG00000115170.18,20.7435266092912,18.2171726024391,20.4666406246337,31.0002964589427
ENSG00000115183.17,42.7835236316632,40.6383081131335,39.6541162102278,44.6404269008775
ENSG00000115204.17,151.687038330442,294.277403577863,565.390947255506,412.923948833117
ENSG00000115207.17,219.535656614999,236.823243831709,181.641435543624,186.001778753656
ENSG00000115211.19,144.772529460678,114.908319492308,161.17479491899,181.041731320225
ENSG00000115216.16,381.162301445726,367.14609398762,349.212055657812,349.683344056874
ENSG00000115233.14,293.002313356239,305.48797133321,246.878852534644,271.562596980338
ENSG00000115234.13,280.901922834152,252.237774495311,292.92879394007,378.203616799101
ENSG00000115239.26,74.7631271543205,61.6581226544094,97.21654296701,93.0008893768281
ENSG00000115241.13,558.778748037783,547.916499042593,506.549355459684,491.044695909652
ENSG00000115255.14,15.5576449569684,12.6118887247656,20.4666406246337,11.1601067252194
ENSG00000115268.12,235.525458376328,232.619280923454,365.841201165327,288.922762997346
ENSG00000115271.13,22.9043106310924,14.013209694184,10.2333203123168,12.4001185835771
ENSG00000115275.16,24.2007810441731,40.6383081131335,28.1416308588713,29.760284600585
ENSG00000115282.23,82.5419496328047,131.724171125329,163.73312499707,100.440960526974
ENSG00000115286.23,49.2658756970667,57.4541597461542,55.004096678703,58.2805573428123
ENSG00000115289.16,17.2862721744094,36.4343452048783,23.0249707027129,22.3202134504387
ENSG00000115295.23,37.5976419793404,43.4409500519703,60.1207568348615,81.8407826516087
ENSG00000115306.19,108.903514698779,106.500393675798,61.3999218739011,63.2406047762431
ENSG00000115307.19,185.827425874901,169.559837299626,287.812133783911,277.762656272127
ENSG00000115310.21,76.9239111761217,77.0726533180118,115.124853513565,93.0008893768281
ENSG00000115317.15,40.1905828055018,32.2303822966231,47.3291064444654,44.6404269008775
ENSG00000115318.14,30.2509763052164,39.2369871437151,29.4207958979109,45.8804387592352
ENSG00000115325.16,24.2007810441731,19.6184935718575,15.3499804684753,26.0402490255119
ENSG00000115339.17,193.606248353385,169.559837299626,112.566523435485,130.201245127559
ENSG00000115350.14,64.3913638496749,61.6581226544094,86.9832226546932,62.0005929178854
ENSG00000115355.20,23.3364674354526,35.0330242354599,6.39582519519803,17.3601660170079
ENSG00000115363.16,63.0948934365942,63.0594436238278,47.3291064444654,38.440367609089
ENSG00000115364.16,101.989005829015,79.8752952568485,71.6332421862179,89.280853801755
ENSG00000115365.15,94.6423401548913,67.263406532083,106.170698240287,69.4406640680317
ENSG00000115368.12,174.159192157174,168.158516330207,161.17479491899,159.961529728144
ENSG00000115380.22,28.5223490877754,23.8224564801127,21.7458056636733,23.5602253087965
ENSG00000115392.15,98.0995945897731,95.2898259204509,84.424892576614,75.6407233598202
ENSG00000115414.23,13657.4514881965,15745.2424123851,15310.326352265,17996.2921003454
ENSG00000115415.23,382.458771858807,542.311215164919,447.707763663862,367.043510073882
ENSG00000115419.16,80.3811656110035,93.8885049510325,31.9791259759901,44.6404269008775
ENSG00000115421.15,48.4015620883462,43.4409500519703,44.7707763663862,52.0804980510237
ENSG00000115425.16,12.964704130807,12.6118887247656,15.3499804684753,13.6401304419348
ENSG00000115446.14,38.0297987837006,19.6184935718575,42.212446288307,52.0804980510237
ENSG00000115459.20,33.7082307400983,22.4211355106943,29.4207958979109,28.5202727422273
ENSG00000115464.16,36.7333283706199,53.250196837899,42.212446288307,57.0405454844546
ENSG00000115468.15,22.0399970223719,16.8158516330207,5.11666015615842,7.44007115014625
ENSG00000115484.17,934.755167831186,830.983334865109,735.519897447773,789.88755377386
ENSG00000115486.15,82.5419496328047,100.895109798124,61.3999218739011,95.4809130935435
ENSG00000115504.17,79.9490088066433,72.8686904097566,52.4457666006238,39.6803794674467
ENSG00000115507.12,50.5623461101474,70.0660484709198,55.004096678703,50.840486192666
ENSG00000115514.14,182.802328244379,165.355874391371,143.266484372436,128.961233269202
ENSG00000115520.11,123.596846047027,85.4805791345221,72.9124072252575,107.881031677121
ENSG00000115524.19,869.931647177151,795.950310629649,671.561645495793,719.206877847471
ENSG00000115525.20,30.6831331095766,25.2237774495311,3.83749511711882,8.68008300850396
ENSG00000115526.13,38.8941123924211,21.0198145412759,11.5124853513564,39.6803794674467
ENSG00000115539.17,59.2054821973521,51.8488758684806,44.7707763663862,42.1604031841621
ENSG00000115540.17,114.089396351102,119.112282400564,110.008193357406,112.841079110551
ENSG00000115541.13,72.1701863281591,75.6713323485934,76.7499023423763,68.2006522096739
ENSG00000115548.19,41.4870532185825,36.4343452048783,49.8874365225446,47.1204506175929
ENSG00000115561.18,213.053304549595,159.750590513697,127.916503903961,166.161589019933
ENSG00000115568.18,81.6776360240842,112.105677553472,202.108076168258,186.001778753656
ENSG00000115641.21,321.092505639654,313.895897149721,400.378657219397,400.52383024954
ENSG00000115648.16,21.1756834136515,29.4277403577863,72.9124072252575,66.9606403513162
ENSG00000115649.18,183.666641853099,218.60607122927,363.282871087248,326.123118748077
ENSG00000115652.17,117.114493981623,103.697751736961,76.7499023423763,95.4809130935435
ENSG00000115657.16,54.4517573493895,28.0264193883679,39.6541162102278,47.1204506175929
ENSG00000115661.16,15.9898017613287,12.6118887247656,17.9083105465545,9.92009486686167
ENSG00000115677.20,1104.1606351404,895.444099458355,1148.69020505757,1319.3726172926
ENSG00000115685.17,100.692535415935,88.2832210733589,80.5873974594952,112.841079110551
ENSG00000115687.16,21.6078402180117,22.4211355106943,20.4666406246337,17.3601660170079
ENSG00000115694.17,190.581150722863,180.770405054973,111.287358396446,128.961233269202
ENSG00000115738.12,47.5372484796257,63.0594436238278,33.2582910150297,42.1604031841621
ENSG00000115750.19,85.9992040676866,77.0726533180118,51.1666015615842,71.9206877847471
ENSG00000115756.15,58.3411685886316,36.4343452048783,70.3540771471783,81.8407826516087
ENSG00000115758.16,26.7937218703345,21.0198145412759,44.7707763663862,29.760284600585
ENSG00000115760.17,51.4266597188679,81.2766162262669,81.8665624985348,59.52056920117
ENSG00000115761.19,122.732532438306,100.895109798124,104.891533201248,95.4809130935435
ENSG00000115762.19,420.056413838148,372.751377865293,451.545258780981,484.844636617864
ENSG00000115806.15,436.910529208197,346.126279446344,454.10358885906,463.764435025783
ENSG00000115808.15,19.4470561962105,8.40792581651037,5.11666015615842,16.1201541586502
ENSG00000115816.17,245.897221680973,193.382293779739,138.149824216277,204.601956629022
ENSG00000115825.13,57.0446981755509,57.4541597461542,29.4207958979109,29.760284600585
ENSG00000115827.16,33.7082307400983,36.4343452048783,49.8874365225446,60.7605810595277
ENSG00000115839.22,188.420366701062,243.829848678801,188.037260738822,147.561411144567
ENSG00000115840.16,22.9043106310924,39.2369871437151,30.6999609369505,44.6404269008775
ENSG00000115866.13,336.217993792262,333.514390721578,447.707763663862,451.364316442206
ENSG00000115875.21,283.062706855953,287.270798730771,251.995512690802,195.921873620518
ENSG00000115884.13,96.8031241766924,71.4673694403382,48.608271483505,62.0005929178854
ENSG00000115902.13,16.4219585656889,29.4277403577863,42.212446288307,40.9203913258044
ENSG00000115904.17,36.7333283706199,49.0462339296438,24.3041357417525,31.0002964589427
ENSG00000115942.11,59.6376390017123,75.6713323485934,58.8415917958219,65.7206284929585
ENSG00000115944.17,111.06429872058,88.2832210733589,150.941474606673,141.361351852779
ENSG00000115946.10,108.039201090059,92.4871839816141,99.7748730450892,75.6407233598202
ENSG00000115947.16,142.179588634517,112.105677553472,103.612368162208,114.081090968909
ENSG00000115963.16,278.741138812351,222.810034137525,574.345102528783,683.246533955097
ENSG00000115966.20,88.592144893848,88.2832210733589,86.9832226546932,62.0005929178854
ENSG00000115970.21,82.5419496328047,74.270011379175,78.0290673814159,75.6407233598202
ENSG00000115977.23,46.240778066545,56.0528387767358,61.3999218739011,65.7206284929585
ENSG00000115993.15,21.1756834136515,36.4343452048783,24.3041357417525,31.0002964589427
ENSG00000115998.10,29.3866626964959,25.2237774495311,42.212446288307,33.4803201756581
ENSG00000116001.19,91.6172425243696,106.500393675798,65.2374169910199,73.1606996431048
ENSG00000116005.14,165.51605606997,140.13209694184,98.4957080060496,110.361055393836
ENSG00000116016.16,715.219511216187,840.792581651037,945.302963850268,1031.68986615361
ENSG00000116030.19,244.168594463532,213.000787351596,176.524775387466,156.241494153071
ENSG00000116044.19,198.792130005708,165.355874391371,165.012290036109,193.441849903802
ENSG00000116062.21,415.734845794545,347.527600415762,223.853881831931,274.042620697054
ENSG00000116095.13,28.5223490877754,25.2237774495311,25.5833007807921,14.8801423002925
ENSG00000116096.9,35.004701153179,19.6184935718575,25.5833007807921,29.760284600585
ENSG00000116120.13,356.097206792833,358.738168171109,333.862075189337,370.763545648955
ENSG00000116127.21,11.6682337177263,16.8158516330207,16.6291455075149,26.0402490255119
ENSG00000116128.13,22.0399970223719,49.0462339296438,30.6999609369505,19.8401897337233
ENSG00000116133.15,3506.52031057894,3560.75658329214,1309.86499997656,1476.85412330403
ENSG00000116138.15,45.8086212621848,50.4475548990622,101.054038084129,96.7209249519012
ENSG00000116151.16,6.05019526104328,15.4145306636024,10.2333203123168,12.4001185835771
ENSG00000116161.20,277.01251159491,222.810034137525,255.833007807921,229.402193796176
ENSG00000116171.21,128.35057089499,100.895109798124,80.5873974594952,76.8807352181779
ENSG00000116191.21,82.1097928284445,79.8752952568485,42.212446288307,65.7206284929585
ENSG00000116198.16,26.3615650659743,32.2303822966231,26.8624658198317,31.0002964589427
ENSG00000116199.14,44.9443076534643,47.6449129602254,51.1666015615842,63.2406047762431
ENSG00000116205.16,80.8133224153638,134.526813064166,121.520678708763,97.9609368102589
ENSG00000116209.14,224.289381462961,207.395503473923,234.087202144248,169.881624595006
ENSG00000116212.18,86.863517676407,88.2832210733589,58.8415917958219,78.1207470765356
ENSG00000116213.18,13.8290177395275,29.4277403577863,46.0499414054258,22.3202134504387
ENSG00000116221.17,296.891724595481,255.040416434148,373.516191399565,349.683344056874
ENSG00000116237.18,121.003905220866,133.125492094748,107.449863279327,89.280853801755
ENSG00000116251.13,94.210183350531,91.0858630121957,104.891533201248,97.9609368102589
ENSG00000116260.18,512.105813166877,484.857055418765,487.36187987409,524.525016085311
ENSG00000116266.13,94.210183350531,84.0792581651037,65.2374169910199,54.5605217677392
ENSG00000116273.8,45.8086212621848,15.4145306636024,17.9083105465545,19.8401897337233
ENSG00000116285.15,45.8086212621848,40.6383081131335,51.1666015615842,53.3205099093814
ENSG00000116288.15,266.640748290264,234.020601892872,294.207958979109,209.562004062453
ENSG00000116299.19,14.2611745438877,16.8158516330207,6.39582519519803,12.4001185835771
ENSG00000116337.22,115.385866764182,117.710961431145,136.870659177238,188.481802470372
ENSG00000116350.20,104.149789850816,77.0726533180118,72.9124072252575,75.6407233598202
ENSG00000116353.18,31.9796035226573,22.4211355106943,30.6999609369505,38.440367609089
ENSG00000116406.22,31.5474467182971,39.2369871437151,24.3041357417525,62.0005929178854
ENSG00000116455.15,201.385070831869,236.823243831709,269.903823237357,243.042324238111
ENSG00000116459.13,309.856428726288,308.290613272047,291.64962890103,280.242679988842
ENSG00000116473.17,27.2258786746947,21.0198145412759,14.0708154294357,21.080201592081
ENSG00000116478.15,385.051712684969,410.58704403959,269.903823237357,312.482988306142
ENSG00000116489.15,508.216401927635,447.021389244468,315.953764642783,323.643095031362
ENSG00000116497.20,56.1803845668304,50.4475548990622,60.1207568348615,64.4806166346008
ENSG00000116521.14,76.0595975674012,187.777009902065,463.057744132337,106.641019818763
ENSG00000116539.15,10.3717633046456,25.2237774495311,20.4666406246337,17.3601660170079
ENSG00000116560.13,117.546650785984,75.6713323485934,60.1207568348615,49.6004743343083
ENSG00000116580.22,68.7129318932772,54.6515178073174,67.7957470690991,80.600770793251
ENSG00000116584.24,46.240778066545,39.2369871437151,106.170698240287,125.241197694129
ENSG00000116586.14,15.9898017613287,15.4145306636024,20.4666406246337,18.6001778753656
ENSG00000116641.20,49.2658756970667,49.0462339296438,37.0957861321486,44.6404269008775
ENSG00000116649.12,15.5576449569684,19.6184935718575,38.3749511711882,35.9603438923735
ENSG00000116667.17,21.6078402180117,21.0198145412759,16.6291455075149,11.1601067252194
ENSG00000116668.15,12.964704130807,14.013209694184,6.39582519519803,16.1201541586502
ENSG00000116670.19,72.1701863281591,54.6515178073174,79.3082324204556,89.280853801755
ENSG00000116675.16,247.625848898414,280.264193883679,139.428989255317,120.281150260698
ENSG00000116678.21,42.3513668273029,47.6449129602254,23.0249707027129,32.2403083173004
ENSG00000116679.19,439.935626838718,468.041203785744,484.803549796011,467.484470600856
ENSG00000116685.19,10.8039201090059,21.0198145412759,17.9083105465545,11.1601067252194
ENSG00000116688.20,240.27918322429,213.000787351596,125.358173825881,152.521458577998
ENSG00000116691.13,69.1450886976374,82.6779371956853,127.916503903961,84.3208063683242
ENSG00000116698.24,77.7882247848421,84.0792581651037,58.8415917958219,53.3205099093814
ENSG00000116704.10,57.0446981755509,70.0660484709198,65.2374169910199,76.8807352181779
ENSG00000116717.14,46.6729348709053,32.2303822966231,79.3082324204556,84.3208063683242
ENSG00000116729.16,79.5168520022831,79.8752952568485,106.170698240287,116.561114685625
ENSG00000116731.24,54.4517573493895,72.8686904097566,74.1915722642971,63.2406047762431
ENSG00000116741.9,44.9443076534643,75.6713323485934,10.2333203123168,12.4001185835771
ENSG00000116747.15,74.7631271543205,65.8620855626646,43.4916113273466,53.3205099093814
ENSG00000116750.16,107.174887481338,89.6845420427773,80.5873974594952,99.2009486686166
ENSG00000116752.8,90.7529289156492,75.6713323485934,106.170698240287,102.92098424369
ENSG00000116754.16,286.087804486475,243.829848678801,231.528872066169,195.921873620518
ENSG00000116761.14,6.48235206540351,4.20396290825519,15.3499804684753,11.1601067252194
ENSG00000116774.14,16.4219585656889,18.2171726024391,2.55833007807921,2.48002371671542
ENSG00000116786.17,9.50744969592515,16.8158516330207,17.9083105465545,29.760284600585
ENSG00000116791.16,156.008606374044,145.737380819513,135.591494138198,102.92098424369
ENSG00000116793.18,51.8588165232281,44.8422710213887,34.5374560540694,31.0002964589427
ENSG00000116809.14,29.8188195008562,35.0330242354599,15.3499804684753,28.5202727422273
ENSG00000116815.18,20.311369804931,32.2303822966231,42.212446288307,22.3202134504387
ENSG00000116830.14,159.033704004566,207.395503473923,127.916503903961,125.241197694129
ENSG00000116857.19,511.241499558157,884.233531703008,1398.12738767029,1184.21132473161
ENSG00000116863.13,98.5317513941334,92.4871839816141,74.1915722642971,68.2006522096739
ENSG00000116871.18,16.4219585656889,8.40792581651037,14.0708154294357,14.8801423002925
ENSG00000116874.14,52.2909733275883,61.6581226544094,80.5873974594952,47.1204506175929
ENSG00000116898.14,79.0846951979228,67.263406532083,76.7499023423763,71.9206877847471
ENSG00000116903.7,21.1756834136515,33.6317032660415,35.816621093109,23.5602253087965
ENSG00000116906.15,119.707434807785,110.704356584053,122.799843747802,114.081090968909
ENSG00000116918.17,93.7780265461708,63.0594436238278,60.1207568348615,75.6407233598202
ENSG00000116922.17,95.0744969592515,91.0858630121957,101.054038084129,101.680972385332
ENSG00000116954.10,15.1254881526082,5.60528387767358,7.67499023423763,13.6401304419348
ENSG00000116962.17,59.2054821973521,54.6515178073174,60.1207568348615,44.6404269008775
ENSG00000116977.21,97.6674377854129,138.730775972421,161.17479491899,138.881328136063
ENSG00000116984.17,37.1654851749801,42.0396290825519,25.5833007807921,27.2802608838696
ENSG00000116991.14,11.2360769133661,14.013209694184,10.2333203123168,11.1601067252194
ENSG00000117000.10,47.1050916752655,29.4277403577863,16.6291455075149,31.0002964589427
ENSG00000117020.20,63.5270502409544,103.697751736961,86.9832226546932,76.8807352181779
ENSG00000117054.17,106.310573872618,105.09907270638,83.1457275375744,90.5208656601127
ENSG00000117118.14,108.471357894419,121.9149243394,179.083105465545,94.2409012351858
ENSG00000117122.16,13.8290177395275,25.2237774495311,51.1666015615842,35.9603438923735
ENSG00000117133.13,41.9192100229427,33.6317032660415,25.5833007807921,44.6404269008775
ENSG00000117139.20,82.1097928284445,86.8819001039405,66.5165820300595,54.5605217677392
ENSG00000117143.16,677.621869236847,679.640670167922,1054.03199216864,1062.69016261256
ENSG00000117151.15,9.93960650028538,9.80924678592877,10.2333203123168,22.3202134504387
ENSG00000117153.18,102.421162633375,114.908319492308,111.287358396446,115.321102827267
ENSG00000117155.19,63.5270502409544,56.0528387767358,46.0499414054258,38.440367609089
ENSG00000117174.13,182.802328244379,316.698539088557,571.786772450704,512.124897501733
ENSG00000117222.16,152.983508743523,197.586256687994,181.641435543624,135.16129256099
ENSG00000117226.15,15.5576449569684,15.4145306636024,26.8624658198317,24.8002371671542
ENSG00000117228.13,31.9796035226573,33.6317032660415,6.39582519519803,4.96004743343083
ENSG00000117262.21,91.1850857200094,86.8819001039405,89.5415527327724,93.0008893768281
ENSG00000117280.15,131.375668525511,131.724171125329,180.362270504584,167.401600878291
ENSG00000117298.17,124.461159655747,103.697751736961,46.0499414054258,86.8008300850396
ENSG00000117305.17,34.5725443488187,26.6250984189495,46.0499414054258,47.1204506175929
ENSG00000117308.17,35.004701153179,37.8356661742967,72.9124072252575,57.0405454844546
ENSG00000117335.23,452.036017360805,482.054413479928,414.449472648832,403.003853966255
ENSG00000117360.15,106.310573872618,106.500393675798,99.7748730450892,95.4809130935435
ENSG00000117362.15,56.6125413711907,54.6515178073174,66.5165820300595,68.2006522096739
ENSG00000117385.18,91.1850857200094,75.6713323485934,97.21654296701,95.4809130935435
ENSG00000117394.26,180.209387418218,144.336059850095,193.15392089498,220.722110787672
ENSG00000117395.15,174.159192157174,151.342664697187,212.341396480575,189.721814328729
ENSG00000117399.16,379.865831032646,355.935526232272,362.003706048208,318.683047597931
ENSG00000117408.13,32.4117603270176,29.4277403577863,42.212446288307,57.0405454844546
ENSG00000117410.16,124.893316460108,135.928134033584,250.716347651763,193.441849903802
ENSG00000117411.20,19.8792130005708,22.4211355106943,46.0499414054258,37.2003557507312
ENSG00000117419.18,56.1803845668304,44.8422710213887,90.820717771812,74.4007115014625
ENSG00000117448.16,112.360769133661,98.0924678592877,185.478930660743,174.841672028437
ENSG00000117450.17,400.609357641937,386.764587559477,399.099492180357,342.243272906727
ENSG00000117461.17,76.0595975674012,81.2766162262669,12.7916503903961,1.24001185835771
ENSG00000117475.16,74.7631271543205,74.270011379175,70.3540771471783,55.8005336260969
ENSG00000117479.17,7.34666567412398,11.2105677553472,7.67499023423763,14.8801423002925
ENSG00000117481.14,155.144292765324,238.224564801127,425.961958000189,363.323474498808
ENSG00000117500.15,149.526254308641,144.336059850095,140.708154294357,156.241494153071
ENSG00000117505.15,82.5419496328047,58.8554807155726,46.0499414054258,44.6404269008775
ENSG00000117519.18,894.132428221324,711.871052464545,461.778579093298,461.284411309067
ENSG00000117523.19,121.868218829586,152.743985666605,165.012290036109,167.401600878291
ENSG00000117525.16,30.2509763052164,40.6383081131335,17.9083105465545,17.3601660170079
ENSG00000117528.16,133.104295742952,93.8885049510325,53.7249316396634,59.52056920117
ENSG00000117533.17,17.2862721744094,18.2171726024391,48.608271483505,18.6001778753656
ENSG00000117543.24,16.8541153700491,9.80924678592877,34.5374560540694,43.4004150425198
ENSG00000117569.22,16.8541153700491,29.4277403577863,15.3499804684753,6.20005929178854
ENSG00000117592.11,155.144292765324,130.322850155911,143.266484372436,140.121339994421
ENSG00000117593.14,222.992911049881,231.217959954035,220.016386714812,188.481802470372
ENSG00000117597.20,73.8988135456,75.6713323485934,98.4957080060496,117.801126543982
ENSG00000117602.15,18.1505857831298,21.0198145412759,29.4207958979109,13.6401304419348
ENSG00000117614.12,38.8941123924211,36.4343452048783,75.4707373033367,60.7605810595277
ENSG00000117616.20,35.4368579575392,30.8290613272047,44.7707763663862,31.0002964589427
ENSG00000117620.17,39.3262691967813,26.6250984189495,19.1874755855941,24.8002371671542
ENSG00000117625.16,41.9192100229427,29.4277403577863,37.0957861321486,38.440367609089
ENSG00000117632.25,838.816357263214,805.759557415577,747.03238279913,693.166628821959
ENSG00000117640.20,66.1199910671158,58.8554807155726,51.1666015615842,47.1204506175929
ENSG00000117650.15,106.310573872618,89.6845420427773,71.6332421862179,63.2406047762431
ENSG00000117676.16,86.863517676407,100.895109798124,35.816621093109,43.4004150425198
ENSG00000117682.20,61.7984230235135,39.2369871437151,63.9582519519803,44.6404269008775
ENSG00000117697.17,64.3913638496749,57.4541597461542,55.004096678703,49.6004743343083
ENSG00000117713.23,140.450961417076,228.415318015198,213.620561519614,157.481506011429
ENSG00000117724.16,76.4917543717614,107.901714645216,34.5374560540694,43.4004150425198
ENSG00000117748.12,185.39526907054,170.961158269044,150.941474606673,131.441256985917
ENSG00000117751.20,33.7082307400983,33.6317032660415,21.7458056636733,32.2403083173004
ENSG00000117758.16,70.4415591107182,61.6581226544094,60.1207568348615,50.840486192666
ENSG00000117859.21,175.023505765895,182.171726024391,189.316425777862,181.041731320225
ENSG00000117862.16,137.858020590915,110.704356584053,147.103979489555,122.761173977413
ENSG00000117868.20,54.0196005450293,51.8488758684806,24.3041357417525,28.5202727422273
ENSG00000117877.12,28.9545058921357,23.8224564801127,30.6999609369505,33.4803201756581
ENSG00000117899.13,152.551351939163,145.737380819513,135.591494138198,158.721517869787
ENSG00000117906.16,237.686242398129,228.415318015198,152.220639645713,181.041731320225
ENSG00000117984.17,264.479964268463,243.829848678801,372.237026360525,420.364019983263
ENSG00000118007.15,230.771733528365,246.632490617638,315.953764642783,313.7230001645
ENSG00000118058.26,179.345073809497,288.672119700189,319.791259759901,274.042620697054
ENSG00000118096.11,25.929408261614,15.4145306636024,51.1666015615842,65.7206284929585
ENSG00000118162.16,18.1505857831298,21.0198145412759,19.1874755855941,18.6001778753656
ENSG00000118181.13,95.938810567972,79.8752952568485,136.870659177238,116.561114685625
ENSG00000118193.14,44.5121508491041,51.8488758684806,10.2333203123168,26.0402490255119
ENSG00000118197.16,23.7686242398129,14.013209694184,8.95415527327724,24.8002371671542
ENSG00000118200.18,31.9796035226573,26.6250984189495,26.8624658198317,32.2403083173004
ENSG00000118217.9,63.5270502409544,49.0462339296438,63.9582519519803,88.0408419433973
ENSG00000118246.16,127.918414090629,130.322850155911,98.4957080060496,84.3208063683242
ENSG00000118257.18,4.75372484796257,0,8.95415527327724,12.4001185835771
ENSG00000118260.17,63.0948934365942,81.2766162262669,58.8415917958219,74.4007115014625
ENSG00000118263.18,25.929408261614,35.0330242354599,16.6291455075149,18.6001778753656
ENSG00000118363.15,184.09879865746,179.369084085555,248.158017573683,249.242383529899
ENSG00000118402.7,7.77882247848421,8.40792581651037,14.0708154294357,3.72003557507312
ENSG00000118412.13,20.7435266092912,21.0198145412759,17.9083105465545,9.92009486686167
ENSG00000118418.18,21.1756834136515,15.4145306636024,17.9083105465545,7.44007115014625
ENSG00000118454.15,69.1450886976374,61.6581226544094,47.3291064444654,40.9203913258044
ENSG00000118482.14,31.5474467182971,28.0264193883679,44.7707763663862,35.9603438923735
ENSG00000118495.23,21.1756834136515,28.0264193883679,40.9332812492674,64.4806166346008
ENSG00000118496.7,19.8792130005708,21.0198145412759,31.9791259759901,22.3202134504387
ENSG00000118503.20,6.48235206540351,0,7.67499023423763,17.3601660170079
ENSG00000118508.7,104.149789850816,68.6647275015014,42.212446288307,40.9203913258044
ENSG00000118515.14,123.164689242667,110.704356584053,93.3790478498912,94.2409012351858
ENSG00000118518.19,12.5325473264468,12.6118887247656,10.2333203123168,12.4001185835771
ENSG00000118523.8,518.156008427921,795.950310629649,404.216152336515,212.042027779168
ENSG00000118526.9,12.1003905220866,4.20396290825519,14.0708154294357,14.8801423002925
ENSG00000118564.17,180.209387418218,182.171726024391,157.337299801871,126.481209552486
ENSG00000118579.14,47.969405283986,33.6317032660415,46.0499414054258,50.840486192666
ENSG00000118600.15,36.7333283706199,36.4343452048783,52.4457666006238,45.8804387592352
ENSG00000118620.15,27.2258786746947,21.0198145412759,5.11666015615842,13.6401304419348
ENSG00000118655.10,69.5772455019977,65.8620855626646,46.0499414054258,57.0405454844546
ENSG00000118680.16,189.284680309783,179.369084085555,166.291455075149,183.521755036941
ENSG00000118689.17,15.1254881526082,25.2237774495311,7.67499023423763,8.68008300850396
ENSG00000118705.20,1343.14334795161,1346.66945161108,1385.33573727989,1452.05388613688
ENSG00000118707.13,50.9945029145076,36.4343452048783,34.5374560540694,23.5602253087965
ENSG00000118762.10,8.64313608720468,11.2105677553472,17.9083105465545,9.92009486686167
ENSG00000118777.14,14.2611745438877,16.8158516330207,14.0708154294357,28.5202727422273
ENSG00000118816.14,129.64704130807,105.09907270638,66.5165820300595,97.9609368102589
ENSG00000118855.23,185.39526907054,322.303822966231,628.070034168446,474.924541751002
ENSG00000118873.19,109.335671503139,102.296430767543,84.424892576614,79.3607589348933
ENSG00000118894.17,25.4972514572538,29.4277403577863,40.9332812492674,28.5202727422273
ENSG00000118898.18,9.07529289156492,16.8158516330207,0,11.1601067252194
ENSG00000118900.17,35.004701153179,91.0858630121957,65.2374169910199,76.8807352181779
ENSG00000118922.21,59.6376390017123,68.6647275015014,34.5374560540694,43.4004150425198
ENSG00000118939.21,40.622739609862,49.0462339296438,63.9582519519803,42.1604031841621
ENSG00000118960.15,40.622739609862,29.4277403577863,49.8874365225446,47.1204506175929
ENSG00000118961.17,70.4415591107182,57.4541597461542,62.6790869129407,70.6806759263894
ENSG00000118965.18,43.2156804360234,30.8290613272047,42.212446288307,44.6404269008775
ENSG00000118985.18,279.173295616711,367.14609398762,332.582910150297,314.963012022858
ENSG00000119004.19,40.1905828055018,47.6449129602254,62.6790869129407,64.4806166346008
ENSG00000119013.12,27.2258786746947,30.8290613272047,19.1874755855941,27.2802608838696
ENSG00000119041.13,113.657239546742,99.4937888287061,113.845688474525,132.681268844275
ENSG00000119048.11,54.0196005450293,58.8554807155726,61.3999218739011,49.6004743343083
ENSG00000119139.23,53.1552869363088,30.8290613272047,35.816621093109,29.760284600585
ENSG00000119185.15,240.71134002865,287.270798730771,391.424501946119,262.882513971834
ENSG00000119203.16,233.796831158887,207.395503473923,234.087202144248,199.641909195591
ENSG00000119231.13,53.1552869363088,37.8356661742967,51.1666015615842,50.840486192666
ENSG00000119280.19,125.325473264468,119.112282400564,69.0749121081387,70.6806759263894
ENSG00000119285.13,154.279979156604,89.6845420427773,92.0998828108516,96.7209249519012
ENSG00000119314.19,78.2203815892024,54.6515178073174,57.5624267567823,42.1604031841621
ENSG00000119318.15,24.2007810441731,28.0264193883679,14.0708154294357,21.080201592081
ENSG00000119321.12,95.938810567972,64.4607645932462,115.124853513565,119.04113840234
ENSG00000119326.17,1089.89946059651,927.674481754978,616.55754881709,644.806166346008
ENSG00000119328.14,350.47916833615,613.778584605257,1158.92352536988,869.248312708753
ENSG00000119333.14,111.49645552494,119.112282400564,115.124853513565,96.7209249519012
ENSG00000119335.20,259.29408261614,239.625885770546,170.128950192268,168.641612736648
ENSG00000119383.23,331.4642689443,543.712536134337,447.707763663862,388.123711665963
ENSG00000119392.18,162.923115243808,124.717566278237,130.47483398204,135.16129256099
ENSG00000119396.14,150.822724721722,117.710961431145,116.404018552604,121.521162119055
ENSG00000119397.21,18.1505857831298,18.2171726024391,8.95415527327724,21.080201592081
ENSG00000119401.13,166.38036967869,134.526813064166,92.0998828108516,105.401007960405
ENSG00000119402.20,130.943511721151,173.763800207881,133.033164060119,146.32139928621
ENSG00000119403.17,76.0595975674012,64.4607645932462,39.6541162102278,44.6404269008775
ENSG00000119408.19,176.752132983336,177.967763116136,116.404018552604,122.761173977413
ENSG00000119414.14,216.510558984477,214.402108321015,171.408115231307,125.241197694129
ENSG00000119421.9,38.4619555880608,44.8422710213887,43.4916113273466,52.0804980510237
ENSG00000119446.16,136.993706982194,135.928134033584,166.291455075149,151.28144671964
ENSG00000119471.17,107.174887481338,82.6779371956853,89.5415527327724,84.3208063683242
ENSG00000119487.19,166.81252648305,148.54002275835,173.966445309386,178.56170760351
ENSG00000119509.15,26.3615650659743,29.4277403577863,34.5374560540694,38.440367609089
ENSG00000119522.20,308.127801508847,452.626673122142,674.119975573872,476.16455360936
ENSG00000119523.12,163.787428852529,235.42192286229,368.399531243406,389.36372352432
ENSG00000119537.20,35.4368579575392,22.4211355106943,67.7957470690991,69.4406640680317
ENSG00000119541.12,93.3458697418106,63.0594436238278,52.4457666006238,68.2006522096739
ENSG00000119559.19,47.5372484796257,33.6317032660415,52.4457666006238,39.6803794674467
ENSG00000119574.15,7.77882247848421,8.40792581651037,20.4666406246337,9.92009486686167
ENSG00000119596.20,102.421162633375,116.309640461727,93.3790478498912,65.7206284929585
ENSG00000119599.20,74.7631271543205,84.0792581651037,63.9582519519803,62.0005929178854
ENSG00000119616.12,207.867422897273,329.310427813323,388.86617186804,212.042027779168
ENSG00000119636.18,6.91450886976375,15.4145306636024,20.4666406246337,21.080201592081
ENSG00000119638.16,116.682337177263,145.737380819513,216.178891597693,181.041731320225
ENSG00000119640.11,16.4219585656889,25.2237774495311,19.1874755855941,21.080201592081
ENSG00000119650.15,19.8792130005708,26.6250984189495,39.6541162102278,24.8002371671542
ENSG00000119655.13,70.0094023063579,84.0792581651037,118.962348630683,86.8008300850396
ENSG00000119661.17,20.311369804931,28.0264193883679,23.0249707027129,22.3202134504387
ENSG00000119673.18,73.8988135456,42.0396290825519,53.7249316396634,53.3205099093814
ENSG00000119681.14,11.6682337177263,11.2105677553472,26.8624658198317,33.4803201756581
ENSG00000119682.20,71.3058727194386,84.0792581651037,78.0290673814159,84.3208063683242
ENSG00000119684.18,12.5325473264468,12.6118887247656,7.67499023423763,13.6401304419348
ENSG00000119685.22,378.137203815205,526.896684501317,603.765898426694,540.645170243961
ENSG00000119686.12,15.9898017613287,11.2105677553472,17.9083105465545,8.68008300850396
ENSG00000119688.23,55.31607095811,56.0528387767358,49.8874365225446,60.7605810595277
ENSG00000119689.17,21.6078402180117,19.6184935718575,20.4666406246337,29.760284600585
ENSG00000119705.12,64.8235206540351,63.0594436238278,75.4707373033367,47.1204506175929
ENSG00000119707.16,155.576449569684,155.546627605442,104.891533201248,114.081090968909
ENSG00000119711.15,28.9545058921357,26.6250984189495,24.3041357417525,22.3202134504387
ENSG00000119718.13,124.461159655747,77.0726533180118,184.199765621703,132.681268844275
ENSG00000119720.20,39.7584260011415,37.8356661742967,31.9791259759901,31.0002964589427
ENSG00000119723.19,44.5121508491041,47.6449129602254,52.4457666006238,59.52056920117
ENSG00000119725.23,187.123896287981,142.934738880676,203.387241207297,189.721814328729
ENSG00000119729.14,7.34666567412398,7.00660484709198,1.27916503903961,14.8801423002925
ENSG00000119737.7,6.48235206540351,9.80924678592877,17.9083105465545,8.68008300850396
ENSG00000119760.18,86.4313608720468,81.2766162262669,138.149824216277,143.841375569494
ENSG00000119771.17,2.16078402180117,2.80264193883679,20.4666406246337,19.8401897337233
ENSG00000119772.21,45.3764644578246,56.0528387767358,53.7249316396634,53.3205099093814
ENSG00000119777.22,481.854836861661,484.857055418765,887.740537093486,809.727743507583
ENSG00000119778.17,33.276073935738,33.6317032660415,39.6541162102278,28.5202727422273
ENSG00000119787.16,82.9741064371649,79.8752952568485,71.6332421862179,69.4406640680317
ENSG00000119801.16,143.043902243237,131.724171125329,152.220639645713,148.801423002925
ENSG00000119812.21,432.588961164594,376.955340773548,385.028676750921,407.963901399686
ENSG00000119820.13,88.592144893848,92.4871839816141,89.5415527327724,85.5608182266819
ENSG00000119844.19,54.4517573493895,49.0462339296438,42.212446288307,44.6404269008775
ENSG00000119862.15,19.8792130005708,14.013209694184,11.5124853513564,9.92009486686167
ENSG00000119865.11,49.2658756970667,50.4475548990622,43.4916113273466,40.9203913258044
ENSG00000119866.23,14.693331348248,9.80924678592877,2.55833007807921,13.6401304419348
ENSG00000119878.9,28.0901922834152,19.6184935718575,28.1416308588713,17.3601660170079
ENSG00000119899.15,13.3968609351673,14.013209694184,23.0249707027129,32.2403083173004
ENSG00000119900.10,6.05019526104328,32.2303822966231,8.95415527327724,11.1601067252194
ENSG00000119906.15,166.81252648305,114.908319492308,95.9373779279704,107.881031677121
ENSG00000119912.20,111.49645552494,93.8885049510325,84.424892576614,130.201245127559
ENSG00000119917.16,55.31607095811,40.6383081131335,17.9083105465545,40.9203913258044
ENSG00000119922.12,47.969405283986,39.2369871437151,11.5124853513564,14.8801423002925
ENSG00000119927.16,73.0344999368796,71.4673694403382,57.5624267567823,47.1204506175929
ENSG00000119929.15,34.1403875444585,30.8290613272047,34.5374560540694,40.9203913258044
ENSG00000119938.10,55.31607095811,32.2303822966231,23.0249707027129,42.1604031841621
ENSG00000119943.15,19.8792130005708,8.40792581651037,16.6291455075149,4.96004743343083
ENSG00000119950.22,20.311369804931,9.80924678592877,11.5124853513564,19.8401897337233
ENSG00000119953.16,85.5670472633263,63.0594436238278,81.8665624985348,59.52056920117
ENSG00000119965.14,78.6525383935626,63.0594436238278,51.1666015615842,49.6004743343083
ENSG00000119969.18,210.460363723434,194.783614749157,140.708154294357,131.441256985917
ENSG00000119977.24,143.043902243237,112.105677553472,147.103979489555,109.121043535478
ENSG00000119979.20,105.014103459537,86.8819001039405,115.124853513565,127.721221410844
ENSG00000119986.9,27.658035479055,22.4211355106943,26.8624658198317,29.760284600585
ENSG00000120008.17,93.7780265461708,81.2766162262669,86.9832226546932,116.561114685625
ENSG00000120029.15,120.139591612145,128.921529186492,112.566523435485,90.5208656601127
ENSG00000120053.14,283.927020464674,242.428527709382,298.045454096228,345.963308481801
ENSG00000120063.12,121.003905220866,102.296430767543,49.8874365225446,71.9206877847471
ENSG00000120071.17,28.5223490877754,36.4343452048783,31.9791259759901,17.3601660170079
ENSG00000120129.8,118.843121199064,229.816638984617,186.758095699782,88.0408419433973
ENSG00000120137.9,168.108996896131,187.777009902065,152.220639645713,158.721517869787
ENSG00000120158.13,56.6125413711907,51.8488758684806,57.5624267567823,53.3205099093814
ENSG00000120159.15,73.8988135456,77.0726533180118,98.4957080060496,76.8807352181779
ENSG00000120217.15,130.511354916791,197.586256687994,139.428989255317,124.001185835771
ENSG00000120253.16,58.3411685886316,49.0462339296438,37.0957861321486,48.3604624759506
ENSG00000120254.18,14.693331348248,9.80924678592877,24.3041357417525,19.8401897337233
ENSG00000120265.23,186.259582679261,138.730775972421,139.428989255317,141.361351852779
ENSG00000120306.13,27.2258786746947,25.2237774495311,49.8874365225446,64.4806166346008
ENSG00000120314.20,66.5521478714761,63.0594436238278,42.212446288307,59.52056920117
ENSG00000120318.18,4.32156804360234,4.20396290825519,6.39582519519803,12.4001185835771
ENSG00000120333.6,46.240778066545,58.8554807155726,52.4457666006238,38.440367609089
ENSG00000120334.18,240.27918322429,354.534205262854,336.420405267416,260.402490255119
ENSG00000120370.15,27.2258786746947,21.0198145412759,43.4916113273466,38.440367609089
ENSG00000120437.11,1117.12533927121,1034.17487543078,392.703666985159,376.963604940743
ENSG00000120438.14,471.915230361376,444.218747305631,411.891142570753,412.923948833117
ENSG00000120451.12,166.38036967869,177.967763116136,141.987319333396,163.681565303217
ENSG00000120509.14,83.4062632415252,68.6647275015014,112.566523435485,65.7206284929585
ENSG00000120519.18,12.964704130807,5.60528387767358,19.1874755855941,11.1601067252194
ENSG00000120526.14,196.631345983906,156.94794857486,184.199765621703,172.361648311721
ENSG00000120533.14,87.7278312851275,77.0726533180118,66.5165820300595,64.4806166346008
ENSG00000120539.17,103.285476242096,149.941343727768,89.5415527327724,121.521162119055
ENSG00000120616.17,8.21097928284445,19.6184935718575,0,7.44007115014625
ENSG00000120647.12,36.3011715662597,36.4343452048783,26.8624658198317,29.760284600585
ENSG00000120656.16,32.4117603270176,44.8422710213887,37.0957861321486,32.2403083173004
ENSG00000120662.18,12.5325473264468,7.00660484709198,12.7916503903961,14.8801423002925
ENSG00000120675.8,10.8039201090059,12.6118887247656,12.7916503903961,6.20005929178854
ENSG00000120685.22,117.114493981623,179.369084085555,196.991416012099,172.361648311721
ENSG00000120686.14,99.3960650028538,74.270011379175,93.3790478498912,121.521162119055
ENSG00000120688.11,24.2007810441731,11.2105677553472,28.1416308588713,22.3202134504387
ENSG00000120690.19,14.693331348248,15.4145306636024,15.3499804684753,14.8801423002925
ENSG00000120694.22,308.559958313207,257.843058372985,176.524775387466,214.522051495884
ENSG00000120697.12,33.7082307400983,25.2237774495311,70.3540771471783,54.5605217677392
ENSG00000120699.16,83.8384200458854,70.0660484709198,90.820717771812,83.0807945099664
ENSG00000120705.15,360.850931640795,390.968550467732,269.903823237357,358.363427065378
ENSG00000120708.18,145.204686265039,134.526813064166,104.891533201248,167.401600878291
ENSG00000120709.13,185.39526907054,127.520208217074,102.333203123168,138.881328136063
ENSG00000120725.15,59.2054821973521,47.6449129602254,67.7957470690991,57.0405454844546
ENSG00000120727.15,214.349774962676,200.388898626831,266.066328120238,233.122229371249
ENSG00000120733.17,22.0399970223719,26.6250984189495,28.1416308588713,29.760284600585
ENSG00000120738.9,193.174091549025,518.488758684806,235.366367183287,202.121932912306
ENSG00000120742.13,208.731736505993,173.763800207881,473.291064444654,416.64398440819
ENSG00000120756.15,157.305076787125,140.13209694184,84.424892576614,80.600770793251
ENSG00000120798.19,46.6729348709053,25.2237774495311,52.4457666006238,62.0005929178854
ENSG00000120800.7,124.893316460108,152.743985666605,173.966445309386,151.28144671964
ENSG00000120802.17,844.002238915537,727.285583128147,292.92879394007,293.882810430777
ENSG00000120805.16,130.943511721151,119.112282400564,218.737221675773,214.522051495884
ENSG00000120832.13,16.4219585656889,23.8224564801127,35.816621093109,18.6001778753656
ENSG00000120833.16,15.1254881526082,7.00660484709198,21.7458056636733,14.8801423002925
ENSG00000120837.10,63.0948934365942,56.0528387767358,55.004096678703,53.3205099093814
ENSG00000120860.13,25.4972514572538,33.6317032660415,35.816621093109,31.0002964589427
ENSG00000120868.17,38.0297987837006,25.2237774495311,15.3499804684753,19.8401897337233
ENSG00000120875.10,27.2258786746947,16.8158516330207,31.9791259759901,47.1204506175929
ENSG00000120885.24,106.742730676978,88.2832210733589,69.0749121081387,63.2406047762431
ENSG00000120889.15,120.571748416505,126.118887247656,190.595590816901,218.242087070957
ENSG00000120896.16,79.0846951979228,75.6713323485934,74.1915722642971,69.4406640680317
ENSG00000120899.20,35.8690147618994,42.0396290825519,11.5124853513564,23.5602253087965
ENSG00000120910.17,19.8792130005708,14.013209694184,15.3499804684753,13.6401304419348
ENSG00000120913.26,108.471357894419,78.4739742874302,60.1207568348615,59.52056920117
ENSG00000120925.18,21.1756834136515,14.013209694184,34.5374560540694,29.760284600585
ENSG00000120937.11,24.6329378485333,42.0396290825519,5.11666015615842,0
ENSG00000120942.15,73.4666567412398,64.4607645932462,99.7748730450892,110.361055393836
ENSG00000120948.21,406.65955290298,333.514390721578,213.620561519614,262.882513971834
ENSG00000120963.14,45.3764644578246,58.8554807155726,79.3082324204556,68.2006522096739
ENSG00000120992.20,326.710544096337,294.277403577863,335.141240228377,280.242679988842
ENSG00000121022.16,89.0243016982082,109.303035614635,97.21654296701,91.7608775184704
ENSG00000121057.15,56.6125413711907,63.0594436238278,51.1666015615842,68.2006522096739
ENSG00000121058.7,92.9137129374503,61.6581226544094,44.7707763663862,65.7206284929585
ENSG00000121060.20,42.7835236316632,43.4409500519703,108.729028318366,112.841079110551
ENSG00000121064.15,63.5270502409544,79.8752952568485,74.1915722642971,65.7206284929585
ENSG00000121067.21,113.225082742381,103.697751736961,129.195668943,85.5608182266819
ENSG00000121073.17,80.3811656110035,82.6779371956853,131.753999021079,120.281150260698
ENSG00000121104.9,15.9898017613287,21.0198145412759,6.39582519519803,9.92009486686167
ENSG00000121152.12,187.556053092342,203.191540565667,134.312329099159,141.361351852779
ENSG00000121210.18,41.0548964142222,40.6383081131335,23.0249707027129,11.1601067252194
ENSG00000121211.10,6.91450886976375,4.20396290825519,12.7916503903961,12.4001185835771
ENSG00000121236.23,17.2862721744094,21.0198145412759,3.83749511711882,13.6401304419348
ENSG00000121274.15,9.50744969592515,18.2171726024391,15.3499804684753,8.68008300850396
ENSG00000121289.20,57.4768549799111,46.2435919908071,38.3749511711882,43.4004150425198
ENSG00000121297.9,6.05019526104328,11.2105677553472,3.83749511711882,18.6001778753656
ENSG00000121350.18,32.8439171313778,26.6250984189495,12.7916503903961,3.72003557507312
ENSG00000121361.7,10.3717633046456,14.013209694184,8.95415527327724,4.96004743343083
ENSG00000121390.21,61.7984230235135,65.8620855626646,23.0249707027129,29.760284600585
ENSG00000121406.11,7.34666567412398,12.6118887247656,16.6291455075149,13.6401304419348
ENSG00000121410.14,6.48235206540351,11.2105677553472,17.9083105465545,16.1201541586502
ENSG00000121413.15,12.1003905220866,9.80924678592877,3.83749511711882,14.8801423002925
ENSG00000121417.16,18.5827425874901,28.0264193883679,20.4666406246337,16.1201541586502
ENSG00000121481.14,47.969405283986,39.2369871437151,42.212446288307,48.3604624759506
ENSG00000121486.14,41.9192100229427,29.4277403577863,34.5374560540694,37.2003557507312
ENSG00000121542.14,66.1199910671158,74.270011379175,75.4707373033367,54.5605217677392
ENSG00000121578.15,121.003905220866,135.928134033584,75.4707373033367,63.2406047762431
ENSG00000121579.16,751.088525978087,636.199720115952,491.199374991209,549.325253252465
ENSG00000121621.9,189.284680309783,189.178330871483,108.729028318366,115.321102827267
ENSG00000121644.21,95.0744969592515,84.0792581651037,55.004096678703,84.3208063683242
ENSG00000121671.14,24.2007810441731,9.80924678592877,20.4666406246337,11.1601067252194
ENSG00000121680.18,22.0399970223719,15.4145306636024,28.1416308588713,31.0002964589427
ENSG00000121691.9,111.06429872058,93.8885049510325,101.054038084129,128.961233269202
ENSG00000121716.22,24.6329378485333,39.2369871437151,24.3041357417525,1.24001185835771
ENSG00000121741.19,54.4517573493895,43.4409500519703,25.5833007807921,31.0002964589427
ENSG00000121749.18,88.592144893848,92.4871839816141,124.079008786842,166.161589019933
ENSG00000121766.18,110.63214191622,100.895109798124,111.287358396446,91.7608775184704
ENSG00000121774.20,72.1701863281591,61.6581226544094,49.8874365225446,33.4803201756581
ENSG00000121775.20,55.31607095811,61.6581226544094,90.820717771812,60.7605810595277
ENSG00000121851.15,30.2509763052164,23.8224564801127,16.6291455075149,23.5602253087965
ENSG00000121864.12,27.2258786746947,22.4211355106943,25.5833007807921,24.8002371671542
ENSG00000121879.8,15.5576449569684,14.013209694184,8.95415527327724,14.8801423002925
ENSG00000121892.17,78.6525383935626,84.0792581651037,58.8415917958219,71.9206877847471
ENSG00000121897.17,9.50744969592515,14.013209694184,17.9083105465545,24.8002371671542
ENSG00000121900.21,89.8886153069287,135.928134033584,413.170307609793,275.282632555411
ENSG00000121931.18,50.5623461101474,51.8488758684806,49.8874365225446,59.52056920117
ENSG00000121940.19,74.7631271543205,64.4607645932462,81.8665624985348,71.9206877847471
ENSG00000121957.17,73.8988135456,79.8752952568485,65.2374169910199,60.7605810595277
ENSG00000121964.17,26.7937218703345,23.8224564801127,17.9083105465545,22.3202134504387
ENSG00000121988.20,38.8941123924211,33.6317032660415,35.816621093109,35.9603438923735
ENSG00000121989.17,4.32156804360234,5.60528387767358,14.0708154294357,8.68008300850396
ENSG00000122008.18,108.903514698779,103.697751736961,93.3790478498912,75.6407233598202
ENSG00000122026.14,293.002313356239,201.790219596249,342.816230462614,319.923059456289
ENSG00000122033.17,16.4219585656889,16.8158516330207,21.7458056636733,14.8801423002925
ENSG00000122034.18,85.5670472633263,75.6713323485934,111.287358396446,97.9609368102589
ENSG00000122042.11,132.672138938592,127.520208217074,56.2832617177426,39.6803794674467
ENSG00000122068.15,401.905828055018,433.008179550284,483.524384756971,349.683344056874
ENSG00000122085.19,39.7584260011415,49.0462339296438,44.7707763663862,26.0402490255119
ENSG00000122126.20,99.8282218072141,81.2766162262669,57.5624267567823,93.0008893768281
ENSG00000122140.15,85.1348904589661,74.270011379175,97.21654296701,102.92098424369
ENSG00000122203.17,376.408576597764,369.948735926456,312.116269525664,354.643391490305
ENSG00000122218.19,964.141830527682,875.825605886497,1407.08154294357,1470.65406401224
ENSG00000122257.22,11.6682337177263,16.8158516330207,16.6291455075149,9.92009486686167
ENSG00000122299.13,94.210183350531,114.908319492308,69.0749121081387,70.6806759263894
ENSG00000122335.19,56.1803845668304,43.4409500519703,25.5833007807921,26.0402490255119
ENSG00000122359.20,168.541153700491,127.520208217074,71.6332421862179,83.0807945099664
ENSG00000122376.14,82.9741064371649,68.6647275015014,65.2374169910199,79.3607589348933
ENSG00000122378.16,106.742730676978,96.6911468898693,67.7957470690991,60.7605810595277
ENSG00000122390.21,58.7733253929918,53.250196837899,44.7707763663862,45.8804387592352
ENSG00000122406.16,811.59047858852,706.265768586871,1124.38606931581,973.409308810801
ENSG00000122417.18,17.7184289787696,25.2237774495311,15.3499804684753,18.6001778753656
ENSG00000122435.13,27.658035479055,32.2303822966231,21.7458056636733,22.3202134504387
ENSG00000122481.19,20.7435266092912,18.2171726024391,12.7916503903961,18.6001778753656
ENSG00000122482.24,77.3560679804819,58.8554807155726,37.0957861321486,40.9203913258044
ENSG00000122484.11,35.004701153179,47.6449129602254,48.608271483505,34.7203320340158
ENSG00000122507.23,21.1756834136515,11.2105677553472,20.4666406246337,34.7203320340158
ENSG00000122512.19,21.1756834136515,16.8158516330207,23.0249707027129,31.0002964589427
ENSG00000122545.23,524.206203688964,469.442524755162,275.020483393515,323.643095031362
ENSG00000122550.20,46.240778066545,39.2369871437151,47.3291064444654,33.4803201756581
ENSG00000122557.13,21.6078402180117,33.6317032660415,28.1416308588713,26.0402490255119
ENSG00000122565.21,287.384274899556,334.915711690997,493.757705069288,364.563486357166
ENSG00000122566.25,621.873641474377,563.331029706195,429.799453117308,435.244162283556
ENSG00000122591.15,82.9741064371649,71.4673694403382,75.4707373033367,79.3607589348933
ENSG00000122641.13,70.4415591107182,67.263406532083,84.424892576614,86.8008300850396
ENSG00000122642.13,34.5725443488187,22.4211355106943,26.8624658198317,32.2403083173004
ENSG00000122643.26,31.5474467182971,25.2237774495311,33.2582910150297,37.2003557507312
ENSG00000122644.15,26.7937218703345,23.8224564801127,11.5124853513564,24.8002371671542
ENSG00000122674.14,46.240778066545,42.0396290825519,44.7707763663862,48.3604624759506
ENSG00000122678.19,4.75372484796257,1.4013209694184,15.3499804684753,2.48002371671542
ENSG00000122687.21,81.6776360240842,79.8752952568485,56.2832617177426,80.600770793251
ENSG00000122692.11,125.325473264468,106.500393675798,107.449863279327,115.321102827267
ENSG00000122694.18,50.1301893057872,37.8356661742967,16.6291455075149,19.8401897337233
ENSG00000122696.16,22.9043106310924,22.4211355106943,29.4207958979109,24.8002371671542
ENSG00000122705.20,141.315275025797,128.921529186492,154.778969723792,176.081683886795
ENSG00000122707.14,33.276073935738,25.2237774495311,16.6291455075149,14.8801423002925
ENSG00000122729.21,536.738751015411,539.508573226082,344.095395501654,403.003853966255
ENSG00000122779.20,103.717633046456,127.520208217074,74.1915722642971,85.5608182266819
ENSG00000122783.19,122.300375633946,120.513603369982,149.662309567634,146.32139928621
ENSG00000122786.22,1632.68840687296,1701.20365687393,372.237026360525,394.323770957751
ENSG00000122861.18,194.470561962105,266.250984189495,313.395434564703,310.002964589427
ENSG00000122862.7,139.586647808356,134.526813064166,168.849785153228,131.441256985917
ENSG00000122863.8,25.4972514572538,32.2303822966231,17.9083105465545,24.8002371671542
ENSG00000122870.13,22.9043106310924,21.0198145412759,12.7916503903961,9.92009486686167
ENSG00000122873.14,26.3615650659743,25.2237774495311,25.5833007807921,24.8002371671542
ENSG00000122882.13,189.716837114143,193.382293779739,243.041357417525,213.282039637526
ENSG00000122884.15,222.992911049881,197.586256687994,213.620561519614,217.002075212599
ENSG00000122912.17,15.9898017613287,8.40792581651037,7.67499023423763,17.3601660170079
ENSG00000122952.19,354.800736379752,301.284008424955,239.203862300406,214.522051495884
ENSG00000122958.17,360.850931640795,271.856268067169,236.645532222327,240.562300521395
ENSG00000122965.13,100.260378611574,71.4673694403382,98.4957080060496,76.8807352181779
ENSG00000122966.20,111.49645552494,128.921529186492,101.054038084129,73.1606996431048
ENSG00000122970.18,40.1905828055018,32.2303822966231,34.5374560540694,24.8002371671542
ENSG00000122971.11,19.0148993918503,9.80924678592877,17.9083105465545,11.1601067252194
ENSG00000123064.15,118.410964394704,91.0858630121957,98.4957080060496,91.7608775184704
ENSG00000123066.10,32.8439171313778,44.8422710213887,43.4916113273466,38.440367609089
ENSG00000123080.14,25.929408261614,30.8290613272047,8.95415527327724,12.4001185835771
ENSG00000123091.7,92.9137129374503,75.6713323485934,39.6541162102278,63.2406047762431
ENSG00000123094.18,8.64313608720468,8.40792581651037,3.83749511711882,13.6401304419348
ENSG00000123104.13,28.0901922834152,60.256801684991,72.9124072252575,68.2006522096739
ENSG00000123106.13,61.3662662191532,51.8488758684806,52.4457666006238,63.2406047762431
ENSG00000123124.16,50.9945029145076,21.0198145412759,19.1874755855941,26.0402490255119
ENSG00000123130.19,211.756834136515,162.553232452534,126.637338864921,167.401600878291
ENSG00000123131.15,91.6172425243696,61.6581226544094,117.683183591644,93.0008893768281
ENSG00000123136.17,147.36547028684,155.546627605442,209.783066402495,153.761470436356
ENSG00000123143.15,12.1003905220866,7.00660484709198,16.6291455075149,26.0402490255119
ENSG00000123144.12,19.8792130005708,22.4211355106943,19.1874755855941,14.8801423002925
ENSG00000123154.14,11.2360769133661,9.80924678592877,15.3499804684753,9.92009486686167
ENSG00000123159.18,63.0948934365942,40.6383081131335,31.9791259759901,35.9603438923735
ENSG00000123178.18,19.8792130005708,18.2171726024391,33.2582910150297,18.6001778753656
ENSG00000123200.19,46.240778066545,53.250196837899,53.7249316396634,38.440367609089
ENSG00000123213.25,132.239982134232,113.50699852289,107.449863279327,104.160996102047
ENSG00000123219.15,163.787428852529,142.934738880676,150.941474606673,93.0008893768281
ENSG00000123240.19,59.6376390017123,37.8356661742967,39.6541162102278,44.6404269008775
ENSG00000123268.11,54.0196005450293,61.6581226544094,49.8874365225446,29.760284600585
ENSG00000123297.22,57.4768549799111,93.8885049510325,95.9373779279704,90.5208656601127
ENSG00000123349.17,99.8282218072141,109.303035614635,141.987319333396,100.440960526974
ENSG00000123352.20,110.19998511186,96.6911468898693,140.708154294357,125.241197694129
ENSG00000123353.12,63.5270502409544,85.4805791345221,98.4957080060496,81.8407826516087
ENSG00000123358.22,23.3364674354526,26.6250984189495,33.2582910150297,27.2802608838696
ENSG00000123374.12,80.3811656110035,81.2766162262669,56.2832617177426,68.2006522096739
ENSG00000123384.15,76.0595975674012,127.520208217074,156.058134762832,189.721814328729
ENSG00000123395.16,91.1850857200094,85.4805791345221,139.428989255317,135.16129256099
ENSG00000123415.18,29.3866626964959,25.2237774495311,38.3749511711882,26.0402490255119
ENSG00000123416.17,6328.50424305127,6034.08809431561,4841.63967276491,4498.76302212177
ENSG00000123427.18,19.8792130005708,11.2105677553472,21.7458056636733,34.7203320340158
ENSG00000123444.16,44.9443076534643,68.6647275015014,69.0749121081387,54.5605217677392
ENSG00000123453.21,12.964704130807,19.6184935718575,8.95415527327724,14.8801423002925
ENSG00000123472.15,62.6627366322339,23.8224564801127,30.6999609369505,45.8804387592352
ENSG00000123473.19,119.707434807785,110.704356584053,69.0749121081387,79.3607589348933
ENSG00000123485.13,293.434470160599,264.849663220077,188.037260738822,198.401897337233
ENSG00000123505.22,247.193692094054,205.994182504504,179.083105465545,159.961529728144
ENSG00000123552.20,13.3968609351673,16.8158516330207,17.9083105465545,17.3601660170079
ENSG00000123562.20,694.475984606896,626.390473330023,660.049160144437,627.446000329
ENSG00000123570.6,28.5223490877754,25.2237774495311,15.3499804684753,17.3601660170079
ENSG00000123572.19,198.792130005708,215.803429290433,108.729028318366,88.0408419433973
ENSG00000123575.11,159.033704004566,107.901714645216,90.820717771812,109.121043535478
ENSG00000123595.10,22.0399970223719,26.6250984189495,26.8624658198317,34.7203320340158
ENSG00000123600.23,31.1152899139369,22.4211355106943,24.3041357417525,33.4803201756581
ENSG00000123607.18,56.1803845668304,54.6515178073174,43.4916113273466,55.8005336260969
ENSG00000123643.16,28.9545058921357,50.4475548990622,39.6541162102278,37.2003557507312
ENSG00000123684.15,35.004701153179,15.4145306636024,24.3041357417525,18.6001778753656
ENSG00000123728.12,27.658035479055,15.4145306636024,24.3041357417525,9.92009486686167
ENSG00000123737.15,89.8886153069287,75.6713323485934,95.9373779279704,73.1606996431048
ENSG00000123739.13,31.1152899139369,37.8356661742967,46.0499414054258,44.6404269008775
ENSG00000123836.17,5.18588165232281,9.80924678592877,19.1874755855941,21.080201592081
ENSG00000123892.14,13.3968609351673,12.6118887247656,10.2333203123168,19.8401897337233
ENSG00000123908.13,101.124692220295,156.94794857486,189.316425777862,163.681565303217
ENSG00000123975.7,74.7631271543205,71.4673694403382,70.3540771471783,47.1204506175929
ENSG00000123977.12,7.77882247848421,11.2105677553472,14.0708154294357,14.8801423002925
ENSG00000123983.17,590.32619475608,501.672907051786,228.970541988089,269.082573263623
ENSG00000123989.17,42.3513668273029,40.6383081131335,75.4707373033367,53.3205099093814
ENSG00000123992.23,67.4164614801965,53.250196837899,95.9373779279704,105.401007960405
ENSG00000124006.17,24.6329378485333,40.6383081131335,15.3499804684753,32.2403083173004
ENSG00000124067.19,93.7780265461708,74.270011379175,55.004096678703,99.2009486686166
ENSG00000124098.11,41.9192100229427,36.4343452048783,40.9332812492674,21.080201592081
ENSG00000124104.20,31.9796035226573,30.8290613272047,19.1874755855941,32.2403083173004
ENSG00000124120.13,214.349774962676,190.579651840902,166.291455075149,168.641612736648
ENSG00000124126.16,14.693331348248,28.0264193883679,94.6582128889308,107.881031677121
ENSG00000124134.10,92.4815561330901,155.546627605442,152.220639645713,100.440960526974
ENSG00000124145.8,266.640748290264,256.441737403566,138.149824216277,135.16129256099
ENSG00000124151.21,198.359973201347,308.290613272047,207.224736324416,195.921873620518
ENSG00000124155.21,448.146606121563,447.021389244468,564.111782216466,544.365205819034
ENSG00000124160.14,105.446260263897,137.329455003003,118.962348630683,130.201245127559
ENSG00000124164.18,212.621147745235,213.000787351596,153.499804684753,137.641316277706
ENSG00000124172.12,186.691739483621,152.743985666605,189.316425777862,127.721221410844
ENSG00000124177.18,88.1599880894878,106.500393675798,95.9373779279704,88.0408419433973
ENSG00000124181.17,138.290177395275,163.954553421952,93.3790478498912,112.841079110551
ENSG00000124191.20,3.45725443488187,5.60528387767358,17.9083105465545,13.6401304419348
ENSG00000124193.18,131.807825329871,127.520208217074,159.895629879951,145.081387427852
ENSG00000124198.12,195.334875570826,315.297218119139,573.065937489743,466.244458742498
ENSG00000124201.16,317.203094400412,434.409500519703,377.353686516684,401.763842107897
ENSG00000124207.19,2643.50317227155,2519.57510301428,1941.77252926212,1898.45815514565
ENSG00000124208.16,211.324677332154,449.824031183305,296.766289057188,193.441849903802
ENSG00000124209.6,108.903514698779,107.901714645216,104.891533201248,71.9206877847471
ENSG00000124214.23,843.570082111177,976.720715684622,789.244829087437,729.126972714332
ENSG00000124217.5,65.6878342627556,39.2369871437151,38.3749511711882,48.3604624759506
ENSG00000124222.25,169.405467309212,169.559837299626,203.387241207297,202.121932912306
ENSG00000124226.13,338.378777814063,298.481366486118,338.978735345495,385.643687949247
ENSG00000124228.17,547.110514320056,524.09404256248,556.436791982228,487.324660334579
ENSG00000124243.21,15.1254881526082,14.013209694184,21.7458056636733,13.6401304419348
ENSG00000124275.17,133.536452547312,103.697751736961,182.920600582664,122.761173977413
ENSG00000124279.14,37.1654851749801,47.6449129602254,39.6541162102278,21.080201592081
ENSG00000124299.18,112.792925938021,106.500393675798,173.966445309386,174.841672028437
ENSG00000124313.20,7.77882247848421,12.6118887247656,14.0708154294357,7.44007115014625
ENSG00000124333.18,216.942715788837,156.94794857486,110.008193357406,135.16129256099
ENSG00000124356.19,160.330174417647,182.171726024391,231.528872066169,192.201838045445
ENSG00000124357.15,197.063502788267,341.922316538089,619.115878895169,546.845229535749
ENSG00000124374.11,9.07529289156492,5.60528387767358,17.9083105465545,12.4001185835771
ENSG00000124380.13,169.837624113572,200.388898626831,254.553842768882,169.881624595006
ENSG00000124383.13,103.717633046456,65.8620855626646,78.0290673814159,100.440960526974
ENSG00000124422.14,136.993706982194,130.322850155911,116.404018552604,89.280853801755
ENSG00000124444.18,16.8541153700491,19.6184935718575,16.6291455075149,17.3601660170079
ENSG00000124459.14,43.2156804360234,26.6250984189495,24.3041357417525,26.0402490255119
ENSG00000124486.17,175.455662570255,141.533417911258,121.520678708763,135.16129256099
ENSG00000124496.15,23.3364674354526,21.0198145412759,14.0708154294357,2.48002371671542
ENSG00000124508.19,53.1552869363088,46.2435919908071,39.6541162102278,45.8804387592352
ENSG00000124523.19,28.5223490877754,25.2237774495311,49.8874365225446,49.6004743343083
ENSG00000124532.17,152.119195134802,135.928134033584,101.054038084129,100.440960526974
ENSG00000124535.18,15.5576449569684,32.2303822966231,26.8624658198317,27.2802608838696
ENSG00000124541.9,86.863517676407,84.0792581651037,53.7249316396634,33.4803201756581
ENSG00000124562.12,195.767032375186,227.01399704578,322.349589837981,265.36253768855
ENSG00000124570.23,123.164689242667,145.737380819513,121.520678708763,140.121339994421
ENSG00000124571.20,327.142700900697,318.099860057976,344.095395501654,322.403083173004
ENSG00000124574.18,26.3615650659743,35.0330242354599,30.6999609369505,29.760284600585
ENSG00000124587.16,4.75372484796257,1.4013209694184,5.11666015615842,12.4001185835771
ENSG00000124588.24,23.3364674354526,12.6118887247656,29.4207958979109,32.2403083173004
ENSG00000124596.19,26.7937218703345,18.2171726024391,47.3291064444654,37.2003557507312
ENSG00000124608.7,42.7835236316632,46.2435919908071,47.3291064444654,78.1207470765356
ENSG00000124613.11,16.8541153700491,18.2171726024391,21.7458056636733,29.760284600585
ENSG00000124614.19,325.414073683256,281.665514853097,492.478540030248,352.163367773589
ENSG00000124615.23,73.4666567412398,71.4673694403382,69.0749121081387,63.2406047762431
ENSG00000124635.12,18.1505857831298,32.2303822966231,28.1416308588713,26.0402490255119
ENSG00000124641.18,165.94821287433,191.98097281032,246.878852534644,231.882217512891
ENSG00000124659.7,58.3411685886316,33.6317032660415,43.4916113273466,43.4004150425198
ENSG00000124688.16,60.0697958060725,56.0528387767358,30.6999609369505,58.2805573428123
ENSG00000124702.21,171.134094526653,130.322850155911,115.124853513565,128.961233269202
ENSG00000124733.6,235.093301571967,194.783614749157,332.582910150297,249.242383529899
ENSG00000124762.17,321.956819248374,424.600253733774,909.48634275716,834.527980674738
ENSG00000124767.9,1190.15983920808,1022.96430767543,564.111782216466,524.525016085311
ENSG00000124782.23,166.38036967869,239.625885770546,232.808037105208,236.842264946322
ENSG00000124783.16,553.1607095811,629.19311526886,1187.06515622875,1111.05062508851
ENSG00000124784.11,119.275278003425,119.112282400564,101.054038084129,114.081090968909
ENSG00000124786.15,44.0799940447439,43.4409500519703,57.5624267567823,53.3205099093814
ENSG00000124787.16,69.5772455019977,70.0660484709198,58.8415917958219,55.8005336260969
ENSG00000124788.19,12.1003905220866,18.2171726024391,17.9083105465545,14.8801423002925
ENSG00000124789.14,297.756038204201,312.494576180302,223.853881831931,251.722407246615
ENSG00000124795.19,2102.44285321254,1825.92122315217,860.878071273655,1047.81002031226
ENSG00000124802.14,122.300375633946,128.921529186492,121.520678708763,117.801126543982
ENSG00000124813.25,17.2862721744094,12.6118887247656,24.3041357417525,12.4001185835771
ENSG00000124831.22,297.323881399841,332.11306975216,391.424501946119,370.763545648955
ENSG00000124920.16,27.658035479055,25.2237774495311,29.4207958979109,19.8401897337233
ENSG00000124942.15,468.457975926494,710.469731495127,322.349589837981,318.683047597931
ENSG00000125037.15,60.0697958060725,42.0396290825519,72.9124072252575,60.7605810595277
ENSG00000125107.21,270.098002725146,285.869477761353,209.783066402495,183.521755036941
ENSG00000125124.16,75.627440763041,105.09907270638,89.5415527327724,94.2409012351858
ENSG00000125148.9,70.4415591107182,54.6515178073174,424.682792961149,358.363427065378
ENSG00000125149.13,69.5772455019977,60.256801684991,57.5624267567823,70.6806759263894
ENSG00000125166.15,678.918339649928,674.035386290248,666.444985339635,622.485952895569
ENSG00000125170.13,15.1254881526082,21.0198145412759,7.67499023423763,14.8801423002925
ENSG00000125257.18,51.4266597188679,47.6449129602254,26.8624658198317,40.9203913258044
ENSG00000125304.12,238.982712811209,242.428527709382,287.812133783911,329.84315432315
ENSG00000125319.17,54.8839141537497,56.0528387767358,44.7707763663862,49.6004743343083
ENSG00000125347.17,43.6478372403836,46.2435919908071,74.1915722642971,43.4004150425198
ENSG00000125351.16,112.360769133661,107.901714645216,101.054038084129,96.7209249519012
ENSG00000125352.6,10.8039201090059,8.40792581651037,30.6999609369505,24.8002371671542
ENSG00000125354.26,53.587443740669,70.0660484709198,37.0957861321486,27.2802608838696
ENSG00000125356.9,17.7184289787696,16.8158516330207,25.5833007807921,14.8801423002925
ENSG00000125375.20,41.0548964142222,33.6317032660415,34.5374560540694,27.2802608838696
ENSG00000125378.18,22.4721538267322,32.2303822966231,10.2333203123168,2.48002371671542
ENSG00000125384.9,25.0650946528936,21.0198145412759,17.9083105465545,16.1201541586502
ENSG00000125386.18,22.4721538267322,37.8356661742967,37.0957861321486,42.1604031841621
ENSG00000125434.13,37.5976419793404,60.256801684991,35.816621093109,47.1204506175929
ENSG00000125445.13,251.947416942016,190.579651840902,196.991416012099,203.361944770664
ENSG00000125447.20,85.9992040676866,63.0594436238278,66.5165820300595,74.4007115014625
ENSG00000125449.9,55.7482277624702,46.2435919908071,39.6541162102278,35.9603438923735
ENSG00000125450.13,321.524662444014,372.751377865293,327.466249994139,290.162774855704
ENSG00000125454.14,54.8839141537497,64.4607645932462,65.2374169910199,70.6806759263894
ENSG00000125457.17,38.4619555880608,30.8290613272047,38.3749511711882,40.9203913258044
ENSG00000125458.9,32.8439171313778,19.6184935718575,33.2582910150297,35.9603438923735
ENSG00000125459.20,140.450961417076,144.336059850095,267.345493159278,265.36253768855
ENSG00000125482.15,65.6878342627556,63.0594436238278,55.004096678703,58.2805573428123
ENSG00000125484.14,49.6980325014269,50.4475548990622,19.1874755855941,27.2802608838696
ENSG00000125485.20,38.8941123924211,28.0264193883679,42.212446288307,33.4803201756581
ENSG00000125505.19,78.6525383935626,37.8356661742967,88.2623876937328,70.6806759263894
ENSG00000125520.16,15.5576449569684,15.4145306636024,21.7458056636733,13.6401304419348
ENSG00000125534.13,25.929408261614,29.4277403577863,51.1666015615842,43.4004150425198
ENSG00000125611.17,9.93960650028538,16.8158516330207,11.5124853513564,11.1601067252194
ENSG00000125618.20,760.163818869652,1116.85281262646,920.998828108516,938.688976776785
ENSG00000125629.18,38.4619555880608,36.4343452048783,43.4916113273466,34.7203320340158
ENSG00000125630.17,152.983508743523,151.342664697187,154.778969723792,137.641316277706
ENSG00000125633.13,57.0446981755509,54.6515178073174,89.5415527327724,79.3607589348933
ENSG00000125648.17,47.1050916752655,61.6581226544094,34.5374560540694,35.9603438923735
ENSG00000125651.16,130.943511721151,93.8885049510325,115.124853513565,121.521162119055
ENSG00000125652.10,10.8039201090059,8.40792581651037,24.3041357417525,13.6401304419348
ENSG00000125656.14,39.7584260011415,44.8422710213887,51.1666015615842,54.5605217677392
ENSG00000125676.22,124.029002851387,120.513603369982,69.0749121081387,107.881031677121
ENSG00000125686.14,53.1552869363088,21.0198145412759,30.6999609369505,31.0002964589427
ENSG00000125691.17,92.0493993287299,89.6845420427773,120.241513669723,109.121043535478
ENSG00000125703.17,36.3011715662597,28.0264193883679,35.816621093109,22.3202134504387
ENSG00000125733.20,46.240778066545,43.4409500519703,30.6999609369505,37.2003557507312
ENSG00000125734.18,66.9843046758363,77.0726533180118,98.4957080060496,120.281150260698
ENSG00000125740.16,11.2360769133661,28.0264193883679,14.0708154294357,21.080201592081
ENSG00000125741.7,21.6078402180117,30.8290613272047,26.8624658198317,27.2802608838696
ENSG00000125743.12,70.0094023063579,72.8686904097566,125.358173825881,80.600770793251
ENSG00000125753.17,9.07529289156492,9.80924678592877,3.83749511711882,12.4001185835771
ENSG00000125755.22,96.8031241766924,124.717566278237,179.083105465545,133.921280702632
ENSG00000125772.17,19.8792130005708,35.0330242354599,46.0499414054258,33.4803201756581
ENSG00000125779.25,53.587443740669,50.4475548990622,56.2832617177426,62.0005929178854
ENSG00000125804.15,21.1756834136515,16.8158516330207,24.3041357417525,19.8401897337233
ENSG00000125812.18,44.5121508491041,43.4409500519703,56.2832617177426,45.8804387592352
ENSG00000125814.19,18.1505857831298,18.2171726024391,12.7916503903961,31.0002964589427
ENSG00000125818.20,175.455662570255,180.770405054973,149.662309567634,153.761470436356
ENSG00000125821.15,51.8588165232281,68.6647275015014,89.5415527327724,107.881031677121
ENSG00000125826.24,71.3058727194386,86.8819001039405,148.383144528594,140.121339994421
ENSG00000125827.11,30.6831331095766,9.80924678592877,14.0708154294357,21.080201592081
ENSG00000125834.15,18.1505857831298,9.80924678592877,17.9083105465545,12.4001185835771
ENSG00000125835.22,283.494863660314,308.290613272047,340.257900384535,337.283225473297
ENSG00000125841.16,67.8486182845567,58.8554807155726,80.5873974594952,57.0405454844546
ENSG00000125843.14,47.1050916752655,57.4541597461542,24.3041357417525,24.8002371671542
ENSG00000125844.19,84.7027336546059,60.256801684991,63.9582519519803,89.280853801755
ENSG00000125846.19,19.8792130005708,25.2237774495311,29.4207958979109,39.6803794674467
ENSG00000125863.21,42.3513668273029,54.6515178073174,67.7957470690991,73.1606996431048
ENSG00000125868.18,789.118324761787,720.278978281055,396.541162102278,373.24356936567
ENSG00000125870.13,113.225082742381,114.908319492308,138.149824216277,105.401007960405
ENSG00000125871.16,137.858020590915,112.105677553472,131.753999021079,137.641316277706
ENSG00000125872.11,18.1505857831298,33.6317032660415,2.55833007807921,2.48002371671542
ENSG00000125875.17,89.8886153069287,57.4541597461542,62.6790869129407,83.0807945099664
ENSG00000125877.15,34.1403875444585,37.8356661742967,43.4916113273466,34.7203320340158
ENSG00000125885.15,4.32156804360234,9.80924678592877,11.5124853513564,14.8801423002925
ENSG00000125901.8,36.7333283706199,37.8356661742967,52.4457666006238,38.440367609089
ENSG00000125912.13,163.355272048168,196.184935718575,180.362270504584,193.441849903802
ENSG00000125944.24,48.4015620883462,64.4607645932462,42.212446288307,99.2009486686166
ENSG00000125945.17,5.18588165232281,7.00660484709198,12.7916503903961,2.48002371671542
ENSG00000125952.23,61.3662662191532,70.0660484709198,113.845688474525,106.641019818763
ENSG00000125962.18,31.9796035226573,37.8356661742967,39.6541162102278,40.9203913258044
ENSG00000125967.19,20.311369804931,28.0264193883679,16.6291455075149,18.6001778753656
ENSG00000125970.14,429.563863534073,501.672907051786,346.653725579733,401.763842107897
ENSG00000125971.20,92.0493993287299,51.8488758684806,83.1457275375744,71.9206877847471
ENSG00000125977.9,1101.13553750988,927.674481754978,1451.85231930995,1380.13319835213
ENSG00000125991.23,562.668159277025,580.146881339216,796.919819321674,742.767103156267
ENSG00000125995.18,973.649280223607,2579.83190469927,3701.90362298062,2069.57979159901
ENSG00000126001.19,55.31607095811,68.6647275015014,46.0499414054258,57.0405454844546
ENSG00000126003.8,75.627440763041,85.4805791345221,44.7707763663862,76.8807352181779
ENSG00000126005.19,16.4219585656889,8.40792581651037,14.0708154294357,7.44007115014625
ENSG00000126012.16,42.7835236316632,46.2435919908071,38.3749511711882,57.0405454844546
ENSG00000126016.18,13.3968609351673,14.013209694184,3.83749511711882,4.96004743343083
ENSG00000126062.6,73.8988135456,56.0528387767358,37.0957861321486,70.6806759263894
ENSG00000126067.14,292.570156551878,334.915711690997,399.099492180357,283.962715563915
ENSG00000126070.22,35.8690147618994,30.8290613272047,34.5374560540694,34.7203320340158
ENSG00000126088.16,160.330174417647,172.362479238463,299.324619135268,266.602549546907
ENSG00000126091.23,13.8290177395275,7.00660484709198,12.7916503903961,19.8401897337233
ENSG00000126106.15,18.5827425874901,7.00660484709198,23.0249707027129,17.3601660170079
ENSG00000126107.17,102.853319437736,145.737380819513,113.845688474525,136.401304419348
ENSG00000126214.24,242.007810441731,184.974367963228,167.570620114188,176.081683886795
ENSG00000126215.16,44.0799940447439,54.6515178073174,49.8874365225446,50.840486192666
ENSG00000126216.17,69.5772455019977,63.0594436238278,53.7249316396634,83.0807945099664
ENSG00000126226.24,118.843121199064,95.2898259204509,188.037260738822,187.241790612014
ENSG00000126246.12,7.77882247848421,15.4145306636024,19.1874755855941,14.8801423002925
ENSG00000126247.13,76.4917543717614,121.9149243394,179.083105465545,142.601363711136
ENSG00000126254.14,77.3560679804819,79.8752952568485,92.0998828108516,95.4809130935435
ENSG00000126261.14,204.410168462391,154.145306636024,115.124853513565,157.481506011429
ENSG00000126267.13,28.5223490877754,25.2237774495311,43.4916113273466,24.8002371671542
ENSG00000126351.15,59.6376390017123,77.0726533180118,35.816621093109,38.440367609089
ENSG00000126368.7,12.964704130807,18.2171726024391,20.4666406246337,29.760284600585
ENSG00000126391.16,41.9192100229427,42.0396290825519,17.9083105465545,23.5602253087965
ENSG00000126432.16,86.863517676407,91.0858630121957,118.962348630683,127.721221410844
ENSG00000126453.13,15.9898017613287,5.60528387767358,17.9083105465545,7.44007115014625
ENSG00000126456.18,32.4117603270176,23.8224564801127,38.3749511711882,31.0002964589427
ENSG00000126457.24,141.315275025797,103.697751736961,117.683183591644,141.361351852779
ENSG00000126458.6,15.5576449569684,21.0198145412759,33.2582910150297,24.8002371671542
ENSG00000126522.19,65.2556774583953,72.8686904097566,81.8665624985348,84.3208063683242
ENSG00000126524.14,182.370171440019,224.211355106943,185.478930660743,200.881921053949
ENSG00000126562.19,71.7380295237989,133.125492094748,225.133046870971,205.84196848738
ENSG00000126581.15,293.434470160599,372.751377865293,592.253413075337,558.005336260969
ENSG00000126602.13,266.640748290264,248.033811587056,385.028676750921,336.043213614939
ENSG00000126653.20,108.039201090059,107.901714645216,79.3082324204556,102.92098424369
ENSG00000126698.13,283.494863660314,270.45494709775,294.207958979109,274.042620697054
ENSG00000126746.20,79.9490088066433,88.2832210733589,107.449863279327,112.841079110551
ENSG00000126749.19,177.616446592056,205.994182504504,328.745415033179,240.562300521395
ENSG00000126756.14,29.3866626964959,57.4541597461542,66.5165820300595,63.2406047762431
ENSG00000126767.21,73.4666567412398,72.8686904097566,57.5624267567823,75.6407233598202
ENSG00000126768.15,54.8839141537497,74.270011379175,139.428989255317,90.5208656601127
ENSG00000126773.15,208.299579701633,193.382293779739,195.71225097306,208.321992204095
ENSG00000126775.10,22.4721538267322,22.4211355106943,30.6999609369505,27.2802608838696
ENSG00000126777.20,349.614854727429,375.55401980413,156.058134762832,214.522051495884
ENSG00000126787.15,448.578762925923,428.804216642029,177.803940426505,169.881624595006
ENSG00000126790.14,14.693331348248,19.6184935718575,29.4207958979109,50.840486192666
ENSG00000126803.10,43.2156804360234,43.4409500519703,11.5124853513564,13.6401304419348
ENSG00000126804.16,97.6674377854129,86.8819001039405,42.212446288307,50.840486192666
ENSG00000126814.9,65.2556774583953,61.6581226544094,83.1457275375744,78.1207470765356
ENSG00000126821.10,15.9898017613287,18.2171726024391,10.2333203123168,16.1201541586502
ENSG00000126858.21,127.054100481909,98.0924678592877,74.1915722642971,91.7608775184704
ENSG00000126878.15,380.730144641366,312.494576180302,66.5165820300595,57.0405454844546
ENSG00000126883.21,213.053304549595,255.040416434148,237.924697261367,262.882513971834
ENSG00000126903.18,48.8337188927065,33.6317032660415,38.3749511711882,34.7203320340158
ENSG00000126934.17,6.91450886976375,7.00660484709198,21.7458056636733,9.92009486686167
ENSG00000126945.11,353.936422771032,278.862872914261,280.137143549674,280.242679988842
ENSG00000126947.15,49.2658756970667,39.2369871437151,98.4957080060496,132.681268844275
ENSG00000126953.10,23.7686242398129,22.4211355106943,34.5374560540694,35.9603438923735
ENSG00000126970.18,31.1152899139369,21.0198145412759,16.6291455075149,17.3601660170079
ENSG00000127022.18,523.774046884604,459.633277969234,405.495317375555,622.485952895569
ENSG00000127054.24,133.536452547312,135.928134033584,153.499804684753,178.56170760351
ENSG00000127080.12,37.1654851749801,23.8224564801127,42.212446288307,24.8002371671542
ENSG00000127124.16,15.9898017613287,36.4343452048783,6.39582519519803,9.92009486686167
ENSG00000127125.11,29.3866626964959,32.2303822966231,26.8624658198317,28.5202727422273
ENSG00000127184.15,89.0243016982082,79.8752952568485,115.124853513565,86.8008300850396
ENSG00000127191.21,68.7129318932772,70.0660484709198,30.6999609369505,38.440367609089
ENSG00000127314.20,413.574061772744,299.882687455537,362.003706048208,367.043510073882
ENSG00000127328.24,89.4564585025685,61.6581226544094,53.7249316396634,58.2805573428123
ENSG00000127334.13,24.6329378485333,23.8224564801127,16.6291455075149,22.3202134504387
ENSG00000127337.9,56.1803845668304,36.4343452048783,86.9832226546932,62.0005929178854
ENSG00000127418.17,8.64313608720468,11.2105677553472,16.6291455075149,13.6401304419348
ENSG00000127419.19,12.964704130807,19.6184935718575,20.4666406246337,26.0402490255119
ENSG00000127423.12,22.9043106310924,18.2171726024391,16.6291455075149,6.20005929178854
ENSG00000127445.16,69.5772455019977,53.250196837899,60.1207568348615,53.3205099093814
ENSG00000127452.10,29.8188195008562,44.8422710213887,31.9791259759901,21.080201592081
ENSG00000127463.18,232.500360745806,189.178330871483,179.083105465545,189.721814328729
ENSG00000127481.16,93.7780265461708,158.349269544279,163.73312499707,158.721517869787
ENSG00000127483.22,348.750541118709,319.501181027394,239.203862300406,280.242679988842
ENSG00000127511.12,80.8133224153638,75.6713323485934,81.8665624985348,85.5608182266819
ENSG00000127526.17,33.7082307400983,28.0264193883679,30.6999609369505,44.6404269008775
ENSG00000127527.17,44.0799940447439,50.4475548990622,28.1416308588713,35.9603438923735
ENSG00000127540.14,75.1952839586807,77.0726533180118,107.449863279327,90.5208656601127
ENSG00000127554.14,6.48235206540351,5.60528387767358,8.95415527327724,12.4001185835771
ENSG00000127561.18,9.07529289156492,5.60528387767358,23.0249707027129,16.1201541586502
ENSG00000127564.19,87.7278312851275,109.303035614635,115.124853513565,73.1606996431048
ENSG00000127580.19,19.8792130005708,14.013209694184,31.9791259759901,32.2403083173004
ENSG00000127586.19,45.8086212621848,22.4211355106943,43.4916113273466,31.0002964589427
ENSG00000127603.33,96.8031241766924,130.322850155911,116.404018552604,109.121043535478
ENSG00000127616.24,59.2054821973521,56.0528387767358,26.8624658198317,38.440367609089
ENSG00000127666.13,7.77882247848421,15.4145306636024,15.3499804684753,22.3202134504387
ENSG00000127720.10,7.77882247848421,9.80924678592877,8.95415527327724,14.8801423002925
ENSG00000127774.9,21.6078402180117,22.4211355106943,30.6999609369505,27.2802608838696
ENSG00000127804.14,64.8235206540351,57.4541597461542,63.9582519519803,63.2406047762431
ENSG00000127824.17,61.7984230235135,82.6779371956853,62.6790869129407,63.2406047762431
ENSG00000127837.12,252.811730550737,194.783614749157,272.462153315436,277.762656272127
ENSG00000127838.17,58.3411685886316,72.8686904097566,83.1457275375744,69.4406640680317
ENSG00000127863.18,12.964704130807,19.6184935718575,7.67499023423763,6.20005929178854
ENSG00000127870.19,95.0744969592515,79.8752952568485,83.1457275375744,73.1606996431048
ENSG00000127884.7,280.901922834152,262.04702128124,262.228833003119,205.84196848738
ENSG00000127922.12,53.587443740669,43.4409500519703,49.8874365225446,50.840486192666
ENSG00000127946.19,7.34666567412398,7.00660484709198,3.83749511711882,12.4001185835771
ENSG00000127947.18,22.4721538267322,23.8224564801127,19.1874755855941,21.080201592081
ENSG00000127948.19,156.440763178405,131.724171125329,138.149824216277,142.601363711136
ENSG00000127952.19,50.1301893057872,49.0462339296438,81.8665624985348,81.8407826516087
ENSG00000127955.19,70.8737159150784,67.263406532083,52.4457666006238,62.0005929178854
ENSG00000127980.18,29.3866626964959,44.8422710213887,37.0957861321486,59.52056920117
ENSG00000127989.16,41.4870532185825,26.6250984189495,39.6541162102278,29.760284600585
ENSG00000127990.21,70.4415591107182,81.2766162262669,66.5165820300595,55.8005336260969
ENSG00000127993.17,50.9945029145076,71.4673694403382,85.7040576156536,66.9606403513162
ENSG00000127995.19,12.1003905220866,12.6118887247656,1.27916503903961,14.8801423002925
ENSG00000128000.19,6.91450886976375,12.6118887247656,14.0708154294357,1.24001185835771
ENSG00000128016.10,17.2862721744094,23.8224564801127,25.5833007807921,21.080201592081
ENSG00000128039.15,21.6078402180117,18.2171726024391,12.7916503903961,28.5202727422273
ENSG00000128050.11,617.984230235135,598.364053941655,521.899335928159,504.684826351587
ENSG00000128059.10,159.033704004566,159.750590513697,107.449863279327,117.801126543982
ENSG00000128159.14,20.7435266092912,21.0198145412759,19.1874755855941,22.3202134504387
ENSG00000128165.10,4.75372484796257,2.80264193883679,19.1874755855941,16.1201541586502
ENSG00000128185.12,37.1654851749801,29.4277403577863,46.0499414054258,44.6404269008775
ENSG00000128191.19,41.9192100229427,29.4277403577863,25.5833007807921,37.2003557507312
ENSG00000128228.7,17.7184289787696,23.8224564801127,78.0290673814159,59.52056920117
ENSG00000128245.17,100.692535415935,113.50699852289,69.0749121081387,44.6404269008775
ENSG00000128272.21,79.0846951979228,114.908319492308,273.741318354476,293.882810430777
ENSG00000128283.9,126.189786873188,131.724171125329,101.054038084129,94.2409012351858
ENSG00000128294.18,63.5270502409544,46.2435919908071,33.2582910150297,50.840486192666
ENSG00000128309.20,44.9443076534643,54.6515178073174,86.9832226546932,76.8807352181779
ENSG00000128311.16,12.964704130807,16.8158516330207,51.1666015615842,38.440367609089
ENSG00000128335.16,24.6329378485333,22.4211355106943,17.9083105465545,19.8401897337233
ENSG00000128340.18,82.1097928284445,128.921529186492,195.71225097306,176.081683886795
ENSG00000128342.6,41.4870532185825,47.6449129602254,46.0499414054258,39.6803794674467
ENSG00000128394.19,14.693331348248,7.00660484709198,16.6291455075149,17.3601660170079
ENSG00000128422.20,58.3411685886316,65.8620855626646,8.95415527327724,17.3601660170079
ENSG00000128463.15,162.058801635088,145.737380819513,226.41221191001,182.281743178583
ENSG00000128487.21,67.4164614801965,57.4541597461542,71.6332421862179,69.4406640680317
ENSG00000128510.13,468.025819122133,388.165908528896,166.291455075149,199.641909195591
ENSG00000128512.25,49.2658756970667,49.0462339296438,136.870659177238,153.761470436356
ENSG00000128513.18,48.4015620883462,47.6449129602254,38.3749511711882,29.760284600585
ENSG00000128524.6,46.240778066545,53.250196837899,88.2623876937328,74.4007115014625
ENSG00000128534.10,22.9043106310924,18.2171726024391,25.5833007807921,24.8002371671542
ENSG00000128563.15,34.1403875444585,39.2369871437151,26.8624658198317,45.8804387592352
ENSG00000128567.19,7.34666567412398,2.80264193883679,19.1874755855941,13.6401304419348
ENSG00000128578.12,12.964704130807,15.4145306636024,11.5124853513564,17.3601660170079
ENSG00000128581.18,41.4870532185825,49.0462339296438,40.9332812492674,47.1204506175929
ENSG00000128585.20,162.058801635088,131.724171125329,159.895629879951,131.441256985917
ENSG00000128590.7,46.6729348709053,22.4211355106943,186.758095699782,189.721814328729
ENSG00000128591.19,277.01251159491,295.678724547281,378.632851555723,465.004446884141
ENSG00000128595.19,1215.22493386098,1070.60922063565,1281.72336911768,1418.57356596122
ENSG00000128607.16,19.0148993918503,18.2171726024391,20.4666406246337,16.1201541586502
ENSG00000128609.18,84.2705768502456,71.4673694403382,70.3540771471783,68.2006522096739
ENSG00000128626.14,14.693331348248,18.2171726024391,11.5124853513564,9.92009486686167
ENSG00000128641.21,363.443872466957,274.658910006005,216.178891597693,205.84196848738
ENSG00000128654.16,43.2156804360234,50.4475548990622,66.5165820300595,58.2805573428123
ENSG00000128699.17,134.832922960393,144.336059850095,203.387241207297,184.761766895299
ENSG00000128708.15,29.8188195008562,57.4541597461542,19.1874755855941,7.44007115014625
ENSG00000128731.19,28.9545058921357,44.8422710213887,26.8624658198317,45.8804387592352
ENSG00000128739.25,169.405467309212,168.158516330207,175.245610348426,159.961529728144
ENSG00000128789.24,51.8588165232281,36.4343452048783,55.004096678703,33.4803201756581
ENSG00000128791.14,28.5223490877754,21.0198145412759,7.67499023423763,7.44007115014625
ENSG00000128805.17,2.16078402180117,1.4013209694184,16.6291455075149,18.6001778753656
ENSG00000128829.14,153.415665547883,99.4937888287061,94.6582128889308,94.2409012351858
ENSG00000128881.20,9.93960650028538,26.6250984189495,21.7458056636733,16.1201541586502
ENSG00000128886.12,20.7435266092912,61.6581226544094,48.608271483505,35.9603438923735
ENSG00000128891.19,43.6478372403836,47.6449129602254,31.9791259759901,40.9203913258044
ENSG00000128908.21,17.7184289787696,29.4277403577863,33.2582910150297,24.8002371671542
ENSG00000128915.14,89.4564585025685,86.8819001039405,49.8874365225446,99.2009486686166
ENSG00000128923.13,21.6078402180117,26.6250984189495,21.7458056636733,21.080201592081
ENSG00000128928.12,202.68154124495,197.586256687994,165.012290036109,167.401600878291
ENSG00000128944.15,173.727035352814,186.375688932647,170.128950192268,153.761470436356
ENSG00000128951.16,119.275278003425,120.513603369982,93.3790478498912,100.440960526974
ENSG00000128965.14,19.0148993918503,40.6383081131335,214.899726558654,187.241790612014
ENSG00000128973.15,41.9192100229427,33.6317032660415,31.9791259759901,47.1204506175929
ENSG00000128989.13,346.589757096908,367.14609398762,308.278774408545,270.32258512198
ENSG00000129003.20,9.93960650028538,12.6118887247656,2.55833007807921,13.6401304419348
ENSG00000129028.10,7.77882247848421,15.4145306636024,6.39582519519803,33.4803201756581
ENSG00000129038.18,12.964704130807,15.4145306636024,14.0708154294357,2.48002371671542
ENSG00000129055.15,114.089396351102,95.2898259204509,145.824814450515,141.361351852779
ENSG00000129071.12,97.2352809810527,79.8752952568485,79.3082324204556,78.1207470765356
ENSG00000129083.15,835.359102828332,756.713323485934,970.886264631061,1094.93047092986
ENSG00000129084.21,210.460363723434,213.000787351596,250.716347651763,238.08227680468
ENSG00000129103.21,32.4117603270176,19.6184935718575,38.3749511711882,48.3604624759506
ENSG00000129116.22,152.119195134802,127.520208217074,58.8415917958219,63.2406047762431
ENSG00000129128.14,277.44466839927,236.823243831709,152.220639645713,130.201245127559
ENSG00000129158.13,26.3615650659743,23.8224564801127,16.6291455075149,18.6001778753656
ENSG00000129173.15,37.5976419793404,30.8290613272047,14.0708154294357,19.8401897337233
ENSG00000129187.17,198.792130005708,229.816638984617,404.216152336515,388.123711665963
ENSG00000129195.18,168.973310504852,134.526813064166,94.6582128889308,80.600770793251
ENSG00000129197.17,26.3615650659743,44.8422710213887,80.5873974594952,52.0804980510237
ENSG00000129219.16,44.0799940447439,22.4211355106943,28.1416308588713,28.5202727422273
ENSG00000129226.16,20.7435266092912,22.4211355106943,63.9582519519803,70.6806759263894
ENSG00000129235.13,50.9945029145076,72.8686904097566,69.0749121081387,45.8804387592352
ENSG00000129245.14,23.7686242398129,16.8158516330207,20.4666406246337,24.8002371671542
ENSG00000129250.14,22.0399970223719,21.0198145412759,12.7916503903961,9.92009486686167
ENSG00000129255.18,93.7780265461708,63.0594436238278,93.3790478498912,89.280853801755
ENSG00000129292.23,65.2556774583953,58.8554807155726,53.7249316396634,68.2006522096739
ENSG00000129315.14,25.4972514572538,42.0396290825519,24.3041357417525,22.3202134504387
ENSG00000129317.17,69.5772455019977,56.0528387767358,83.1457275375744,79.3607589348933
ENSG00000129347.23,83.8384200458854,95.2898259204509,106.170698240287,89.280853801755
ENSG00000129351.20,371.222694945441,320.902501996813,255.833007807921,300.082869722565
ENSG00000129353.17,297.323881399841,404.981760161916,186.758095699782,212.042027779168
ENSG00000129354.14,23.3364674354526,23.8224564801127,12.7916503903961,8.68008300850396
ENSG00000129460.19,86.863517676407,96.6911468898693,138.149824216277,116.561114685625
ENSG00000129472.16,38.0297987837006,50.4475548990622,71.6332421862179,66.9606403513162
ENSG00000129473.13,17.2862721744094,9.80924678592877,19.1874755855941,13.6401304419348
ENSG00000129474.19,150.390567917361,149.941343727768,48.608271483505,65.7206284929585
ENSG00000129484.16,143.908215851958,37.8356661742967,333.862075189337,179.801719461868
ENSG00000129493.17,57.9090117842714,67.263406532083,62.6790869129407,90.5208656601127
ENSG00000129515.22,554.45717999418,585.752165216889,758.544868150486,585.285597144838
ENSG00000129518.12,80.8133224153638,70.0660484709198,79.3082324204556,62.0005929178854
ENSG00000129534.16,46.6729348709053,44.8422710213887,23.0249707027129,17.3601660170079
ENSG00000129559.15,116.250180372903,110.704356584053,143.266484372436,131.441256985917
ENSG00000129562.13,80.8133224153638,86.8819001039405,135.591494138198,99.2009486686166
ENSG00000129566.15,8.64313608720468,0,23.0249707027129,24.8002371671542
ENSG00000129625.15,238.550556006849,217.204750259851,253.274677729842,256.682454680046
ENSG00000129636.15,112.360769133661,77.0726533180118,97.21654296701,104.160996102047
ENSG00000129657.18,293.866626964959,315.297218119139,249.437182612723,282.722703705557
ENSG00000129667.15,25.929408261614,37.8356661742967,24.3041357417525,32.2403083173004
ENSG00000129680.18,165.94821287433,227.01399704578,135.591494138198,147.561411144567
ENSG00000129691.18,147.7976270912,135.928134033584,99.7748730450892,114.081090968909
ENSG00000129696.15,56.1803845668304,50.4475548990622,43.4916113273466,57.0405454844546
ENSG00000129810.17,58.7733253929918,47.6449129602254,26.8624658198317,48.3604624759506
ENSG00000129925.13,13.8290177395275,18.2171726024391,17.9083105465545,13.6401304419348
ENSG00000129932.12,36.7333283706199,26.6250984189495,24.3041357417525,13.6401304419348
ENSG00000129933.23,39.7584260011415,51.8488758684806,58.8415917958219,54.5605217677392
ENSG00000130005.15,66.9843046758363,61.6581226544094,83.1457275375744,65.7206284929585
ENSG00000130021.17,41.0548964142222,46.2435919908071,48.608271483505,35.9603438923735
ENSG00000130023.18,9.50744969592515,12.6118887247656,7.67499023423763,21.080201592081
ENSG00000130052.15,8.64313608720468,14.013209694184,5.11666015615842,12.4001185835771
ENSG00000130066.18,89.4564585025685,107.901714645216,381.191181633802,374.483581224028
ENSG00000130119.19,63.5270502409544,79.8752952568485,78.0290673814159,64.4806166346008
ENSG00000130147.18,55.7482277624702,56.0528387767358,20.4666406246337,28.5202727422273
ENSG00000130150.14,52.2909733275883,50.4475548990622,51.1666015615842,45.8804387592352
ENSG00000130159.17,37.5976419793404,30.8290613272047,35.816621093109,33.4803201756581
ENSG00000130164.18,423.513668273029,451.225352152723,188.037260738822,238.08227680468
ENSG00000130165.13,31.9796035226573,30.8290613272047,29.4207958979109,27.2802608838696
ENSG00000130175.12,700.094023063579,1042.58280124729,909.48634275716,931.248905626639
ENSG00000130176.10,64.8235206540351,60.256801684991,20.4666406246337,19.8401897337233
ENSG00000130177.18,92.9137129374503,72.8686904097566,75.4707373033367,90.5208656601127
ENSG00000130193.10,108.903514698779,96.6911468898693,78.0290673814159,73.1606996431048
ENSG00000130202.12,143.043902243237,123.316245308819,44.7707763663862,59.52056920117
ENSG00000130204.15,67.4164614801965,63.0594436238278,40.9332812492674,34.7203320340158
ENSG00000130227.19,226.882322289123,162.553232452534,166.291455075149,192.201838045445
ENSG00000130254.15,52.7231301319486,35.0330242354599,37.0957861321486,28.5202727422273
ENSG00000130255.15,82.1097928284445,77.0726533180118,153.499804684753,136.401304419348
ENSG00000130270.17,14.2611745438877,15.4145306636024,1.27916503903961,9.92009486686167
ENSG00000130299.19,46.6729348709053,30.8290613272047,53.7249316396634,55.8005336260969
ENSG00000130304.19,15.5576449569684,4.20396290825519,10.2333203123168,19.8401897337233
ENSG00000130305.19,36.3011715662597,44.8422710213887,52.4457666006238,58.2805573428123
ENSG00000130309.14,43.6478372403836,43.4409500519703,30.6999609369505,29.760284600585
ENSG00000130311.13,91.6172425243696,141.533417911258,113.845688474525,95.4809130935435
ENSG00000130312.8,19.0148993918503,8.40792581651037,34.5374560540694,19.8401897337233
ENSG00000130313.9,11.2360769133661,5.60528387767358,16.6291455075149,16.1201541586502
ENSG00000130332.17,13.3968609351673,19.6184935718575,14.0708154294357,14.8801423002925
ENSG00000130338.14,17.2862721744094,49.0462339296438,16.6291455075149,7.44007115014625
ENSG00000130340.19,41.4870532185825,47.6449129602254,29.4207958979109,31.0002964589427
ENSG00000130348.13,32.8439171313778,39.2369871437151,29.4207958979109,33.4803201756581
ENSG00000130349.12,9.07529289156492,11.2105677553472,15.3499804684753,7.44007115014625
ENSG00000130363.16,14.693331348248,23.8224564801127,11.5124853513564,1.24001185835771
ENSG00000130382.11,14.2611745438877,29.4277403577863,15.3499804684753,2.48002371671542
ENSG00000130402.16,298.620351812922,378.356661742967,202.108076168258,219.482098929314
ENSG00000130414.15,159.898017613287,183.57304699381,143.266484372436,177.321695745152
ENSG00000130429.18,224.721538267322,221.408713168106,255.833007807921,226.922170079461
ENSG00000130449.7,34.5725443488187,54.6515178073174,113.845688474525,124.001185835771
ENSG00000130479.13,54.8839141537497,54.6515178073174,28.1416308588713,45.8804387592352
ENSG00000130508.13,275.283884377469,262.04702128124,154.778969723792,195.921873620518
ENSG00000130517.16,10.8039201090059,9.80924678592877,24.3041357417525,28.5202727422273
ENSG00000130520.13,64.8235206540351,67.263406532083,67.7957470690991,60.7605810595277
ENSG00000130529.18,18.5827425874901,26.6250984189495,34.5374560540694,18.6001778753656
ENSG00000130544.14,8.64313608720468,11.2105677553472,21.7458056636733,8.68008300850396
ENSG00000130559.20,16.8541153700491,14.013209694184,23.0249707027129,13.6401304419348
ENSG00000130560.11,29.8188195008562,39.2369871437151,17.9083105465545,23.5602253087965
ENSG00000130589.16,19.0148993918503,18.2171726024391,11.5124853513564,14.8801423002925
ENSG00000130590.15,15.9898017613287,15.4145306636024,11.5124853513564,22.3202134504387
ENSG00000130635.19,22.9043106310924,33.6317032660415,10.2333203123168,23.5602253087965
ENSG00000130638.19,367.765440510559,402.17911822308,313.395434564703,259.162478396761
ENSG00000130640.17,139.586647808356,141.533417911258,143.266484372436,171.121636453364
ENSG00000130669.19,26.7937218703345,39.2369871437151,21.7458056636733,22.3202134504387
ENSG00000130684.16,11.6682337177263,8.40792581651037,10.2333203123168,16.1201541586502
ENSG00000130695.18,166.38036967869,163.954553421952,120.241513669723,110.361055393836
ENSG00000130702.16,9.07529289156492,12.6118887247656,6.39582519519803,14.8801423002925
ENSG00000130703.19,129.21488450371,107.901714645216,126.637338864921,131.441256985917
ENSG00000130706.15,308.559958313207,256.441737403566,306.999609369505,311.242976447785
ENSG00000130707.20,24.2007810441731,29.4277403577863,152.220639645713,152.521458577998
ENSG00000130713.19,131.375668525511,123.316245308819,121.520678708763,141.361351852779
ENSG00000130714.21,69.1450886976374,65.8620855626646,48.608271483505,60.7605810595277
ENSG00000130717.15,111.49645552494,105.09907270638,94.6582128889308,93.0008893768281
ENSG00000130724.12,47.1050916752655,56.0528387767358,62.6790869129407,89.280853801755
ENSG00000130726.14,30.6831331095766,36.4343452048783,30.6999609369505,42.1604031841621
ENSG00000130731.18,27.2258786746947,19.6184935718575,62.6790869129407,39.6803794674467
ENSG00000130733.13,15.9898017613287,8.40792581651037,42.212446288307,38.440367609089
ENSG00000130734.12,6.05019526104328,15.4145306636024,0,4.96004743343083
ENSG00000130741.13,523.341890080244,682.443312106759,915.882167952358,794.847601207291
ENSG00000130764.12,9.93960650028538,15.4145306636024,16.6291455075149,12.4001185835771
ENSG00000130766.7,29.3866626964959,32.2303822966231,112.566523435485,133.921280702632
ENSG00000130770.20,41.0548964142222,36.4343452048783,52.4457666006238,29.760284600585
ENSG00000130775.18,6.05019526104328,4.20396290825519,3.83749511711882,12.4001185835771
ENSG00000130779.24,117.978807590344,77.0726533180118,72.9124072252575,94.2409012351858
ENSG00000130787.16,34.1403875444585,25.2237774495311,31.9791259759901,21.080201592081
ENSG00000130803.17,58.7733253929918,58.8554807155726,62.6790869129407,45.8804387592352
ENSG00000130810.22,35.8690147618994,37.8356661742967,33.2582910150297,47.1204506175929
ENSG00000130811.14,81.245479219724,77.0726533180118,147.103979489555,101.680972385332
ENSG00000130813.20,13.8290177395275,26.6250984189495,14.0708154294357,18.6001778753656
ENSG00000130816.19,214.349774962676,187.777009902065,147.103979489555,194.68186176216
ENSG00000130818.14,19.0148993918503,11.2105677553472,10.2333203123168,28.5202727422273
ENSG00000130826.21,456.789742208767,454.02799409156,515.503510732961,553.045288827538
ENSG00000130827.8,10.3717633046456,14.013209694184,5.11666015615842,14.8801423002925
ENSG00000130830.17,48.4015620883462,44.8422710213887,51.1666015615842,42.1604031841621
ENSG00000130844.21,32.8439171313778,29.4277403577863,46.0499414054258,45.8804387592352
ENSG00000130921.11,57.4768549799111,50.4475548990622,69.0749121081387,42.1604031841621
ENSG00000130935.12,404.930925685539,407.784402100753,345.374560540693,292.642798572419
ENSG00000130939.22,92.9137129374503,99.4937888287061,71.6332421862179,52.0804980510237
ENSG00000130962.21,78.6525383935626,89.6845420427773,40.9332812492674,38.440367609089
ENSG00000130985.19,589.894037951719,640.403683024207,528.295161123357,555.525312544253
ENSG00000131013.6,127.054100481909,138.730775972421,141.987319333396,147.561411144567
ENSG00000131016.19,92.4815561330901,85.4805791345221,30.6999609369505,54.5605217677392
ENSG00000131018.26,15.5576449569684,32.2303822966231,31.9791259759901,29.760284600585
ENSG00000131023.15,60.0697958060725,68.6647275015014,57.5624267567823,58.2805573428123
ENSG00000131043.15,238.982712811209,213.000787351596,234.087202144248,177.321695745152
ENSG00000131051.26,576.065020212192,619.383868482931,683.074130847149,628.686012187358
ENSG00000131067.19,45.3764644578246,43.4409500519703,55.004096678703,32.2403083173004
ENSG00000131069.22,241.143496833011,276.060230975424,75.4707373033367,66.9606403513162
ENSG00000131089.19,42.7835236316632,29.4277403577863,39.6541162102278,40.9203913258044
ENSG00000131100.15,156.872919982765,183.57304699381,232.808037105208,225.682158221103
ENSG00000131115.18,15.1254881526082,23.8224564801127,23.0249707027129,28.5202727422273
ENSG00000131143.12,198.792130005708,257.843058372985,501.432695303525,342.243272906727
ENSG00000131148.11,52.2909733275883,47.6449129602254,48.608271483505,39.6803794674467
ENSG00000131149.21,14.2611745438877,29.4277403577863,24.3041357417525,18.6001778753656
ENSG00000131153.11,157.737233591485,133.125492094748,101.054038084129,107.881031677121
ENSG00000131165.18,146.501156678119,134.526813064166,78.0290673814159,83.0807945099664
ENSG00000131171.15,24.2007810441731,21.0198145412759,7.67499023423763,19.8401897337233
ENSG00000131174.9,47.969405283986,47.6449129602254,58.8415917958219,42.1604031841621
ENSG00000131187.13,6.48235206540351,9.80924678592877,7.67499023423763,12.4001185835771
ENSG00000131236.20,1414.88137747541,1293.41925477318,889.019702132526,969.689273235728
ENSG00000131238.20,445.121508491041,411.988365009008,323.62875487702,281.4826918472
ENSG00000131263.15,285.223490877755,456.830636030397,408.053647453634,442.684233433702
ENSG00000131269.21,48.8337188927065,33.6317032660415,44.7707763663862,38.440367609089
ENSG00000131323.19,26.7937218703345,54.6515178073174,31.9791259759901,31.0002964589427
ENSG00000131351.17,32.8439171313778,30.8290613272047,44.7707763663862,34.7203320340158
ENSG00000131368.11,66.9843046758363,88.2832210733589,108.729028318366,95.4809130935435
ENSG00000131370.18,23.7686242398129,18.2171726024391,14.0708154294357,18.6001778753656
ENSG00000131373.17,91.6172425243696,91.0858630121957,94.6582128889308,94.2409012351858
ENSG00000131374.17,46.6729348709053,43.4409500519703,34.5374560540694,47.1204506175929
ENSG00000131375.12,76.4917543717614,72.8686904097566,74.1915722642971,78.1207470765356
ENSG00000131378.16,82.9741064371649,99.4937888287061,143.266484372436,137.641316277706
ENSG00000131381.15,21.1756834136515,28.0264193883679,44.7707763663862,27.2802608838696
ENSG00000131389.20,111.06429872058,155.546627605442,63.9582519519803,62.0005929178854
ENSG00000131408.17,63.0948934365942,50.4475548990622,84.424892576614,84.3208063683242
ENSG00000131435.15,38.0297987837006,33.6317032660415,49.8874365225446,50.840486192666
ENSG00000131437.18,45.8086212621848,50.4475548990622,37.0957861321486,68.2006522096739
ENSG00000131446.19,313.74583996553,283.066835822516,263.507998042159,298.842857864208
ENSG00000131459.15,20.7435266092912,33.6317032660415,161.17479491899,195.921873620518
ENSG00000131462.11,441.232097251799,522.692721593061,434.916113273466,407.963901399686
ENSG00000131467.14,726.455588129553,780.535779966046,764.940693345684,696.886664397032
ENSG00000131469.17,133.104295742952,128.921529186492,167.570620114188,124.001185835771
ENSG00000131470.16,73.4666567412398,102.296430767543,88.2623876937328,84.3208063683242
ENSG00000131473.19,1398.89157571408,1219.149243394,570.507607411664,634.886071479147
ENSG00000131475.9,57.9090117842714,77.0726533180118,116.404018552604,85.5608182266819
ENSG00000131495.10,33.7082307400983,32.2303822966231,37.0957861321486,27.2802608838696
ENSG00000131503.23,72.6023431325193,56.0528387767358,60.1207568348615,94.2409012351858
ENSG00000131504.19,266.640748290264,227.01399704578,92.0998828108516,122.761173977413
ENSG00000131507.13,93.3458697418106,109.303035614635,112.566523435485,106.641019818763
ENSG00000131508.19,114.521553155462,82.6779371956853,63.9582519519803,80.600770793251
ENSG00000131558.18,165.94821287433,159.750590513697,162.45395995803,153.761470436356
ENSG00000131584.21,8.21097928284445,15.4145306636024,3.83749511711882,6.20005929178854
ENSG00000131591.20,21.6078402180117,25.2237774495311,14.0708154294357,9.92009486686167
ENSG00000131626.21,44.0799940447439,70.0660484709198,42.212446288307,18.6001778753656
ENSG00000131652.16,23.3364674354526,28.0264193883679,38.3749511711882,19.8401897337233
ENSG00000131653.16,87.7278312851275,91.0858630121957,84.424892576614,74.4007115014625
ENSG00000131669.12,54.0196005450293,56.0528387767358,53.7249316396634,48.3604624759506
ENSG00000131697.20,20.7435266092912,22.4211355106943,12.7916503903961,29.760284600585
ENSG00000131711.16,131.807825329871,148.54002275835,165.012290036109,171.121636453364
ENSG00000131724.13,70.8737159150784,60.256801684991,40.9332812492674,26.0402490255119
ENSG00000131725.16,67.4164614801965,51.8488758684806,58.8415917958219,60.7605810595277
ENSG00000131732.14,25.4972514572538,29.4277403577863,37.0957861321486,53.3205099093814
ENSG00000131737.7,12.1003905220866,19.6184935718575,71.6332421862179,35.9603438923735
ENSG00000131747.17,1720.41623815809,1835.7304699381,1031.00702146592,1070.1302337627
ENSG00000131748.18,70.8737159150784,54.6515178073174,67.7957470690991,78.1207470765356
ENSG00000131759.20,13.3968609351673,19.6184935718575,19.1874755855941,19.8401897337233
ENSG00000131778.22,57.9090117842714,84.0792581651037,66.5165820300595,38.440367609089
ENSG00000131779.13,82.9741064371649,127.520208217074,211.062231441535,142.601363711136
ENSG00000131788.18,155.144292765324,180.770405054973,177.803940426505,172.361648311721
ENSG00000131791.10,36.3011715662597,26.6250984189495,37.0957861321486,38.440367609089
ENSG00000131828.16,263.183493855383,239.625885770546,315.953764642783,252.962419104972
ENSG00000131844.19,149.094097504281,121.9149243394,117.683183591644,104.160996102047
ENSG00000131845.16,24.6329378485333,26.6250984189495,21.7458056636733,40.9203913258044
ENSG00000131848.12,18.5827425874901,9.80924678592877,12.7916503903961,12.4001185835771
ENSG00000131849.16,10.8039201090059,12.6118887247656,17.9083105465545,12.4001185835771
ENSG00000131871.17,84.2705768502456,64.4607645932462,148.383144528594,138.881328136063
ENSG00000131873.9,18.5827425874901,28.0264193883679,17.9083105465545,22.3202134504387
ENSG00000131876.20,162.923115243808,151.342664697187,141.987319333396,105.401007960405
ENSG00000131899.15,16.4219585656889,18.2171726024391,16.6291455075149,19.8401897337233
ENSG00000131931.10,28.9545058921357,19.6184935718575,20.4666406246337,12.4001185835771
ENSG00000131941.9,26.7937218703345,29.4277403577863,19.1874755855941,24.8002371671542
ENSG00000131943.22,39.3262691967813,36.4343452048783,24.3041357417525,42.1604031841621
ENSG00000131944.12,16.4219585656889,15.4145306636024,6.39582519519803,16.1201541586502
ENSG00000131966.16,219.535656614999,225.612676076362,241.762192378485,210.80201592081
ENSG00000131981.18,18.5827425874901,18.2171726024391,40.9332812492674,21.080201592081
ENSG00000132002.11,524.206203688964,737.094829914076,850.644750961338,746.48713873134
ENSG00000132004.15,14.693331348248,14.013209694184,17.9083105465545,28.5202727422273
ENSG00000132005.11,10.3717633046456,19.6184935718575,23.0249707027129,13.6401304419348
ENSG00000132024.20,39.3262691967813,40.6383081131335,35.816621093109,33.4803201756581
ENSG00000132031.15,21.1756834136515,21.0198145412759,12.7916503903961,4.96004743343083
ENSG00000132109.12,227.314479093483,476.449129602254,587.136752919179,548.085241394107
ENSG00000132128.20,149.094097504281,127.520208217074,115.124853513565,112.841079110551
ENSG00000132153.17,263.615650659743,288.672119700189,344.095395501654,266.602549546907
ENSG00000132155.16,173.294878548454,154.145306636024,143.266484372436,133.921280702632
ENSG00000132170.26,6.48235206540351,12.6118887247656,24.3041357417525,19.8401897337233
ENSG00000132182.15,20.311369804931,21.0198145412759,25.5833007807921,13.6401304419348
ENSG00000132196.18,109.767828307499,93.8885049510325,46.0499414054258,53.3205099093814
ENSG00000132207.21,0,46.2435919908071,49.8874365225446,0
ENSG00000132254.15,155.576449569684,179.369084085555,203.387241207297,199.641909195591
ENSG00000132256.22,407.09170970734,599.765374911073,891.578032210605,647.286190062724
ENSG00000132274.19,18.5827425874901,25.2237774495311,34.5374560540694,31.0002964589427
ENSG00000132275.13,54.8839141537497,43.4409500519703,53.7249316396634,43.4004150425198
ENSG00000132286.14,135.265079764753,148.54002275835,145.824814450515,117.801126543982
ENSG00000132294.17,85.9992040676866,96.6911468898693,113.845688474525,131.441256985917
ENSG00000132300.21,239.41486961557,255.040416434148,227.69137694905,219.482098929314
ENSG00000132305.24,459.382683034929,411.988365009008,346.653725579733,363.323474498808
ENSG00000132313.16,62.6627366322339,49.0462339296438,56.2832617177426,59.52056920117
ENSG00000132323.11,33.7082307400983,23.8224564801127,26.8624658198317,37.2003557507312
ENSG00000132330.20,43.2156804360234,79.8752952568485,111.287358396446,91.7608775184704
ENSG00000132334.19,13.8290177395275,14.013209694184,5.11666015615842,8.68008300850396
ENSG00000132341.14,850.05243417658,762.318607363607,727.844907213536,663.406344221374
ENSG00000132356.12,229.475263115284,203.191540565667,133.033164060119,178.56170760351
ENSG00000132359.19,4.75372484796257,8.40792581651037,5.11666015615842,16.1201541586502
ENSG00000132361.20,31.5474467182971,26.6250984189495,31.9791259759901,29.760284600585
ENSG00000132376.22,85.9992040676866,102.296430767543,127.916503903961,132.681268844275
ENSG00000132382.17,164.651742461249,191.98097281032,269.903823237357,249.242383529899
ENSG00000132383.14,981.428102702092,992.135246348224,624.232539051328,646.046178204366
ENSG00000132388.15,122.300375633946,131.724171125329,71.6332421862179,63.2406047762431
ENSG00000132394.13,14.693331348248,25.2237774495311,35.816621093109,24.8002371671542
ENSG00000132405.21,105.878417068257,109.303035614635,67.7957470690991,85.5608182266819
ENSG00000132406.14,11.2360769133661,8.40792581651037,20.4666406246337,23.5602253087965
ENSG00000132423.14,16.8541153700491,14.013209694184,17.9083105465545,12.4001185835771
ENSG00000132424.19,73.4666567412398,64.4607645932462,40.9332812492674,58.2805573428123
ENSG00000132432.16,19.0148993918503,11.2105677553472,17.9083105465545,14.8801423002925
ENSG00000132434.12,18.1505857831298,21.0198145412759,20.4666406246337,21.080201592081
ENSG00000132436.15,66.1199910671158,42.0396290825519,34.5374560540694,33.4803201756581
ENSG00000132463.17,87.7278312851275,106.500393675798,127.916503903961,63.2406047762431
ENSG00000132466.22,103.285476242096,91.0858630121957,60.1207568348615,74.4007115014625
ENSG00000132467.4,22.4721538267322,32.2303822966231,12.7916503903961,13.6401304419348
ENSG00000132470.16,18.5827425874901,29.4277403577863,38.3749511711882,39.6803794674467
ENSG00000132471.13,366.468970097479,371.350056895875,405.495317375555,432.76413856684
ENSG00000132475.12,1812.03348068246,1782.4802731002,1992.93913082371,1804.21725391047
ENSG00000132478.12,73.8988135456,70.0660484709198,80.5873974594952,83.0807945099664
ENSG00000132485.16,226.018008680402,217.204750259851,145.824814450515,164.921577161575
ENSG00000132507.20,378.569360619565,336.317032660415,376.074521477644,327.363130606435
ENSG00000132522.18,135.265079764753,112.105677553472,258.391337886,193.441849903802
ENSG00000132535.23,8.21097928284445,5.60528387767358,17.9083105465545,13.6401304419348
ENSG00000132541.13,12.5325473264468,8.40792581651037,17.9083105465545,13.6401304419348
ENSG00000132549.21,58.7733253929918,47.6449129602254,47.3291064444654,32.2403083173004
ENSG00000132561.16,230.339576724005,248.033811587056,110.008193357406,124.001185835771
ENSG00000132563.19,17.7184289787696,15.4145306636024,8.95415527327724,4.96004743343083
ENSG00000132570.17,20.311369804931,21.0198145412759,29.4207958979109,18.6001778753656
ENSG00000132581.12,48.8337188927065,46.2435919908071,28.1416308588713,47.1204506175929
ENSG00000132589.18,318.931721617853,466.639882816326,463.057744132337,388.123711665963
ENSG00000132591.14,311.585055943729,323.705143935649,290.37046386199,301.322881580923
ENSG00000132600.20,35.4368579575392,26.6250984189495,21.7458056636733,40.9203913258044
ENSG00000132603.17,93.3458697418106,57.4541597461542,107.449863279327,71.9206877847471
ENSG00000132604.13,27.2258786746947,39.2369871437151,40.9332812492674,39.6803794674467
ENSG00000132612.19,92.4815561330901,103.697751736961,85.7040576156536,106.641019818763
ENSG00000132613.17,17.2862721744094,28.0264193883679,19.1874755855941,22.3202134504387
ENSG00000132622.13,17.2862721744094,29.4277403577863,33.2582910150297,24.8002371671542
ENSG00000132635.19,30.6831331095766,37.8356661742967,55.004096678703,78.1207470765356
ENSG00000132639.17,6.48235206540351,5.60528387767358,11.5124853513564,13.6401304419348
ENSG00000132640.16,92.0493993287299,86.8819001039405,58.8415917958219,79.3607589348933
ENSG00000132646.13,220.83212702808,210.198145412759,193.15392089498,182.281743178583
ENSG00000132661.6,43.2156804360234,37.8356661742967,51.1666015615842,73.1606996431048
ENSG00000132664.15,57.0446981755509,37.8356661742967,47.3291064444654,50.840486192666
ENSG00000132669.16,43.2156804360234,25.2237774495311,51.1666015615842,47.1204506175929
ENSG00000132670.23,22.9043106310924,40.6383081131335,30.6999609369505,12.4001185835771
ENSG00000132676.18,111.49645552494,92.4871839816141,92.0998828108516,127.721221410844
ENSG00000132680.13,14.2611745438877,22.4211355106943,31.9791259759901,23.5602253087965
ENSG00000132716.21,195.334875570826,222.810034137525,255.833007807921,220.722110787672
ENSG00000132718.11,45.3764644578246,63.0594436238278,49.8874365225446,29.760284600585
ENSG00000132740.12,48.8337188927065,68.6647275015014,43.4916113273466,29.760284600585
ENSG00000132763.17,73.4666567412398,126.118887247656,130.47483398204,130.201245127559
ENSG00000132768.16,73.4666567412398,64.4607645932462,85.7040576156536,93.0008893768281
ENSG00000132773.14,58.3411685886316,64.4607645932462,49.8874365225446,58.2805573428123
ENSG00000132780.19,240.71134002865,256.441737403566,244.320522456565,271.562596980338
ENSG00000132781.24,14.2611745438877,9.80924678592877,26.8624658198317,28.5202727422273
ENSG00000132792.23,370.790538141081,354.534205262854,353.049550774931,358.363427065378
ENSG00000132793.14,9.93960650028538,12.6118887247656,21.7458056636733,17.3601660170079
ENSG00000132823.13,219.535656614999,220.007392198688,262.228833003119,262.882513971834
ENSG00000132824.16,592.054821973521,526.896684501317,688.190791003308,729.126972714332
ENSG00000132842.18,173.294878548454,169.559837299626,131.753999021079,178.56170760351
ENSG00000132846.8,4.75372484796257,5.60528387767358,14.0708154294357,11.1601067252194
ENSG00000132849.23,21.1756834136515,16.8158516330207,24.3041357417525,19.8401897337233
ENSG00000132879.16,10.8039201090059,16.8158516330207,16.6291455075149,13.6401304419348
ENSG00000132906.20,11.2360769133661,7.00660484709198,12.7916503903961,18.6001778753656
ENSG00000132912.16,314.61015357425,316.698539088557,367.120366204367,358.363427065378
ENSG00000132950.21,19.8792130005708,11.2105677553472,20.4666406246337,11.1601067252194
ENSG00000132952.14,29.3866626964959,30.8290613272047,30.6999609369505,24.8002371671542
ENSG00000132953.20,49.2658756970667,50.4475548990622,33.2582910150297,29.760284600585
ENSG00000132963.11,78.2203815892024,75.6713323485934,80.5873974594952,76.8807352181779
ENSG00000133026.16,197.495659592627,210.198145412759,101.054038084129,102.92098424369
ENSG00000133027.20,31.5474467182971,42.0396290825519,83.1457275375744,70.6806759263894
ENSG00000133028.14,96.3709673723322,95.2898259204509,111.287358396446,75.6407233598202
ENSG00000133030.24,61.7984230235135,47.6449129602254,49.8874365225446,48.3604624759506
ENSG00000133059.20,42.7835236316632,22.4211355106943,23.0249707027129,28.5202727422273
ENSG00000133065.13,157.305076787125,285.869477761353,264.787163081198,220.722110787672
ENSG00000133103.20,96.3709673723322,86.8819001039405,141.987319333396,162.44155344486
ENSG00000133104.16,151.687038330442,124.717566278237,170.128950192268,171.121636453364
ENSG00000133107.17,22.0399970223719,23.8224564801127,11.5124853513564,17.3601660170079
ENSG00000133112.19,253.243887355097,248.033811587056,369.678696282446,314.963012022858
ENSG00000133114.20,12.5325473264468,9.80924678592877,19.1874755855941,6.20005929178854
ENSG00000133119.15,142.179588634517,130.322850155911,157.337299801871,131.441256985917
ENSG00000133121.23,55.7482277624702,50.4475548990622,80.5873974594952,84.3208063683242
ENSG00000133131.17,28.5223490877754,23.8224564801127,29.4207958979109,45.8804387592352
ENSG00000133134.14,7.34666567412398,7.00660484709198,30.6999609369505,23.5602253087965
ENSG00000133138.22,17.7184289787696,28.0264193883679,25.5833007807921,32.2403083173004
ENSG00000133142.21,65.6878342627556,70.0660484709198,93.3790478498912,88.0408419433973
ENSG00000133169.8,140.018804612716,110.704356584053,148.383144528594,145.081387427852
ENSG00000133193.15,202.24938444059,137.329455003003,126.637338864921,142.601363711136
ENSG00000133195.14,54.4517573493895,53.250196837899,97.21654296701,76.8807352181779
ENSG00000133216.18,5.18588165232281,12.6118887247656,11.5124853513564,12.4001185835771
ENSG00000133226.21,135.265079764753,114.908319492308,131.753999021079,97.9609368102589
ENSG00000133243.12,15.5576449569684,35.0330242354599,48.608271483505,34.7203320340158
ENSG00000133265.13,57.9090117842714,65.8620855626646,63.9582519519803,59.52056920117
ENSG00000133302.15,73.8988135456,67.263406532083,23.0249707027129,45.8804387592352
ENSG00000133313.17,130.07919811243,102.296430767543,79.3082324204556,115.321102827267
ENSG00000133316.18,54.0196005450293,49.0462339296438,60.1207568348615,83.0807945099664
ENSG00000133318.16,588.165410734279,472.245166693999,340.257900384535,389.36372352432
ENSG00000133393.15,55.31607095811,11.2105677553472,1.27916503903961,48.3604624759506
ENSG00000133398.6,62.2305798278737,54.6515178073174,95.9373779279704,85.5608182266819
ENSG00000133422.16,10.8039201090059,12.6118887247656,17.9083105465545,21.080201592081
ENSG00000133460.22,22.0399970223719,56.0528387767358,53.7249316396634,52.0804980510237
ENSG00000133466.16,19.8792130005708,7.00660484709198,10.2333203123168,14.8801423002925
ENSG00000133606.13,153.415665547883,105.09907270638,66.5165820300595,101.680972385332
ENSG00000133612.22,9.50744969592515,7.00660484709198,12.7916503903961,18.6001778753656
ENSG00000133639.7,12.5325473264468,7.00660484709198,29.4207958979109,27.2802608838696
ENSG00000133641.20,76.4917543717614,64.4607645932462,71.6332421862179,49.6004743343083
ENSG00000133657.19,103.717633046456,148.54002275835,214.899726558654,169.881624595006
ENSG00000133678.16,15.9898017613287,19.6184935718575,30.6999609369505,31.0002964589427
ENSG00000133703.16,276.58035479055,365.744773018201,267.345493159278,187.241790612014
ENSG00000133704.12,43.6478372403836,57.4541597461542,58.8415917958219,50.840486192666
ENSG00000133706.22,510.809342753797,498.870265112949,534.690986318555,709.286782980609
ENSG00000133731.12,72.6023431325193,74.270011379175,58.8415917958219,31.0002964589427
ENSG00000133773.14,16.4219585656889,11.2105677553472,28.1416308588713,16.1201541586502
ENSG00000133789.17,314.61015357425,227.01399704578,143.266484372436,151.28144671964
ENSG00000133794.22,23.7686242398129,35.0330242354599,39.6541162102278,34.7203320340158
ENSG00000133812.20,74.7631271543205,70.0660484709198,66.5165820300595,66.9606403513162
ENSG00000133816.22,107.174887481338,120.513603369982,145.824814450515,179.801719461868
ENSG00000133818.16,106.310573872618,109.303035614635,115.124853513565,105.401007960405
ENSG00000133835.20,175.455662570255,154.145306636024,153.499804684753,195.921873620518
ENSG00000133858.18,36.3011715662597,47.6449129602254,47.3291064444654,32.2403083173004
ENSG00000133872.16,322.821132857095,264.849663220077,326.187084955099,342.243272906727
ENSG00000133884.13,261.454866637942,287.270798730771,388.86617186804,334.803201756581
ENSG00000133895.21,114.521553155462,123.316245308819,90.820717771812,97.9609368102589
ENSG00000133935.9,159.465860808926,190.579651840902,99.7748730450892,85.5608182266819
ENSG00000133943.23,5.18588165232281,4.20396290825519,14.0708154294357,13.6401304419348
ENSG00000133961.24,151.254881526082,138.730775972421,179.083105465545,135.16129256099
ENSG00000133983.18,30.6831331095766,40.6383081131335,33.2582910150297,17.3601660170079
ENSG00000133997.14,76.9239111761217,75.6713323485934,122.799843747802,93.0008893768281
ENSG00000134001.17,614.959132604613,546.515178073174,440.032773429624,451.364316442206
ENSG00000134013.18,888.082232960281,880.029568794752,420.84529784403,565.445407411115
ENSG00000134014.20,64.8235206540351,49.0462339296438,72.9124072252575,71.9206877847471
ENSG00000134030.16,14.2611745438877,22.4211355106943,12.7916503903961,11.1601067252194
ENSG00000134049.8,58.3411685886316,51.8488758684806,56.2832617177426,55.8005336260969
ENSG00000134056.14,16.8541153700491,4.20396290825519,21.7458056636733,21.080201592081
ENSG00000134057.17,1035.87986005148,924.871839816141,684.353295886189,665.886367938089
ENSG00000134058.14,88.592144893848,295.678724547281,382.470346672842,316.203023881216
ENSG00000134072.13,26.3615650659743,25.2237774495311,17.9083105465545,17.3601660170079
ENSG00000134077.18,60.0697958060725,68.6647275015014,66.5165820300595,69.4406640680317
ENSG00000134086.12,14.2611745438877,12.6118887247656,28.1416308588713,24.8002371671542
ENSG00000134107.7,36.3011715662597,44.8422710213887,21.7458056636733,24.8002371671542
ENSG00000134108.16,208.731736505993,184.974367963228,227.69137694905,184.761766895299
ENSG00000134109.12,15.9898017613287,9.80924678592877,33.2582910150297,37.2003557507312
ENSG00000134138.24,27.2258786746947,5.60528387767358,21.7458056636733,17.3601660170079
ENSG00000134146.14,19.4470561962105,15.4145306636024,19.1874755855941,11.1601067252194
ENSG00000134152.13,52.7231301319486,46.2435919908071,51.1666015615842,44.6404269008775
ENSG00000134153.12,118.843121199064,91.0858630121957,111.287358396446,114.081090968909
ENSG00000134186.14,76.4917543717614,79.8752952568485,52.4457666006238,95.4809130935435
ENSG00000134198.12,12.5325473264468,16.8158516330207,16.6291455075149,6.20005929178854
ENSG00000134202.14,30.6831331095766,35.0330242354599,30.6999609369505,32.2403083173004
ENSG00000134222.18,49.6980325014269,42.0396290825519,33.2582910150297,22.3202134504387
ENSG00000134243.14,129.64704130807,236.823243831709,113.845688474525,135.16129256099
ENSG00000134248.16,30.6831331095766,30.8290613272047,53.7249316396634,43.4004150425198
ENSG00000134250.23,165.51605606997,225.612676076362,230.249707027129,228.162181937818
ENSG00000134255.18,41.0548964142222,37.8356661742967,38.3749511711882,47.1204506175929
ENSG00000134259.8,7.34666567412398,8.40792581651037,16.6291455075149,16.1201541586502
ENSG00000134262.17,37.5976419793404,51.8488758684806,53.7249316396634,60.7605810595277
ENSG00000134265.15,40.622739609862,33.6317032660415,35.816621093109,28.5202727422273
ENSG00000134278.18,5.61803845668304,11.2105677553472,19.1874755855941,11.1601067252194
ENSG00000134283.20,105.014103459537,126.118887247656,86.9832226546932,104.160996102047
ENSG00000134285.13,40.1905828055018,28.0264193883679,84.424892576614,83.0807945099664
ENSG00000134287.12,187.123896287981,166.757195360789,120.241513669723,132.681268844275
ENSG00000134291.14,311.152899139369,283.066835822516,232.808037105208,244.282336096468
ENSG00000134294.16,5057.09892462346,4990.10397209891,5325.16405752188,5630.89384880235
ENSG00000134308.16,1575.21155189305,1306.03114349794,947.861293928348,977.129344385874
ENSG00000134313.19,115.385866764182,92.4871839816141,71.6332421862179,115.321102827267
ENSG00000134324.14,229.043106310924,260.645700311822,158.616464840911,119.04113840234
ENSG00000134330.20,37.1654851749801,57.4541597461542,34.5374560540694,27.2802608838696
ENSG00000134333.17,4361.32646960348,3776.56001258258,1775.48107418697,1742.21666099258
ENSG00000134352.23,159.033704004566,145.737380819513,153.499804684753,195.921873620518
ENSG00000134363.14,9.07529289156492,22.4211355106943,20.4666406246337,17.3601660170079
ENSG00000134369.19,273.123100355668,469.442524755162,406.774482414595,332.323178039866
ENSG00000134371.17,307.263487900126,386.764587559477,303.162114252387,255.442442821688
ENSG00000134375.13,219.535656614999,232.619280923454,271.182988276396,192.201838045445
ENSG00000134419.17,210.892520527794,243.829848678801,386.307841789961,297.60284600585
ENSG00000134440.14,344.861129879467,276.060230975424,497.595200186407,517.084944935164
ENSG00000134444.17,42.3513668273029,40.6383081131335,14.0708154294357,29.760284600585
ENSG00000134452.22,71.7380295237989,65.8620855626646,55.004096678703,83.0807945099664
ENSG00000134453.18,83.8384200458854,74.270011379175,69.0749121081387,64.4806166346008
ENSG00000134480.19,82.9741064371649,84.0792581651037,97.21654296701,94.2409012351858
ENSG00000134490.16,10.3717633046456,5.60528387767358,25.5833007807921,12.4001185835771
ENSG00000134516.22,35.004701153179,15.4145306636024,15.3499804684753,29.760284600585
ENSG00000134531.12,40.622739609862,42.0396290825519,108.729028318366,96.7209249519012
ENSG00000134548.11,25.929408261614,19.6184935718575,24.3041357417525,28.5202727422273
ENSG00000134569.12,9.93960650028538,14.013209694184,2.55833007807921,11.1601067252194
ENSG00000134574.14,73.8988135456,72.8686904097566,69.0749121081387,64.4806166346008
ENSG00000134575.15,64.3913638496749,84.0792581651037,57.5624267567823,50.840486192666
ENSG00000134590.14,926.544188548342,1352.27473548875,1100.08193357406,1031.68986615361
ENSG00000134597.19,39.3262691967813,32.2303822966231,42.212446288307,50.840486192666
ENSG00000134644.18,21.6078402180117,26.6250984189495,33.2582910150297,44.6404269008775
ENSG00000134668.15,14.2611745438877,11.2105677553472,29.4207958979109,26.0402490255119
ENSG00000134684.15,241.575653637371,207.395503473923,360.724541009169,401.763842107897
ENSG00000134686.23,6.05019526104328,5.60528387767358,14.0708154294357,22.3202134504387
ENSG00000134690.13,377.272890206484,341.922316538089,195.71225097306,183.521755036941
ENSG00000134697.15,260.158396224861,239.625885770546,230.249707027129,288.922762997346
ENSG00000134717.20,117.114493981623,112.105677553472,110.008193357406,100.440960526974
ENSG00000134744.16,54.0196005450293,89.6845420427773,94.6582128889308,78.1207470765356
ENSG00000134748.15,114.089396351102,100.895109798124,66.5165820300595,68.2006522096739
ENSG00000134758.16,69.1450886976374,58.8554807155726,49.8874365225446,44.6404269008775
ENSG00000134759.16,124.893316460108,112.105677553472,156.058134762832,115.321102827267
ENSG00000134762.18,105.878417068257,137.329455003003,46.0499414054258,60.7605810595277
ENSG00000134769.25,8.64313608720468,12.6118887247656,23.0249707027129,19.8401897337233
ENSG00000134779.17,258.86192581178,210.198145412759,165.012290036109,166.161589019933
ENSG00000134780.12,20.7435266092912,15.4145306636024,31.9791259759901,24.8002371671542
ENSG00000134802.20,180.209387418218,177.967763116136,313.395434564703,407.963901399686
ENSG00000134809.11,21.1756834136515,25.2237774495311,38.3749511711882,32.2403083173004
ENSG00000134815.22,20.311369804931,33.6317032660415,37.0957861321486,35.9603438923735
ENSG00000134824.16,8851.00351010195,14520.4878851134,6331.86694324605,4829.84618830327
ENSG00000134825.18,32.4117603270176,35.0330242354599,63.9582519519803,57.0405454844546
ENSG00000134851.15,149.094097504281,148.54002275835,126.637338864921,124.001185835771
ENSG00000134852.17,50.9945029145076,47.6449129602254,39.6541162102278,40.9203913258044
ENSG00000134871.22,391.966221554732,564.732350675613,209.783066402495,238.08227680468
ENSG00000134874.20,16.4219585656889,5.60528387767358,12.7916503903961,13.6401304419348
ENSG00000134882.18,54.8839141537497,67.263406532083,66.5165820300595,52.0804980510237
ENSG00000134884.17,104.149789850816,119.112282400564,94.6582128889308,85.5608182266819
ENSG00000134897.16,23.7686242398129,8.40792581651037,14.0708154294357,12.4001185835771
ENSG00000134899.26,24.6329378485333,32.2303822966231,19.1874755855941,39.6803794674467
ENSG00000134900.15,68.280775088917,71.4673694403382,57.5624267567823,58.2805573428123
ENSG00000134901.16,22.9043106310924,26.6250984189495,11.5124853513564,18.6001778753656
ENSG00000134905.19,13.8290177395275,12.6118887247656,8.95415527327724,13.6401304419348
ENSG00000134910.16,2242.46165782525,3650.44112533492,6394.54603015899,4426.84233433702
ENSG00000134954.16,123.164689242667,105.09907270638,141.987319333396,132.681268844275
ENSG00000134955.14,6.05019526104328,9.80924678592877,29.4207958979109,26.0402490255119
ENSG00000134970.16,291.273686138798,249.435132556474,259.67050292504,328.603142464793
ENSG00000134982.21,30.6831331095766,35.0330242354599,15.3499804684753,13.6401304419348
ENSG00000134986.16,318.931721617853,483.455734449346,253.274677729842,173.601660170079
ENSG00000134987.15,284.359177269034,360.139489140528,469.453569327535,440.204209716986
ENSG00000134996.14,19.4470561962105,9.80924678592877,12.7916503903961,22.3202134504387
ENSG00000135002.13,52.7231301319486,44.8422710213887,42.212446288307,37.2003557507312
ENSG00000135018.16,245.897221680973,243.829848678801,227.69137694905,254.20243096333
ENSG00000135040.18,110.19998511186,148.54002275835,143.266484372436,163.681565303217
ENSG00000135046.17,301.213292639083,276.060230975424,477.128559561773,404.243865824613
ENSG00000135047.18,69.1450886976374,44.8422710213887,111.287358396446,120.281150260698
ENSG00000135048.16,108.903514698779,161.151911483115,67.7957470690991,71.9206877847471
ENSG00000135049.18,42.3513668273029,44.8422710213887,39.6541162102278,57.0405454844546
ENSG00000135052.18,172.430564939733,184.974367963228,121.520678708763,161.201541586502
ENSG00000135069.16,448.146606121563,421.797611794937,1224.1609423609,1182.97131287325
ENSG00000135070.16,32.8439171313778,23.8224564801127,24.3041357417525,34.7203320340158
ENSG00000135074.18,213.485461353956,305.48797133321,172.687280270347,122.761173977413
ENSG00000135083.19,15.5576449569684,9.80924678592877,28.1416308588713,34.7203320340158
ENSG00000135090.16,18.1505857831298,26.6250984189495,37.0957861321486,55.8005336260969
ENSG00000135093.15,58.3411685886316,43.4409500519703,40.9332812492674,39.6803794674467
ENSG00000135108.18,210.460363723434,213.000787351596,180.362270504584,190.961826187087
ENSG00000135111.17,26.7937218703345,23.8224564801127,24.3041357417525,21.080201592081
ENSG00000135119.16,14.2611745438877,11.2105677553472,14.0708154294357,22.3202134504387
ENSG00000135124.18,29.3866626964959,28.0264193883679,51.1666015615842,35.9603438923735
ENSG00000135148.14,236.821928789408,305.48797133321,335.141240228377,234.362241229607
ENSG00000135164.21,107.607044285698,123.316245308819,111.287358396446,90.5208656601127
ENSG00000135185.14,23.3364674354526,28.0264193883679,31.9791259759901,38.440367609089
ENSG00000135211.8,19.4470561962105,33.6317032660415,24.3041357417525,14.8801423002925
ENSG00000135241.19,116.250180372903,116.309640461727,120.241513669723,124.001185835771
ENSG00000135245.12,30.2509763052164,22.4211355106943,46.0499414054258,71.9206877847471
ENSG00000135249.10,138.722334199635,137.329455003003,113.845688474525,119.04113840234
ENSG00000135250.19,88.1599880894878,103.697751736961,62.6790869129407,59.52056920117
ENSG00000135269.20,383.755242271888,397.975155314824,306.999609369505,336.043213614939
ENSG00000135297.19,62.6627366322339,53.250196837899,43.4916113273466,50.840486192666
ENSG00000135314.16,9.50744969592515,11.2105677553472,6.39582519519803,14.8801423002925
ENSG00000135315.14,9.93960650028538,8.40792581651037,3.83749511711882,12.4001185835771
ENSG00000135316.21,254.540357768178,198.987577657412,173.966445309386,186.001778753656
ENSG00000135317.16,54.0196005450293,39.2369871437151,26.8624658198317,65.7206284929585
ENSG00000135318.14,35.8690147618994,53.250196837899,180.362270504584,190.961826187087
ENSG00000135334.11,20.7435266092912,16.8158516330207,16.6291455075149,17.3601660170079
ENSG00000135336.19,285.655647682115,438.613463427958,671.561645495793,517.084944935164
ENSG00000135341.21,109.767828307499,86.8819001039405,102.333203123168,97.9609368102589
ENSG00000135362.16,31.5474467182971,37.8356661742967,20.4666406246337,24.8002371671542
ENSG00000135365.19,14.693331348248,23.8224564801127,47.3291064444654,31.0002964589427
ENSG00000135372.12,170.269780917932,130.322850155911,144.545649411475,188.481802470372
ENSG00000135387.23,841.841454893736,721.680299250474,489.920209952169,500.964790776514
ENSG00000135390.23,130.511354916791,162.553232452534,231.528872066169,152.521458577998
ENSG00000135392.21,76.9239111761217,57.4541597461542,35.816621093109,60.7605810595277
ENSG00000135404.14,452.900330969525,372.751377865293,715.05325682314,571.645466702903
ENSG00000135414.10,13.3968609351673,29.4277403577863,14.0708154294357,7.44007115014625
ENSG00000135424.21,12.5325473264468,21.0198145412759,17.9083105465545,23.5602253087965
ENSG00000135441.10,17.2862721744094,15.4145306636024,33.2582910150297,21.080201592081
ENSG00000135446.19,291.705842943158,299.882687455537,488.641044913129,451.364316442206
ENSG00000135451.15,163.355272048168,191.98097281032,182.920600582664,167.401600878291
ENSG00000135452.12,46.6729348709053,35.0330242354599,55.004096678703,69.4406640680317
ENSG00000135454.16,40.622739609862,43.4409500519703,25.5833007807921,33.4803201756581
ENSG00000135457.13,33.276073935738,28.0264193883679,17.9083105465545,29.760284600585
ENSG00000135469.16,19.0148993918503,21.0198145412759,25.5833007807921,23.5602253087965
ENSG00000135473.18,22.0399970223719,30.8290613272047,33.2582910150297,28.5202727422273
ENSG00000135476.14,79.0846951979228,74.270011379175,37.0957861321486,29.760284600585
ENSG00000135480.19,356.529363597193,376.955340773548,220.016386714812,199.641909195591
ENSG00000135482.9,13.3968609351673,18.2171726024391,5.11666015615842,9.92009486686167
ENSG00000135486.21,1251.9582622316,1115.45149165704,1164.04018552604,1191.65139588176
ENSG00000135506.19,442.52856766488,440.014784397376,450.266093741941,455.084352017279
ENSG00000135521.11,82.5419496328047,81.2766162262669,108.729028318366,58.2805573428123
ENSG00000135535.19,458.950526230569,421.797611794937,411.891142570753,434.004150425198
ENSG00000135541.24,25.4972514572538,30.8290613272047,71.6332421862179,55.8005336260969
ENSG00000135596.20,17.2862721744094,4.20396290825519,12.7916503903961,31.0002964589427
ENSG00000135597.21,11.2360769133661,4.20396290825519,16.6291455075149,9.92009486686167
ENSG00000135605.15,8.64313608720468,12.6118887247656,7.67499023423763,12.4001185835771
ENSG00000135617.6,41.4870532185825,29.4277403577863,31.9791259759901,33.4803201756581
ENSG00000135622.16,73.8988135456,78.4739742874302,74.1915722642971,63.2406047762431
ENSG00000135624.19,1122.31122092353,1090.22771420751,1066.82364255903,1014.32970013661
ENSG00000135631.19,50.1301893057872,58.8554807155726,33.2582910150297,33.4803201756581
ENSG00000135632.14,65.6878342627556,68.6647275015014,90.820717771812,79.3607589348933
ENSG00000135636.18,66.1199910671158,72.8686904097566,53.7249316396634,58.2805573428123
ENSG00000135637.17,16.8541153700491,11.2105677553472,12.7916503903961,16.1201541586502
ENSG00000135655.18,173.727035352814,140.13209694184,79.3082324204556,130.201245127559
ENSG00000135677.13,372.951322162882,367.14609398762,368.399531243406,400.52383024954
ENSG00000135678.14,8.21097928284445,4.20396290825519,6.39582519519803,13.6401304419348
ENSG00000135679.29,66.9843046758363,82.6779371956853,111.287358396446,126.481209552486
ENSG00000135686.15,17.7184289787696,25.2237774495311,12.7916503903961,24.8002371671542
ENSG00000135698.12,34.5725443488187,22.4211355106943,44.7707763663862,35.9603438923735
ENSG00000135709.16,21.6078402180117,21.0198145412759,14.0708154294357,11.1601067252194
ENSG00000135720.15,191.013307527223,154.145306636024,106.170698240287,116.561114685625
ENSG00000135723.16,31.9796035226573,44.8422710213887,51.1666015615842,34.7203320340158
ENSG00000135740.19,9.93960650028538,8.40792581651037,12.7916503903961,8.68008300850396
ENSG00000135749.22,6.05019526104328,5.60528387767358,8.95415527327724,12.4001185835771
ENSG00000135763.12,73.8988135456,84.0792581651037,48.608271483505,70.6806759263894
ENSG00000135766.11,11.6682337177263,16.8158516330207,8.95415527327724,7.44007115014625
ENSG00000135775.16,76.0595975674012,60.256801684991,81.8665624985348,101.680972385332
ENSG00000135778.14,34.1403875444585,36.4343452048783,44.7707763663862,43.4004150425198
ENSG00000135801.13,30.2509763052164,37.8356661742967,16.6291455075149,26.0402490255119
ENSG00000135821.20,41.0548964142222,36.4343452048783,38.3749511711882,28.5202727422273
ENSG00000135823.15,83.8384200458854,70.0660484709198,49.8874365225446,50.840486192666
ENSG00000135829.19,655.581872214475,564.732350675613,450.266093741941,430.284114850125
ENSG00000135837.20,32.4117603270176,54.6515178073174,37.0957861321486,38.440367609089
ENSG00000135842.19,39.7584260011415,46.2435919908071,181.641435543624,176.081683886795
ENSG00000135845.12,39.7584260011415,25.2237774495311,47.3291064444654,52.0804980510237
ENSG00000135862.8,62.6627366322339,53.250196837899,44.7707763663862,48.3604624759506
ENSG00000135870.15,17.7184289787696,23.8224564801127,19.1874755855941,26.0402490255119
ENSG00000135899.22,38.8941123924211,30.8290613272047,23.0249707027129,23.5602253087965
ENSG00000135900.6,61.7984230235135,42.0396290825519,30.6999609369505,43.4004150425198
ENSG00000135905.22,25.4972514572538,28.0264193883679,26.8624658198317,32.2403083173004
ENSG00000135912.13,71.3058727194386,78.4739742874302,55.004096678703,58.2805573428123
ENSG00000135913.13,49.6980325014269,42.0396290825519,46.0499414054258,59.52056920117
ENSG00000135916.17,159.898017613287,148.54002275835,99.7748730450892,105.401007960405
ENSG00000135919.16,174.591348961535,148.54002275835,666.444985339635,768.807352181779
ENSG00000135924.19,8.64313608720468,9.80924678592877,8.95415527327724,13.6401304419348
ENSG00000135926.17,159.898017613287,152.743985666605,156.058134762832,141.361351852779
ENSG00000135930.17,180.209387418218,165.355874391371,85.7040576156536,116.561114685625
ENSG00000135931.21,61.7984230235135,47.6449129602254,56.2832617177426,60.7605810595277
ENSG00000135932.14,18.1505857831298,21.0198145412759,26.8624658198317,7.44007115014625
ENSG00000135940.9,66.9843046758363,58.8554807155726,112.566523435485,74.4007115014625
ENSG00000135945.12,68.7129318932772,49.0462339296438,52.4457666006238,64.4806166346008
ENSG00000135953.13,60.5019526104328,57.4541597461542,53.7249316396634,62.0005929178854
ENSG00000135956.13,69.5772455019977,84.0792581651037,74.1915722642971,65.7206284929585
ENSG00000135966.16,51.4266597188679,71.4673694403382,39.6541162102278,35.9603438923735
ENSG00000135968.24,41.4870532185825,46.2435919908071,40.9332812492674,34.7203320340158
ENSG00000135972.11,63.0948934365942,54.6515178073174,63.9582519519803,59.52056920117
ENSG00000135974.13,27.658035479055,16.8158516330207,39.6541162102278,40.9203913258044
ENSG00000135999.15,32.8439171313778,32.2303822966231,33.2582910150297,39.6803794674467
ENSG00000136003.18,66.5521478714761,51.8488758684806,92.0998828108516,116.561114685625
ENSG00000136010.16,16.8541153700491,18.2171726024391,135.591494138198,146.32139928621
ENSG00000136021.21,127.054100481909,105.09907270638,92.0998828108516,89.280853801755
ENSG00000136026.16,117.114493981623,175.165121177299,287.812133783911,241.802312379753
ENSG00000136044.14,155.144292765324,156.94794857486,143.266484372436,115.321102827267
ENSG00000136045.14,325.414073683256,364.343452048783,432.357783195387,416.64398440819
ENSG00000136048.16,48.4015620883462,39.2369871437151,48.608271483505,43.4004150425198
ENSG00000136051.17,96.3709673723322,95.2898259204509,106.170698240287,133.921280702632
ENSG00000136068.18,265.344277877184,299.882687455537,191.874755855941,231.882217512891
ENSG00000136100.16,44.9443076534643,40.6383081131335,55.004096678703,63.2406047762431
ENSG00000136104.24,23.3364674354526,16.8158516330207,34.5374560540694,37.2003557507312
ENSG00000136108.17,358.690147618994,371.350056895875,177.803940426505,189.721814328729
ENSG00000136111.16,19.8792130005708,21.0198145412759,11.5124853513564,14.8801423002925
ENSG00000136114.19,31.1152899139369,22.4211355106943,31.9791259759901,37.2003557507312
ENSG00000136122.20,47.969405283986,30.8290613272047,42.212446288307,35.9603438923735
ENSG00000136141.16,14.693331348248,18.2171726024391,10.2333203123168,13.6401304419348
ENSG00000136143.18,149.958411113001,144.336059850095,97.21654296701,121.521162119055
ENSG00000136144.14,28.9545058921357,22.4211355106943,43.4916113273466,45.8804387592352
ENSG00000136146.17,88.1599880894878,75.6713323485934,58.8415917958219,58.2805573428123
ENSG00000136152.17,29.3866626964959,37.8356661742967,31.9791259759901,70.6806759263894
ENSG00000136153.23,195.767032375186,165.355874391371,78.0290673814159,79.3607589348933
ENSG00000136156.17,98.0995945897731,84.0792581651037,86.9832226546932,75.6407233598202
ENSG00000136159.6,70.4415591107182,53.250196837899,48.608271483505,47.1204506175929
ENSG00000136161.15,16.8541153700491,21.0198145412759,17.9083105465545,9.92009486686167
ENSG00000136169.19,11.2360769133661,14.013209694184,7.67499023423763,6.20005929178854
ENSG00000136193.19,293.434470160599,266.250984189495,203.387241207297,229.402193796176
ENSG00000136205.20,20.7435266092912,30.8290613272047,5.11666015615842,9.92009486686167
ENSG00000136213.12,15.5576449569684,14.013209694184,12.7916503903961,21.080201592081
ENSG00000136231.16,16.4219585656889,15.4145306636024,23.0249707027129,22.3202134504387
ENSG00000136238.22,37.1654851749801,56.0528387767358,49.8874365225446,45.8804387592352
ENSG00000136240.12,467.161505513413,343.323637507507,368.399531243406,426.564079275052
ENSG00000136243.20,17.7184289787696,16.8158516330207,30.6999609369505,26.0402490255119
ENSG00000136244.14,12.5325473264468,8.40792581651037,29.4207958979109,27.2802608838696
ENSG00000136247.17,35.004701153179,33.6317032660415,52.4457666006238,43.4004150425198
ENSG00000136261.18,70.4415591107182,60.256801684991,53.7249316396634,44.6404269008775
ENSG00000136270.16,98.5317513941334,99.4937888287061,115.124853513565,137.641316277706
ENSG00000136271.13,146.93331348248,147.138701788932,165.012290036109,151.28144671964
ENSG00000136273.16,24.2007810441731,15.4145306636024,23.0249707027129,31.0002964589427
ENSG00000136274.10,71.7380295237989,93.8885049510325,63.9582519519803,65.7206284929585
ENSG00000136279.23,194.470561962105,176.566442146718,129.195668943,128.961233269202
ENSG00000136280.19,35.8690147618994,39.2369871437151,35.816621093109,23.5602253087965
ENSG00000136295.18,49.2658756970667,74.270011379175,57.5624267567823,38.440367609089
ENSG00000136319.14,67.8486182845567,53.250196837899,71.6332421862179,79.3607589348933
ENSG00000136367.16,21.1756834136515,47.6449129602254,40.9332812492674,35.9603438923735
ENSG00000136371.13,32.8439171313778,12.6118887247656,44.7707763663862,39.6803794674467
ENSG00000136381.15,126.189786873188,134.526813064166,130.47483398204,140.121339994421
ENSG00000136436.18,188.420366701062,170.961158269044,286.532968744872,306.282929014354
ENSG00000136444.12,33.7082307400983,37.8356661742967,63.9582519519803,71.9206877847471
ENSG00000136448.15,50.9945029145076,53.250196837899,42.212446288307,49.6004743343083
ENSG00000136450.14,651.260304170873,573.140276492124,395.261997063238,399.283818391182
ENSG00000136451.11,117.546650785984,92.4871839816141,78.0290673814159,96.7209249519012
ENSG00000136463.11,24.2007810441731,21.0198145412759,35.816621093109,43.4004150425198
ENSG00000136478.11,187.123896287981,163.954553421952,85.7040576156536,78.1207470765356
ENSG00000136485.16,94.210183350531,74.270011379175,44.7707763663862,65.7206284929585
ENSG00000136490.11,9.93960650028538,15.4145306636024,10.2333203123168,13.6401304419348
ENSG00000136492.12,106.742730676978,99.4937888287061,46.0499414054258,47.1204506175929
ENSG00000136504.16,547.110514320056,751.10803960826,1050.19449705152,844.448075541599
ENSG00000136518.19,228.610949506564,229.816638984617,273.741318354476,204.601956629022
ENSG00000136521.15,47.969405283986,50.4475548990622,52.4457666006238,49.6004743343083
ENSG00000136522.16,73.4666567412398,47.6449129602254,66.5165820300595,70.6806759263894
ENSG00000136527.21,474.076014383177,542.311215164919,585.857587880139,493.524719626368
ENSG00000136536.17,254.108200963818,262.04702128124,177.803940426505,189.721814328729
ENSG00000136560.16,76.9239111761217,78.4739742874302,67.7957470690991,97.9609368102589
ENSG00000136603.17,19.0148993918503,25.2237774495311,14.0708154294357,12.4001185835771
ENSG00000136628.20,432.588961164594,418.9949698561,560.274287099347,600.165739445131
ENSG00000136631.18,123.596846047027,159.750590513697,125.358173825881,136.401304419348
ENSG00000136643.14,66.5521478714761,61.6581226544094,57.5624267567823,57.0405454844546
ENSG00000136682.18,80.8133224153638,68.6647275015014,112.566523435485,69.4406640680317
ENSG00000136699.22,548.406984733137,685.245954045595,702.261606432744,655.966273071228
ENSG00000136709.14,111.06429872058,113.50699852289,70.3540771471783,106.641019818763
ENSG00000136710.12,40.1905828055018,29.4277403577863,40.9332812492674,26.0402490255119
ENSG00000136715.21,161.194488026367,211.599466382178,170.128950192268,161.201541586502
ENSG00000136717.17,63.5270502409544,49.0462339296438,24.3041357417525,40.9203913258044
ENSG00000136718.12,139.154491003995,148.54002275835,149.662309567634,210.80201592081
ENSG00000136731.15,194.902718766466,239.625885770546,263.507998042159,285.202727422273
ENSG00000136738.17,88.1599880894878,119.112282400564,104.891533201248,120.281150260698
ENSG00000136754.20,110.63214191622,151.342664697187,129.195668943,109.121043535478
ENSG00000136758.23,1109.34651679272,1706.80894075161,2178.41806148445,1501.65436047118
ENSG00000136770.13,20.7435266092912,8.40792581651037,20.4666406246337,18.6001778753656
ENSG00000136783.12,52.7231301319486,58.8554807155726,40.9332812492674,39.6803794674467
ENSG00000136802.14,112.792925938021,113.50699852289,42.212446288307,78.1207470765356
ENSG00000136807.15,26.7937218703345,26.6250984189495,30.6999609369505,27.2802608838696
ENSG00000136810.15,476.236798404978,999.141851195316,1659.07705563437,1062.69016261256
ENSG00000136811.18,112.792925938021,88.2832210733589,124.079008786842,124.001185835771
ENSG00000136813.17,86.4313608720468,82.6779371956853,92.0998828108516,86.8008300850396
ENSG00000136816.18,96.3709673723322,75.6713323485934,83.1457275375744,66.9606403513162
ENSG00000136819.17,108.471357894419,116.309640461727,166.291455075149,126.481209552486
ENSG00000136824.21,252.379573746377,201.790219596249,118.962348630683,168.641612736648
ENSG00000136827.13,126.621943677549,114.908319492308,156.058134762832,150.041434861283
ENSG00000136830.14,25.0650946528936,15.4145306636024,24.3041357417525,19.8401897337233
ENSG00000136840.21,16.8541153700491,12.6118887247656,21.7458056636733,31.0002964589427
ENSG00000136854.28,59.2054821973521,82.6779371956853,56.2832617177426,52.0804980510237
ENSG00000136856.20,21.6078402180117,19.6184935718575,23.0249707027129,27.2802608838696
ENSG00000136861.21,73.4666567412398,56.0528387767358,44.7707763663862,58.2805573428123
ENSG00000136866.16,10.8039201090059,8.40792581651037,11.5124853513564,12.4001185835771
ENSG00000136867.12,15.5576449569684,9.80924678592877,20.4666406246337,17.3601660170079
ENSG00000136868.13,151.687038330442,121.9149243394,171.408115231307,186.001778753656
ENSG00000136869.17,18.5827425874901,4.20396290825519,19.1874755855941,31.0002964589427
ENSG00000136870.12,4.32156804360234,12.6118887247656,15.3499804684753,7.44007115014625
ENSG00000136874.13,25.4972514572538,29.4277403577863,40.9332812492674,47.1204506175929
ENSG00000136875.15,280.901922834152,234.020601892872,212.341396480575,244.282336096468
ENSG00000136877.18,161.626644830728,205.994182504504,243.041357417525,224.442146362745
ENSG00000136878.16,22.4721538267322,32.2303822966231,58.8415917958219,50.840486192666
ENSG00000136888.10,109.335671503139,85.4805791345221,135.591494138198,122.761173977413
ENSG00000136891.16,281.334079638512,220.007392198688,220.016386714812,259.162478396761
ENSG00000136895.20,8.64313608720468,9.80924678592877,15.3499804684753,8.68008300850396
ENSG00000136897.9,65.6878342627556,58.8554807155726,44.7707763663862,42.1604031841621
ENSG00000136908.20,90.3207721112889,103.697751736961,95.9373779279704,104.160996102047
ENSG00000136925.17,57.0446981755509,74.270011379175,58.8415917958219,66.9606403513162
ENSG00000136930.15,277.44466839927,249.435132556474,319.791259759901,279.002668130484
ENSG00000136932.18,29.8188195008562,32.2303822966231,28.1416308588713,28.5202727422273
ENSG00000136933.19,54.0196005450293,71.4673694403382,115.124853513565,101.680972385332
ENSG00000136935.16,28.0901922834152,18.2171726024391,43.4916113273466,43.4004150425198
ENSG00000136936.13,18.1505857831298,16.8158516330207,23.0249707027129,13.6401304419348
ENSG00000136937.15,457.654055817488,571.738955522705,459.220249015218,441.444221575344
ENSG00000136938.11,274.851727573109,292.876082608445,309.557939447585,239.322288663038
ENSG00000136940.16,41.9192100229427,53.250196837899,15.3499804684753,31.0002964589427
ENSG00000136942.17,175.887819374615,152.743985666605,280.137143549674,181.041731320225
ENSG00000136943.14,62.6627366322339,44.8422710213887,31.9791259759901,35.9603438923735
ENSG00000136950.15,55.31607095811,49.0462339296438,44.7707763663862,49.6004743343083
ENSG00000136960.15,7.34666567412398,12.6118887247656,15.3499804684753,11.1601067252194
ENSG00000136982.8,57.9090117842714,36.4343452048783,25.5833007807921,28.5202727422273
ENSG00000136986.12,201.385070831869,144.336059850095,216.178891597693,204.601956629022
ENSG00000136997.22,240.27918322429,203.191540565667,269.903823237357,261.642502113476
ENSG00000137038.10,18.1505857831298,15.4145306636024,38.3749511711882,33.4803201756581
ENSG00000137040.11,98.9639081984936,68.6647275015014,60.1207568348615,68.2006522096739
ENSG00000137054.18,55.31607095811,60.256801684991,67.7957470690991,71.9206877847471
ENSG00000137055.17,105.014103459537,70.0660484709198,67.7957470690991,95.4809130935435
ENSG00000137070.21,19.8792130005708,19.6184935718575,19.1874755855941,3.72003557507312
ENSG00000137073.26,196.631345983906,173.763800207881,101.054038084129,164.921577161575
ENSG00000137074.22,98.9639081984936,81.2766162262669,85.7040576156536,90.5208656601127
ENSG00000137075.19,41.0548964142222,33.6317032660415,33.2582910150297,26.0402490255119
ENSG00000137076.24,285.223490877755,326.507785874486,335.141240228377,312.482988306142
ENSG00000137094.17,73.4666567412398,50.4475548990622,86.9832226546932,64.4806166346008
ENSG00000137100.18,58.7733253929918,53.250196837899,69.0749121081387,45.8804387592352
ENSG00000137106.20,74.3309703499603,50.4475548990622,63.9582519519803,55.8005336260969
ENSG00000137124.10,197.495659592627,162.553232452534,71.6332421862179,52.0804980510237
ENSG00000137133.13,26.3615650659743,23.8224564801127,30.6999609369505,35.9603438923735
ENSG00000137135.20,63.0948934365942,100.895109798124,69.0749121081387,80.600770793251
ENSG00000137145.23,46.6729348709053,32.2303822966231,34.5374560540694,37.2003557507312
ENSG00000137154.15,985.317513941334,877.226926855916,1590.00214352623,1335.49277145125
ENSG00000137161.20,283.494863660314,447.021389244468,420.84529784403,345.963308481801
ENSG00000137166.20,15.1254881526082,22.4211355106943,37.0957861321486,24.8002371671542
ENSG00000137168.10,155.144292765324,117.710961431145,113.845688474525,109.121043535478
ENSG00000137171.17,45.8086212621848,39.2369871437151,47.3291064444654,58.2805573428123
ENSG00000137177.21,6.91450886976375,12.6118887247656,10.2333203123168,16.1201541586502
ENSG00000137185.15,12.1003905220866,16.8158516330207,20.4666406246337,21.080201592081
ENSG00000137193.16,156.008606374044,159.750590513697,135.591494138198,143.841375569494
ENSG00000137200.15,94.6423401548913,77.0726533180118,75.4707373033367,71.9206877847471
ENSG00000137203.15,11.6682337177263,16.8158516330207,10.2333203123168,11.1601067252194
ENSG00000137207.14,133.104295742952,168.158516330207,254.553842768882,243.042324238111
ENSG00000137210.16,95.5066537636117,96.6911468898693,125.358173825881,94.2409012351858
ENSG00000137216.21,20.7435266092912,32.2303822966231,34.5374560540694,32.2403083173004
ENSG00000137221.16,36.7333283706199,44.8422710213887,48.608271483505,90.5208656601127
ENSG00000137267.9,260.158396224861,196.184935718575,92.0998828108516,105.401007960405
ENSG00000137269.17,15.1254881526082,2.80264193883679,5.11666015615842,14.8801423002925
ENSG00000137274.16,25.0650946528936,23.8224564801127,37.0957861321486,31.0002964589427
ENSG00000137275.18,129.21488450371,190.579651840902,212.341396480575,186.001778753656
ENSG00000137285.12,159.898017613287,151.342664697187,72.9124072252575,65.7206284929585
ENSG00000137288.12,82.1097928284445,64.4607645932462,107.449863279327,86.8008300850396
ENSG00000137309.23,576.497177016552,487.659697357602,1416.03569821684,1507.85441976297
ENSG00000137310.15,50.9945029145076,25.2237774495311,30.6999609369505,32.2403083173004
ENSG00000137312.17,460.246996643649,615.179905574676,750.869877916248,884.128455009046
ENSG00000137332.19,0,51.8488758684806,33.2582910150297,3.72003557507312
ENSG00000137337.18,70.8737159150784,77.0726533180118,69.0749121081387,58.2805573428123
ENSG00000137338.8,44.9443076534643,47.6449129602254,29.4207958979109,37.2003557507312
ENSG00000137343.20,14.693331348248,26.6250984189495,23.0249707027129,12.4001185835771
ENSG00000137364.7,79.0846951979228,84.0792581651037,67.7957470690991,53.3205099093814
ENSG00000137393.12,133.536452547312,201.790219596249,72.9124072252575,74.4007115014625
ENSG00000137404.17,35.4368579575392,42.0396290825519,98.4957080060496,95.4809130935435
ENSG00000137409.23,824.987339523687,668.430102412575,479.686889639852,626.205988470643
ENSG00000137411.21,9.07529289156492,16.8158516330207,0,26.0402490255119
ENSG00000137413.18,39.3262691967813,32.2303822966231,49.8874365225446,37.2003557507312
ENSG00000137414.9,38.4619555880608,40.6383081131335,24.3041357417525,28.5202727422273
ENSG00000137478.17,26.3615650659743,21.0198145412759,24.3041357417525,29.760284600585
ENSG00000137492.11,27.658035479055,32.2303822966231,31.9791259759901,64.4806166346008
ENSG00000137494.16,25.929408261614,22.4211355106943,21.7458056636733,32.2403083173004
ENSG00000137496.21,35.004701153179,63.0594436238278,58.8415917958219,65.7206284929585
ENSG00000137497.21,192.741934744664,198.987577657412,124.079008786842,135.16129256099
ENSG00000137500.12,58.3411685886316,44.8422710213887,67.7957470690991,90.5208656601127
ENSG00000137501.20,21.1756834136515,18.2171726024391,1.27916503903961,9.92009486686167
ENSG00000137502.12,107.174887481338,133.125492094748,29.4207958979109,33.4803201756581
ENSG00000137504.16,36.7333283706199,37.8356661742967,56.2832617177426,73.1606996431048
ENSG00000137509.14,182.370171440019,177.967763116136,226.41221191001,156.241494153071
ENSG00000137513.13,72.1701863281591,56.0528387767358,70.3540771471783,65.7206284929585
ENSG00000137522.20,32.4117603270176,43.4409500519703,29.4207958979109,35.9603438923735
ENSG00000137547.11,113.657239546742,86.8819001039405,167.570620114188,174.841672028437
ENSG00000137563.15,169.837624113572,151.342664697187,135.591494138198,102.92098424369
ENSG00000137574.13,74.3309703499603,35.0330242354599,44.7707763663862,73.1606996431048
ENSG00000137575.14,363.876029271317,311.093255210884,454.10358885906,452.604328300563
ENSG00000137601.20,41.9192100229427,36.4343452048783,40.9332812492674,49.6004743343083
ENSG00000137628.20,13.3968609351673,15.4145306636024,5.11666015615842,6.20005929178854
ENSG00000137656.14,39.7584260011415,37.8356661742967,33.2582910150297,40.9203913258044
ENSG00000137692.14,85.5670472633263,84.0792581651037,88.2623876937328,71.9206877847471
ENSG00000137693.16,22.9043106310924,26.6250984189495,10.2333203123168,16.1201541586502
ENSG00000137710.19,238.118399202489,205.994182504504,121.520678708763,146.32139928621
ENSG00000137713.18,141.315275025797,148.54002275835,84.424892576614,97.9609368102589
ENSG00000137714.5,17.7184289787696,22.4211355106943,14.0708154294357,7.44007115014625
ENSG00000137720.9,6.48235206540351,15.4145306636024,23.0249707027129,17.3601660170079
ENSG00000137760.17,25.0650946528936,29.4277403577863,31.9791259759901,44.6404269008775
ENSG00000137764.22,29.8188195008562,29.4277403577863,33.2582910150297,23.5602253087965
ENSG00000137767.16,82.9741064371649,57.4541597461542,83.1457275375744,93.0008893768281
ENSG00000137770.16,101.556849024655,74.270011379175,49.8874365225446,50.840486192666
ENSG00000137776.19,120.139591612145,120.513603369982,125.358173825881,128.961233269202
ENSG00000137801.13,9401.13912205253,16192.2638016296,4317.18200675867,3555.11399791155
ENSG00000137802.17,51.8588165232281,65.8620855626646,62.6790869129407,79.3607589348933
ENSG00000137804.16,879.006940068716,873.02296394766,493.757705069288,443.92424529206
ENSG00000137806.12,45.8086212621848,42.0396290825519,25.5833007807921,39.6803794674467
ENSG00000137807.18,691.018730172014,623.587831391186,280.137143549674,339.763249190012
ENSG00000137809.19,45.3764644578246,47.6449129602254,83.1457275375744,76.8807352181779
ENSG00000137812.22,43.2156804360234,35.0330242354599,25.5833007807921,24.8002371671542
ENSG00000137814.14,57.0446981755509,57.4541597461542,83.1457275375744,47.1204506175929
ENSG00000137815.17,134.832922960393,133.125492094748,92.0998828108516,95.4809130935435
ENSG00000137817.20,38.4619555880608,46.2435919908071,65.2374169910199,65.7206284929585
ENSG00000137818.14,158.169390395846,137.329455003003,306.999609369505,228.162181937818
ENSG00000137819.16,11.6682337177263,14.013209694184,12.7916503903961,11.1601067252194
ENSG00000137821.14,20.311369804931,18.2171726024391,12.7916503903961,22.3202134504387
ENSG00000137822.15,92.4815561330901,100.895109798124,63.9582519519803,81.8407826516087
ENSG00000137824.18,158.601547200206,154.145306636024,170.128950192268,138.881328136063
ENSG00000137831.17,33.7082307400983,32.2303822966231,23.0249707027129,43.4004150425198
ENSG00000137842.9,19.0148993918503,33.6317032660415,25.5833007807921,22.3202134504387
ENSG00000137845.17,282.198393247233,264.849663220077,148.383144528594,188.481802470372
ENSG00000137871.23,13.8290177395275,29.4277403577863,14.0708154294357,31.0002964589427
ENSG00000137876.13,123.164689242667,91.0858630121957,170.128950192268,174.841672028437
ENSG00000137936.20,76.0595975674012,84.0792581651037,63.9582519519803,50.840486192666
ENSG00000137942.20,53.587443740669,49.0462339296438,21.7458056636733,23.5602253087965
ENSG00000137944.19,70.8737159150784,57.4541597461542,76.7499023423763,54.5605217677392
ENSG00000137947.14,26.7937218703345,21.0198145412759,21.7458056636733,24.8002371671542
ENSG00000137955.18,62.2305798278737,74.270011379175,110.008193357406,88.0408419433973
ENSG00000137962.15,127.054100481909,120.513603369982,89.5415527327724,63.2406047762431
ENSG00000137992.17,37.1654851749801,32.2303822966231,28.1416308588713,24.8002371671542
ENSG00000137996.15,35.004701153179,40.6383081131335,43.4916113273466,23.5602253087965
ENSG00000138002.18,25.4972514572538,33.6317032660415,44.7707763663862,34.7203320340158
ENSG00000138018.20,63.0948934365942,43.4409500519703,39.6541162102278,42.1604031841621
ENSG00000138029.16,240.27918322429,238.224564801127,250.716347651763,207.081980345737
ENSG00000138030.16,19.8792130005708,12.6118887247656,26.8624658198317,37.2003557507312
ENSG00000138031.17,7.34666567412398,5.60528387767358,10.2333203123168,16.1201541586502
ENSG00000138032.23,113.657239546742,91.0858630121957,78.0290673814159,80.600770793251
ENSG00000138035.17,198.792130005708,186.375688932647,175.245610348426,171.121636453364
ENSG00000138036.20,12.1003905220866,14.013209694184,15.3499804684753,6.20005929178854
ENSG00000138050.17,41.9192100229427,39.2369871437151,58.8415917958219,52.0804980510237
ENSG00000138061.15,20.7435266092912,15.4145306636024,17.9083105465545,11.1601067252194
ENSG00000138069.20,290.409372530077,203.191540565667,271.182988276396,265.36253768855
ENSG00000138071.17,842.273611698096,721.680299250474,364.562036126288,365.803498215524
ENSG00000138073.16,169.405467309212,144.336059850095,188.037260738822,223.202134504387
ENSG00000138074.17,137.858020590915,116.309640461727,131.753999021079,130.201245127559
ENSG00000138078.18,266.208591485904,217.204750259851,223.853881831931,200.881921053949
ENSG00000138081.24,10.8039201090059,18.2171726024391,5.11666015615842,11.1601067252194
ENSG00000138085.20,41.0548964142222,29.4277403577863,83.1457275375744,55.8005336260969
ENSG00000138092.13,149.094097504281,142.934738880676,131.753999021079,114.081090968909
ENSG00000138095.22,295.16309737804,266.250984189495,278.857978510634,355.883403348662
ENSG00000138101.22,32.4117603270176,49.0462339296438,49.8874365225446,52.0804980510237
ENSG00000138107.15,445.985822099762,444.218747305631,253.274677729842,292.642798572419
ENSG00000138111.16,4.32156804360234,8.40792581651037,10.2333203123168,13.6401304419348
ENSG00000138119.19,342.700345857666,320.902501996813,194.43308593402,186.001778753656
ENSG00000138134.14,42.3513668273029,49.0462339296438,62.6790869129407,35.9603438923735
ENSG00000138138.16,111.928612329301,110.704356584053,108.729028318366,89.280853801755
ENSG00000138160.9,331.4642689443,308.290613272047,170.128950192268,193.441849903802
ENSG00000138162.21,20.7435266092912,15.4145306636024,14.0708154294357,13.6401304419348
ENSG00000138175.11,50.9945029145076,49.0462339296438,44.7707763663862,39.6803794674467
ENSG00000138180.18,265.344277877184,224.211355106943,120.241513669723,145.081387427852
ENSG00000138182.17,48.8337188927065,64.4607645932462,20.4666406246337,31.0002964589427
ENSG00000138185.22,5.18588165232281,21.0198145412759,3.83749511711882,3.72003557507312
ENSG00000138190.18,203.54585485367,299.882687455537,332.582910150297,281.4826918472
ENSG00000138193.19,34.5725443488187,56.0528387767358,25.5833007807921,19.8401897337233
ENSG00000138231.15,66.9843046758363,58.8554807155726,67.7957470690991,59.52056920117
ENSG00000138246.18,41.0548964142222,50.4475548990622,34.5374560540694,33.4803201756581
ENSG00000138279.18,384.187399076248,364.343452048783,385.028676750921,398.043806532824
ENSG00000138303.21,79.0846951979228,77.0726533180118,61.3999218739011,54.5605217677392
ENSG00000138326.23,188.420366701062,175.165121177299,249.437182612723,181.041731320225
ENSG00000138346.18,66.9843046758363,63.0594436238278,34.5374560540694,32.2403083173004
ENSG00000138356.16,27.658035479055,21.0198145412759,81.8665624985348,86.8008300850396
ENSG00000138363.17,349.182697923069,360.139489140528,354.328715813971,370.763545648955
ENSG00000138375.16,93.7780265461708,71.4673694403382,98.4957080060496,80.600770793251
ENSG00000138376.13,97.2352809810527,81.2766162262669,37.0957861321486,34.7203320340158
ENSG00000138381.11,197.927816396987,187.777009902065,145.824814450515,179.801719461868
ENSG00000138382.17,44.5121508491041,44.8422710213887,74.1915722642971,62.0005929178854
ENSG00000138385.18,283.494863660314,284.468156791934,162.45395995803,193.441849903802
ENSG00000138386.19,19.4470561962105,23.8224564801127,25.5833007807921,27.2802608838696
ENSG00000138395.17,14.693331348248,5.60528387767358,3.83749511711882,14.8801423002925
ENSG00000138398.19,114.953709959822,140.13209694184,76.7499023423763,65.7206284929585
ENSG00000138399.20,38.0297987837006,30.8290613272047,49.8874365225446,34.7203320340158
ENSG00000138413.16,410.548964142222,367.14609398762,203.387241207297,212.042027779168
ENSG00000138430.18,193.174091549025,145.737380819513,190.595590816901,205.84196848738
ENSG00000138433.18,51.4266597188679,54.6515178073174,47.3291064444654,40.9203913258044
ENSG00000138434.18,146.501156678119,119.112282400564,152.220639645713,153.761470436356
ENSG00000138439.13,9.93960650028538,14.013209694184,8.95415527327724,4.96004743343083
ENSG00000138442.13,83.8384200458854,75.6713323485934,120.241513669723,106.641019818763
ENSG00000138443.19,152.551351939163,159.750590513697,115.124853513565,90.5208656601127
ENSG00000138448.15,104.581946655177,119.112282400564,51.1666015615842,71.9206877847471
ENSG00000138449.13,11.6682337177263,18.2171726024391,1.27916503903961,8.68008300850396
ENSG00000138459.11,121.003905220866,112.105677553472,158.616464840911,142.601363711136
ENSG00000138463.11,19.8792130005708,28.0264193883679,28.1416308588713,37.2003557507312
ENSG00000138468.18,19.4470561962105,15.4145306636024,14.0708154294357,8.68008300850396
ENSG00000138495.9,14.693331348248,11.2105677553472,10.2333203123168,12.4001185835771
ENSG00000138496.19,31.9796035226573,29.4277403577863,15.3499804684753,11.1601067252194
ENSG00000138587.8,14.2611745438877,11.2105677553472,7.67499023423763,14.8801423002925
ENSG00000138592.17,128.35057089499,109.303035614635,117.683183591644,126.481209552486
ENSG00000138593.11,13.3968609351673,15.4145306636024,16.6291455075149,12.4001185835771
ENSG00000138594.16,391.966221554732,294.277403577863,126.637338864921,179.801719461868
ENSG00000138600.13,119.707434807785,128.921529186492,118.962348630683,110.361055393836
ENSG00000138604.12,80.3811656110035,71.4673694403382,25.5833007807921,45.8804387592352
ENSG00000138613.16,35.4368579575392,56.0528387767358,76.7499023423763,71.9206877847471
ENSG00000138614.18,96.8031241766924,105.09907270638,89.5415527327724,78.1207470765356
ENSG00000138617.18,29.3866626964959,30.8290613272047,58.8415917958219,55.8005336260969
ENSG00000138621.14,16.8541153700491,23.8224564801127,23.0249707027129,14.8801423002925
ENSG00000138629.18,70.4415591107182,75.6713323485934,106.170698240287,93.0008893768281
ENSG00000138640.17,10.3717633046456,14.013209694184,5.11666015615842,7.44007115014625
ENSG00000138641.21,15.9898017613287,16.8158516330207,11.5124853513564,14.8801423002925
ENSG00000138646.11,24.2007810441731,25.2237774495311,15.3499804684753,17.3601660170079
ENSG00000138658.19,20.7435266092912,15.4145306636024,15.3499804684753,19.8401897337233
ENSG00000138660.14,49.6980325014269,51.8488758684806,95.9373779279704,86.8008300850396
ENSG00000138663.11,162.923115243808,141.533417911258,131.753999021079,89.280853801755
ENSG00000138668.22,182.370171440019,135.928134033584,98.4957080060496,121.521162119055
ENSG00000138674.19,1017.72927426835,1320.04435319213,1739.66445309386,1701.29626966678
ENSG00000138675.18,566.557570516267,385.363266590059,417.007802726911,461.284411309067
ENSG00000138685.19,17.2862721744094,19.6184935718575,12.7916503903961,35.9603438923735
ENSG00000138686.12,32.4117603270176,36.4343452048783,37.0957861321486,39.6803794674467
ENSG00000138688.18,30.6831331095766,36.4343452048783,40.9332812492674,62.0005929178854
ENSG00000138698.17,107.607044285698,105.09907270638,89.5415527327724,68.2006522096739
ENSG00000138709.22,48.4015620883462,49.0462339296438,48.608271483505,40.9203913258044
ENSG00000138738.13,12.5325473264468,14.013209694184,19.1874755855941,13.6401304419348
ENSG00000138744.19,19.0148993918503,18.2171726024391,15.3499804684753,13.6401304419348
ENSG00000138750.18,136.561550177834,144.336059850095,196.991416012099,164.921577161575
ENSG00000138757.17,425.24229549047,287.270798730771,198.270581051139,229.402193796176
ENSG00000138758.14,710.897943172585,615.179905574676,255.833007807921,271.562596980338
ENSG00000138760.13,95.5066537636117,96.6911468898693,58.8415917958219,68.2006522096739
ENSG00000138764.17,74.7631271543205,50.4475548990622,16.6291455075149,29.760284600585
ENSG00000138767.16,11.2360769133661,16.8158516330207,6.39582519519803,2.48002371671542
ENSG00000138768.17,213.485461353956,207.395503473923,218.737221675773,252.962419104972
ENSG00000138772.15,124.461159655747,109.303035614635,58.8415917958219,45.8804387592352
ENSG00000138777.22,76.9239111761217,70.0660484709198,84.424892576614,80.600770793251
ENSG00000138778.16,14.2611745438877,14.013209694184,7.67499023423763,6.20005929178854
ENSG00000138780.17,25.4972514572538,22.4211355106943,24.3041357417525,27.2802608838696
ENSG00000138785.18,40.1905828055018,33.6317032660415,43.4916113273466,49.6004743343083
ENSG00000138794.11,17.7184289787696,19.6184935718575,14.0708154294357,11.1601067252194
ENSG00000138796.20,33.7082307400983,32.2303822966231,37.0957861321486,44.6404269008775
ENSG00000138801.11,129.21488450371,134.526813064166,127.916503903961,128.961233269202
ENSG00000138802.13,113.657239546742,145.737380819513,124.079008786842,132.681268844275
ENSG00000138814.19,28.5223490877754,30.8290613272047,8.95415527327724,22.3202134504387
ENSG00000138829.16,62.2305798278737,35.0330242354599,38.3749511711882,53.3205099093814
ENSG00000138834.16,9.50744969592515,8.40792581651037,8.95415527327724,13.6401304419348
ENSG00000138835.25,61.7984230235135,58.8554807155726,65.2374169910199,70.6806759263894
ENSG00000138867.19,140.018804612716,180.770405054973,79.3082324204556,101.680972385332
ENSG00000138942.19,273.987413964388,259.244379342403,246.878852534644,288.922762997346
ENSG00000139112.13,28.9545058921357,28.0264193883679,21.7458056636733,29.760284600585
ENSG00000139116.21,11.6682337177263,15.4145306636024,7.67499023423763,7.44007115014625
ENSG00000139131.15,36.3011715662597,47.6449129602254,51.1666015615842,55.8005336260969
ENSG00000139132.17,30.6831331095766,23.8224564801127,20.4666406246337,16.1201541586502
ENSG00000139146.16,79.9490088066433,49.0462339296438,84.424892576614,54.5605217677392
ENSG00000139154.17,12.5325473264468,8.40792581651037,6.39582519519803,12.4001185835771
ENSG00000139163.18,60.5019526104328,81.2766162262669,57.5624267567823,52.0804980510237
ENSG00000139168.11,62.6627366322339,54.6515178073174,49.8874365225446,49.6004743343083
ENSG00000139174.14,38.4619555880608,54.6515178073174,20.4666406246337,8.68008300850396
ENSG00000139180.13,282.198393247233,248.033811587056,254.553842768882,219.482098929314
ENSG00000139182.17,16.8541153700491,14.013209694184,17.9083105465545,22.3202134504387
ENSG00000139190.18,23.3364674354526,39.2369871437151,11.5124853513564,19.8401897337233
ENSG00000139197.13,22.4721538267322,16.8158516330207,19.1874755855941,0
ENSG00000139200.16,14.693331348248,15.4145306636024,5.11666015615842,17.3601660170079
ENSG00000139211.9,58.3411685886316,61.6581226544094,94.6582128889308,101.680972385332
ENSG00000139218.20,134.400766156033,113.50699852289,63.9582519519803,71.9206877847471
ENSG00000139233.9,94.210183350531,93.8885049510325,112.566523435485,78.1207470765356
ENSG00000139263.14,31.9796035226573,40.6383081131335,21.7458056636733,17.3601660170079
ENSG00000139278.11,425.674452294831,428.804216642029,134.312329099159,141.361351852779
ENSG00000139289.16,67.8486182845567,58.8554807155726,204.666406246337,251.722407246615
ENSG00000139291.16,121.868218829586,113.50699852289,56.2832617177426,64.4806166346008
ENSG00000139292.15,46.240778066545,74.270011379175,154.778969723792,106.641019818763
ENSG00000139304.16,21.6078402180117,28.0264193883679,2.55833007807921,4.96004743343083
ENSG00000139318.10,90.7529289156492,105.09907270638,194.43308593402,176.081683886795
ENSG00000139323.16,63.0948934365942,81.2766162262669,89.5415527327724,89.280853801755
ENSG00000139324.14,124.461159655747,200.388898626831,93.3790478498912,110.361055393836
ENSG00000139343.13,26.7937218703345,39.2369871437151,42.212446288307,37.2003557507312
ENSG00000139350.15,234.661144767607,194.783614749157,127.916503903961,126.481209552486
ENSG00000139354.13,45.8086212621848,43.4409500519703,38.3749511711882,40.9203913258044
ENSG00000139370.14,11.6682337177263,11.2105677553472,28.1416308588713,17.3601660170079
ENSG00000139372.16,116.250180372903,116.309640461727,78.0290673814159,78.1207470765356
ENSG00000139405.18,45.8086212621848,37.8356661742967,39.6541162102278,38.440367609089
ENSG00000139428.14,71.3058727194386,77.0726533180118,35.816621093109,48.3604624759506
ENSG00000139433.13,65.2556774583953,43.4409500519703,48.608271483505,55.8005336260969
ENSG00000139436.24,203.97801165803,271.856268067169,276.299648432555,295.122822289135
ENSG00000139437.20,47.1050916752655,40.6383081131335,43.4916113273466,33.4803201756581
ENSG00000139496.20,103.717633046456,133.125492094748,78.0290673814159,100.440960526974
ENSG00000139505.15,103.285476242096,72.8686904097566,90.820717771812,86.8008300850396
ENSG00000139508.17,16.4219585656889,21.0198145412759,17.9083105465545,14.8801423002925
ENSG00000139514.15,76.0595975674012,56.0528387767358,99.7748730450892,104.160996102047
ENSG00000139517.11,13.8290177395275,9.80924678592877,12.7916503903961,4.96004743343083
ENSG00000139531.15,73.4666567412398,74.270011379175,49.8874365225446,52.0804980510237
ENSG00000139546.13,45.3764644578246,54.6515178073174,65.2374169910199,84.3208063683242
ENSG00000139579.15,99.8282218072141,75.6713323485934,93.3790478498912,85.5608182266819
ENSG00000139613.14,561.371688863944,888.437494611263,635.745024402684,628.686012187358
ENSG00000139618.19,12.964704130807,14.013209694184,16.6291455075149,13.6401304419348
ENSG00000139620.15,179.777230613857,176.566442146718,227.69137694905,164.921577161575
ENSG00000139624.16,101.989005829015,107.901714645216,125.358173825881,120.281150260698
ENSG00000139625.15,15.5576449569684,25.2237774495311,30.6999609369505,22.3202134504387
ENSG00000139631.22,8.64313608720468,22.4211355106943,6.39582519519803,17.3601660170079
ENSG00000139636.18,18.5827425874901,25.2237774495311,24.3041357417525,33.4803201756581
ENSG00000139641.15,555.321493602901,512.883474807133,395.261997063238,478.644577326075
ENSG00000139644.15,1720.41623815809,1629.73628743359,1811.29769528008,1753.3767677178
ENSG00000139645.12,126.621943677549,163.954553421952,145.824814450515,159.961529728144
ENSG00000139651.13,15.1254881526082,35.0330242354599,43.4916113273466,35.9603438923735
ENSG00000139668.11,32.4117603270176,29.4277403577863,70.3540771471783,83.0807945099664
ENSG00000139684.17,74.3309703499603,82.6779371956853,79.3082324204556,83.0807945099664
ENSG00000139687.19,232.932517550166,234.020601892872,199.549746090178,157.481506011429
ENSG00000139697.16,113.657239546742,124.717566278237,124.079008786842,119.04113840234
ENSG00000139718.13,8.21097928284445,8.40792581651037,12.7916503903961,6.20005929178854
ENSG00000139719.14,119.275278003425,100.895109798124,126.637338864921,122.761173977413
ENSG00000139722.9,18.1505857831298,9.80924678592877,15.3499804684753,9.92009486686167
ENSG00000139726.13,443.82503807796,369.948735926456,299.324619135268,336.043213614939
ENSG00000139734.20,197.063502788267,169.559837299626,133.033164060119,102.92098424369
ENSG00000139746.18,24.6329378485333,32.2303822966231,37.0957861321486,32.2403083173004
ENSG00000139793.23,81.245479219724,95.2898259204509,71.6332421862179,74.4007115014625
ENSG00000139826.8,39.7584260011415,33.6317032660415,28.1416308588713,34.7203320340158
ENSG00000139842.17,176.319976178976,180.770405054973,116.404018552604,145.081387427852
ENSG00000139921.15,392.398378359093,360.139489140528,246.878852534644,274.042620697054
ENSG00000139926.18,665.0893219104,641.805003993625,408.053647453634,472.444518034287
ENSG00000139946.12,11.2360769133661,15.4145306636024,11.5124853513564,16.1201541586502
ENSG00000139974.19,21.6078402180117,44.8422710213887,24.3041357417525,35.9603438923735
ENSG00000139977.16,50.9945029145076,22.4211355106943,31.9791259759901,31.0002964589427
ENSG00000139990.20,49.6980325014269,51.8488758684806,48.608271483505,38.440367609089
ENSG00000139998.18,12.1003905220866,28.0264193883679,17.9083105465545,24.8002371671542
ENSG00000140006.14,42.7835236316632,53.250196837899,51.1666015615842,26.0402490255119
ENSG00000140025.18,10.8039201090059,16.8158516330207,20.4666406246337,16.1201541586502
ENSG00000140043.14,19.8792130005708,16.8158516330207,15.3499804684753,16.1201541586502
ENSG00000140104.15,9.93960650028538,7.00660484709198,17.9083105465545,12.4001185835771
ENSG00000140105.20,1567.86488621893,2483.1407578094,8887.63869124718,6439.38158045158
ENSG00000140153.20,83.4062632415252,81.2766162262669,70.3540771471783,63.2406047762431
ENSG00000140157.18,315.474467182971,299.882687455537,353.049550774931,359.603438923735
ENSG00000140199.13,13.8290177395275,21.0198145412759,25.5833007807921,18.6001778753656
ENSG00000140259.9,124.893316460108,128.921529186492,79.3082324204556,97.9609368102589
ENSG00000140262.20,148.22978389556,134.526813064166,133.033164060119,109.121043535478
ENSG00000140263.17,114.953709959822,138.730775972421,106.170698240287,100.440960526974
ENSG00000140264.24,205.706638875471,187.777009902065,400.378657219397,319.923059456289
ENSG00000140299.16,310.720742335008,284.468156791934,251.995512690802,255.442442821688
ENSG00000140307.13,64.8235206540351,61.6581226544094,81.8665624985348,52.0804980510237
ENSG00000140319.13,228.610949506564,197.586256687994,234.087202144248,215.762063354241
ENSG00000140320.14,17.2862721744094,18.2171726024391,10.2333203123168,13.6401304419348
ENSG00000140323.7,14.2611745438877,23.8224564801127,43.4916113273466,44.6404269008775
ENSG00000140350.17,25.4972514572538,19.6184935718575,11.5124853513564,19.8401897337233
ENSG00000140365.18,47.1050916752655,37.8356661742967,67.7957470690991,47.1204506175929
ENSG00000140367.14,52.7231301319486,49.0462339296438,51.1666015615842,24.8002371671542
ENSG00000140374.19,134.832922960393,130.322850155911,154.778969723792,152.521458577998
ENSG00000140382.17,118.843121199064,110.704356584053,115.124853513565,112.841079110551
ENSG00000140386.15,24.6329378485333,23.8224564801127,15.3499804684753,35.9603438923735
ENSG00000140391.16,369.494067728,417.593648886682,530.853491201436,505.924838209945
ENSG00000140395.11,146.501156678119,138.730775972421,153.499804684753,109.121043535478
ENSG00000140396.15,31.1152899139369,30.8290613272047,35.816621093109,26.0402490255119
ENSG00000140400.20,19.0148993918503,21.0198145412759,33.2582910150297,32.2403083173004
ENSG00000140416.28,1015.13633344219,1007.54977701183,414.449472648832,419.124008124905
ENSG00000140443.15,13.8290177395275,23.8224564801127,17.9083105465545,26.0402490255119
ENSG00000140455.19,77.7882247848421,65.8620855626646,81.8665624985348,93.0008893768281
ENSG00000140463.17,51.4266597188679,57.4541597461542,47.3291064444654,32.2403083173004
ENSG00000140464.22,38.0297987837006,60.256801684991,25.5833007807921,33.4803201756581
ENSG00000140471.19,26.7937218703345,21.0198145412759,23.0249707027129,18.6001778753656
ENSG00000140474.16,38.8941123924211,51.8488758684806,43.4916113273466,74.4007115014625
ENSG00000140497.18,160.762331222007,170.961158269044,257.112172846961,262.882513971834
ENSG00000140521.19,48.8337188927065,65.8620855626646,43.4916113273466,45.8804387592352
ENSG00000140525.22,396.287789598335,396.573834345406,295.487124018149,300.082869722565
ENSG00000140526.20,101.556849024655,85.4805791345221,106.170698240287,138.881328136063
ENSG00000140534.16,109.767828307499,137.329455003003,90.820717771812,75.6407233598202
ENSG00000140545.18,123.164689242667,126.118887247656,102.333203123168,120.281150260698
ENSG00000140548.12,4.32156804360234,2.80264193883679,6.39582519519803,12.4001185835771
ENSG00000140553.20,227.314479093483,200.388898626831,150.941474606673,210.80201592081
ENSG00000140563.18,28.0901922834152,22.4211355106943,31.9791259759901,35.9603438923735
ENSG00000140575.15,889.378703373362,1115.45149165704,1252.30257321977,1123.45074367208
ENSG00000140577.19,54.8839141537497,39.2369871437151,44.7707763663862,43.4004150425198
ENSG00000140598.18,53.1552869363088,71.4673694403382,115.124853513565,155.001482294714
ENSG00000140612.16,122.300375633946,95.2898259204509,97.21654296701,99.2009486686166
ENSG00000140632.19,109.767828307499,100.895109798124,78.0290673814159,73.1606996431048
ENSG00000140650.15,101.124692220295,102.296430767543,134.312329099159,117.801126543982
ENSG00000140682.21,261.887023442302,234.020601892872,172.687280270347,217.002075212599
ENSG00000140688.20,16.4219585656889,19.6184935718575,40.9332812492674,44.6404269008775
ENSG00000140691.19,25.929408261614,28.0264193883679,23.0249707027129,38.440367609089
ENSG00000140694.20,131.807825329871,120.513603369982,162.45395995803,161.201541586502
ENSG00000140718.24,92.4815561330901,89.6845420427773,69.0749121081387,90.5208656601127
ENSG00000140740.13,207.867422897273,203.191540565667,179.083105465545,197.161885478876
ENSG00000140743.10,9.93960650028538,21.0198145412759,16.6291455075149,16.1201541586502
ENSG00000140750.19,335.785836987902,633.397078177115,411.891142570753,458.804387592352
ENSG00000140829.14,107.607044285698,102.296430767543,76.7499023423763,64.4806166346008
ENSG00000140830.12,38.8941123924211,37.8356661742967,29.4207958979109,35.9603438923735
ENSG00000140836.18,9.93960650028538,39.2369871437151,23.0249707027129,22.3202134504387
ENSG00000140854.15,59.6376390017123,47.6449129602254,111.287358396446,109.121043535478
ENSG00000140859.18,64.3913638496749,50.4475548990622,47.3291064444654,53.3205099093814
ENSG00000140905.13,75.1952839586807,84.0792581651037,60.1207568348615,42.1604031841621
ENSG00000140931.22,19.0148993918503,11.2105677553472,14.0708154294357,13.6401304419348
ENSG00000140939.17,17.2862721744094,16.8158516330207,8.95415527327724,8.68008300850396
ENSG00000140941.16,259.726239420501,234.020601892872,745.75321776009,864.288265275323
ENSG00000140943.19,301.213292639083,248.033811587056,216.178891597693,277.762656272127
ENSG00000140945.18,66.5521478714761,77.0726533180118,207.224736324416,157.481506011429
ENSG00000140948.14,9.50744969592515,8.40792581651037,12.7916503903961,8.68008300850396
ENSG00000140950.18,66.5521478714761,47.6449129602254,72.9124072252575,93.0008893768281
ENSG00000140961.16,5.61803845668304,4.20396290825519,20.4666406246337,14.8801423002925
ENSG00000140983.17,94.6423401548913,74.270011379175,120.241513669723,89.280853801755
ENSG00000140987.24,40.1905828055018,36.4343452048783,21.7458056636733,44.6404269008775
ENSG00000140988.18,881.599880894878,637.60104108537,1086.01111814463,1000.68956969467
ENSG00000140990.17,28.9545058921357,36.4343452048783,79.3082324204556,64.4806166346008
ENSG00000140992.22,76.9239111761217,77.0726533180118,67.7957470690991,60.7605810595277
ENSG00000140995.19,54.0196005450293,29.4277403577863,71.6332421862179,80.600770793251
ENSG00000141002.22,96.3709673723322,71.4673694403382,85.7040576156536,95.4809130935435
ENSG00000141012.15,27.2258786746947,28.0264193883679,38.3749511711882,39.6803794674467
ENSG00000141013.19,28.0901922834152,35.0330242354599,30.6999609369505,29.760284600585
ENSG00000141026.7,43.2156804360234,36.4343452048783,39.6541162102278,37.2003557507312
ENSG00000141027.25,168.973310504852,165.355874391371,245.599687495604,183.521755036941
ENSG00000141030.15,493.523070579387,388.165908528896,431.078618156347,446.404269008775
ENSG00000141034.12,14.693331348248,15.4145306636024,16.6291455075149,19.8401897337233
ENSG00000141040.16,28.0901922834152,26.6250984189495,39.6541162102278,21.080201592081
ENSG00000141052.20,31.9796035226573,21.0198145412759,6.39582519519803,1.24001185835771
ENSG00000141076.20,340.539561835864,348.928921385181,390.14533690708,323.643095031362
ENSG00000141098.15,30.2509763052164,37.8356661742967,23.0249707027129,24.8002371671542
ENSG00000141101.15,57.9090117842714,53.250196837899,85.7040576156536,69.4406640680317
ENSG00000141127.17,86.863517676407,74.270011379175,74.1915722642971,105.401007960405
ENSG00000141179.15,15.9898017613287,22.4211355106943,26.8624658198317,21.080201592081
ENSG00000141198.18,86.4313608720468,78.4739742874302,63.9582519519803,71.9206877847471
ENSG00000141219.18,140.883118221436,128.921529186492,121.520678708763,111.601067252194
ENSG00000141232.7,15.5576449569684,19.6184935718575,3.83749511711882,11.1601067252194
ENSG00000141252.22,27.2258786746947,32.2303822966231,38.3749511711882,38.440367609089
ENSG00000141258.15,26.7937218703345,26.6250984189495,37.0957861321486,22.3202134504387
ENSG00000141279.20,405.79523929426,556.324424859103,419.566132804991,352.163367773589
ENSG00000141295.16,28.0901922834152,18.2171726024391,25.5833007807921,31.0002964589427
ENSG00000141298.20,34.5725443488187,39.2369871437151,44.7707763663862,39.6803794674467
ENSG00000141337.14,10.8039201090059,5.60528387767358,26.8624658198317,11.1601067252194
ENSG00000141338.17,49.6980325014269,72.8686904097566,21.7458056636733,28.5202727422273
ENSG00000141349.12,83.8384200458854,84.0792581651037,154.778969723792,138.881328136063
ENSG00000141367.16,1221.27512912202,1029.97091252252,739.357392564892,835.767992533095
ENSG00000141376.25,26.3615650659743,33.6317032660415,30.6999609369505,42.1604031841621
ENSG00000141378.17,93.3458697418106,124.717566278237,214.899726558654,174.841672028437
ENSG00000141380.16,124.029002851387,112.105677553472,81.8665624985348,105.401007960405
ENSG00000141385.14,95.0744969592515,89.6845420427773,70.3540771471783,70.6806759263894
ENSG00000141424.14,277.01251159491,276.060230975424,251.995512690802,250.482395388257
ENSG00000141425.20,65.6878342627556,82.6779371956853,60.1207568348615,57.0405454844546
ENSG00000141428.18,4.32156804360234,2.80264193883679,15.3499804684753,4.96004743343083
ENSG00000141429.16,21.1756834136515,16.8158516330207,6.39582519519803,6.20005929178854
ENSG00000141446.14,19.0148993918503,25.2237774495311,6.39582519519803,12.4001185835771
ENSG00000141452.13,40.1905828055018,46.2435919908071,28.1416308588713,38.440367609089
ENSG00000141456.18,14.693331348248,12.6118887247656,28.1416308588713,29.760284600585
ENSG00000141458.15,101.556849024655,89.6845420427773,195.71225097306,205.84196848738
ENSG00000141480.20,20.311369804931,19.6184935718575,7.67499023423763,14.8801423002925
ENSG00000141499.20,124.029002851387,102.296430767543,138.149824216277,115.321102827267
ENSG00000141503.19,54.8839141537497,50.4475548990622,52.4457666006238,44.6404269008775
ENSG00000141504.14,22.4721538267322,19.6184935718575,34.5374560540694,35.9603438923735
ENSG00000141510.21,79.5168520022831,68.6647275015014,66.5165820300595,53.3205099093814
ENSG00000141522.15,163.787428852529,123.316245308819,136.870659177238,116.561114685625
ENSG00000141524.21,20.7435266092912,21.0198145412759,58.8415917958219,54.5605217677392
ENSG00000141526.20,210.892520527794,172.362479238463,143.266484372436,130.201245127559
ENSG00000141540.13,31.5474467182971,30.8290613272047,29.4207958979109,28.5202727422273
ENSG00000141542.13,25.929408261614,11.2105677553472,21.7458056636733,23.5602253087965
ENSG00000141543.14,48.8337188927065,50.4475548990622,78.0290673814159,23.5602253087965
ENSG00000141551.17,203.11369804931,222.810034137525,154.778969723792,190.961826187087
ENSG00000141552.20,38.8941123924211,39.2369871437151,48.608271483505,53.3205099093814
ENSG00000141556.24,66.9843046758363,36.4343452048783,69.0749121081387,47.1204506175929
ENSG00000141560.17,178.048603396416,155.546627605442,122.799843747802,125.241197694129
ENSG00000141562.21,101.989005829015,113.50699852289,115.124853513565,97.9609368102589
ENSG00000141564.16,34.5725443488187,46.2435919908071,37.0957861321486,39.6803794674467
ENSG00000141568.23,26.7937218703345,19.6184935718575,14.0708154294357,18.6001778753656
ENSG00000141577.16,38.0297987837006,39.2369871437151,20.4666406246337,26.0402490255119
ENSG00000141580.18,417.463473011986,418.9949698561,388.86617186804,403.003853966255
ENSG00000141627.16,35.004701153179,46.2435919908071,58.8415917958219,54.5605217677392
ENSG00000141644.21,56.6125413711907,53.250196837899,39.6541162102278,49.6004743343083
ENSG00000141646.19,38.0297987837006,36.4343452048783,34.5374560540694,34.7203320340158
ENSG00000141682.14,34.1403875444585,29.4277403577863,60.1207568348615,53.3205099093814
ENSG00000141696.15,23.3364674354526,36.4343452048783,67.7957470690991,58.2805573428123
ENSG00000141698.19,77.3560679804819,77.0726533180118,58.8415917958219,73.1606996431048
ENSG00000141699.13,25.929408261614,15.4145306636024,16.6291455075149,22.3202134504387
ENSG00000141736.16,24.6329378485333,22.4211355106943,19.1874755855941,19.8401897337233
ENSG00000141741.14,43.2156804360234,42.0396290825519,67.7957470690991,42.1604031841621
ENSG00000141750.9,8.21097928284445,16.8158516330207,5.11666015615842,2.48002371671542
ENSG00000141753.9,24.2007810441731,25.2237774495311,26.8624658198317,13.6401304419348
ENSG00000141756.22,10.8039201090059,8.40792581651037,33.2582910150297,26.0402490255119
ENSG00000141759.16,27.2258786746947,29.4277403577863,25.5833007807921,28.5202727422273
ENSG00000141867.20,20.311369804931,12.6118887247656,17.9083105465545,16.1201541586502
ENSG00000141873.13,61.3662662191532,54.6515178073174,49.8874365225446,60.7605810595277
ENSG00000141905.21,14.2611745438877,11.2105677553472,26.8624658198317,12.4001185835771
ENSG00000141934.12,44.5121508491041,50.4475548990622,81.8665624985348,57.0405454844546
ENSG00000141956.15,13.8290177395275,22.4211355106943,1.27916503903961,7.44007115014625
ENSG00000141959.19,264.912121072823,214.402108321015,193.15392089498,260.402490255119
ENSG00000141971.16,32.4117603270176,35.0330242354599,35.816621093109,37.2003557507312
ENSG00000141985.11,54.4517573493895,61.6581226544094,38.3749511711882,31.0002964589427
ENSG00000141994.18,34.5725443488187,46.2435919908071,38.3749511711882,31.0002964589427
ENSG00000142002.21,171.998408135373,142.934738880676,136.870659177238,150.041434861283
ENSG00000142039.6,40.622739609862,40.6383081131335,35.816621093109,32.2403083173004
ENSG00000142082.17,13.3968609351673,15.4145306636024,11.5124853513564,16.1201541586502
ENSG00000142089.19,1643.06017017761,3241.25540226475,3778.65352532299,2421.7431593726
ENSG00000142156.18,47.1050916752655,43.4409500519703,15.3499804684753,22.3202134504387
ENSG00000142166.17,127.486257286269,120.513603369982,102.333203123168,126.481209552486
ENSG00000142168.17,129.64704130807,121.9149243394,140.708154294357,127.721221410844
ENSG00000142173.19,43.6478372403836,43.4409500519703,47.3291064444654,45.8804387592352
ENSG00000142185.20,21.1756834136515,21.0198145412759,16.6291455075149,18.6001778753656
ENSG00000142186.20,188.852523505422,186.375688932647,281.416308588713,323.643095031362
ENSG00000142188.19,35.4368579575392,81.2766162262669,108.729028318366,104.160996102047
ENSG00000142192.24,82.5419496328047,168.158516330207,133.033164060119,138.881328136063
ENSG00000142197.15,84.7027336546059,63.0594436238278,21.7458056636733,16.1201541586502
ENSG00000142207.9,31.9796035226573,46.2435919908071,40.9332812492674,33.4803201756581
ENSG00000142208.21,34.1403875444585,43.4409500519703,33.2582910150297,40.9203913258044
ENSG00000142227.14,50.9945029145076,39.2369871437151,63.9582519519803,64.4806166346008
ENSG00000142230.15,618.416387039495,664.226139504319,587.136752919179,617.525905462139
ENSG00000142252.13,21.1756834136515,25.2237774495311,39.6541162102278,21.080201592081
ENSG00000142327.15,7.77882247848421,4.20396290825519,15.3499804684753,8.68008300850396
ENSG00000142330.22,12.1003905220866,15.4145306636024,25.5833007807921,6.20005929178854
ENSG00000142396.13,46.240778066545,61.6581226544094,49.8874365225446,57.0405454844546
ENSG00000142507.12,354.800736379752,564.732350675613,895.415527327724,675.806462804951
ENSG00000142528.18,82.1097928284445,60.256801684991,53.7249316396634,81.8407826516087
ENSG00000142534.9,95.938810567972,92.4871839816141,156.058134762832,142.601363711136
ENSG00000142541.20,314.17799676989,308.290613272047,611.440888660931,541.885182102318
ENSG00000142546.16,115.385866764182,113.50699852289,138.149824216277,111.601067252194
ENSG00000142552.10,62.2305798278737,58.8554807155726,127.916503903961,112.841079110551
ENSG00000142556.21,30.6831331095766,25.2237774495311,26.8624658198317,29.760284600585
ENSG00000142599.22,15.9898017613287,36.4343452048783,26.8624658198317,21.080201592081
ENSG00000142619.5,6.91450886976375,2.80264193883679,2.55833007807921,16.1201541586502
ENSG00000142627.15,152.983508743523,169.559837299626,76.7499023423763,81.8407826516087
ENSG00000142632.19,12.964704130807,16.8158516330207,23.0249707027129,29.760284600585
ENSG00000142634.15,141.747431830157,148.54002275835,129.195668943,63.2406047762431
ENSG00000142655.15,19.0148993918503,15.4145306636024,3.83749511711882,13.6401304419348
ENSG00000142657.23,558.778748037783,837.989939712201,883.903041976367,827.087909524591
ENSG00000142669.17,188.852523505422,191.98097281032,294.207958979109,225.682158221103
ENSG00000142676.16,121.436062025226,110.704356584053,166.291455075149,168.641612736648
ENSG00000142684.10,10.8039201090059,11.2105677553472,14.0708154294357,18.6001778753656
ENSG00000142686.9,64.8235206540351,71.4673694403382,53.7249316396634,50.840486192666
ENSG00000142687.21,70.8737159150784,72.8686904097566,52.4457666006238,80.600770793251
ENSG00000142731.13,136.129393373474,109.303035614635,86.9832226546932,80.600770793251
ENSG00000142751.17,38.8941123924211,32.2303822966231,51.1666015615842,35.9603438923735
ENSG00000142784.18,11.2360769133661,14.013209694184,14.0708154294357,9.92009486686167
ENSG00000142794.21,80.3811656110035,89.6845420427773,46.0499414054258,55.8005336260969
ENSG00000142798.21,16.4219585656889,30.8290613272047,16.6291455075149,12.4001185835771
ENSG00000142856.20,23.7686242398129,28.0264193883679,31.9791259759901,26.0402490255119
ENSG00000142864.17,573.472079386031,487.659697357602,382.470346672842,343.483284765085
ENSG00000142867.16,25.0650946528936,14.013209694184,14.0708154294357,24.8002371671542
ENSG00000142871.20,1299.92766751558,1472.78833885873,1046.3570019344,897.768585450981
ENSG00000142875.23,39.3262691967813,42.0396290825519,56.2832617177426,64.4806166346008
ENSG00000142892.17,152.551351939163,137.329455003003,153.499804684753,152.521458577998
ENSG00000142910.18,35.4368579575392,33.6317032660415,6.39582519519803,3.72003557507312
ENSG00000142920.20,10.3717633046456,19.6184935718575,15.3499804684753,19.8401897337233
ENSG00000142937.14,421.352884251228,693.653879862106,1257.41923337593,872.968348283827
ENSG00000142945.15,378.569360619565,309.691934241465,226.41221191001,205.84196848738
ENSG00000142949.20,203.54585485367,302.685329394373,257.112172846961,312.482988306142
ENSG00000142961.18,10.8039201090059,12.6118887247656,8.95415527327724,14.8801423002925
ENSG00000143013.15,3.88941123924211,1.4013209694184,28.1416308588713,16.1201541586502
ENSG00000143033.20,70.8737159150784,102.296430767543,58.8415917958219,47.1204506175929
ENSG00000143061.20,26.7937218703345,21.0198145412759,16.6291455075149,17.3601660170079
ENSG00000143079.17,140.883118221436,151.342664697187,76.7499023423763,52.0804980510237
ENSG00000143093.17,36.7333283706199,22.4211355106943,23.0249707027129,21.080201592081
ENSG00000143106.15,61.7984230235135,63.0594436238278,62.6790869129407,53.3205099093814
ENSG00000143147.17,10.3717633046456,14.013209694184,7.67499023423763,8.68008300850396
ENSG00000143149.15,291.273686138798,281.665514853097,259.67050292504,281.4826918472
ENSG00000143153.16,25.929408261614,21.0198145412759,11.5124853513564,11.1601067252194
ENSG00000143155.15,85.9992040676866,82.6779371956853,57.5624267567823,52.0804980510237
ENSG00000143156.16,39.7584260011415,33.6317032660415,23.0249707027129,38.440367609089
ENSG00000143157.14,96.8031241766924,112.105677553472,135.591494138198,142.601363711136
ENSG00000143158.13,53.1552869363088,46.2435919908071,34.5374560540694,47.1204506175929
ENSG00000143162.11,40.622739609862,28.0264193883679,33.2582910150297,18.6001778753656
ENSG00000143164.18,130.07919811243,78.4739742874302,48.608271483505,57.0405454844546
ENSG00000143179.18,136.993706982194,106.500393675798,63.9582519519803,66.9606403513162
ENSG00000143183.20,160.762331222007,117.710961431145,147.103979489555,172.361648311721
ENSG00000143198.15,43.2156804360234,53.250196837899,70.3540771471783,54.5605217677392
ENSG00000143207.23,27.2258786746947,32.2303822966231,17.9083105465545,8.68008300850396
ENSG00000143222.14,54.4517573493895,61.6581226544094,57.5624267567823,45.8804387592352
ENSG00000143224.20,26.7937218703345,16.8158516330207,48.608271483505,39.6803794674467
ENSG00000143228.15,75.1952839586807,78.4739742874302,44.7707763663862,59.52056920117
ENSG00000143252.19,193.606248353385,203.191540565667,147.103979489555,163.681565303217
ENSG00000143256.7,28.5223490877754,18.2171726024391,65.2374169910199,55.8005336260969
ENSG00000143258.18,185.39526907054,285.869477761353,341.537065423575,316.203023881216
ENSG00000143294.17,54.8839141537497,47.6449129602254,43.4916113273466,34.7203320340158
ENSG00000143314.14,89.8886153069287,117.710961431145,170.128950192268,141.361351852779
ENSG00000143315.8,359.986618032075,610.97594266642,869.832226546932,709.286782980609
ENSG00000143319.20,70.4415591107182,51.8488758684806,58.8415917958219,62.0005929178854
ENSG00000143321.19,70.8737159150784,57.4541597461542,40.9332812492674,50.840486192666
ENSG00000143322.22,197.495659592627,280.264193883679,487.36187987409,375.723593082386
ENSG00000143324.16,363.876029271317,524.09404256248,408.053647453634,434.004150425198
ENSG00000143337.20,191.013307527223,186.375688932647,112.566523435485,152.521458577998
ENSG00000143344.18,34.5725443488187,57.4541597461542,75.4707373033367,58.2805573428123
ENSG00000143353.14,25.0650946528936,15.4145306636024,17.9083105465545,32.2403083173004
ENSG00000143363.19,40.622739609862,39.2369871437151,78.0290673814159,47.1204506175929
ENSG00000143367.19,150.390567917361,123.316245308819,51.1666015615842,50.840486192666
ENSG00000143368.12,211.756834136515,234.020601892872,321.070424798941,292.642798572419
ENSG00000143369.17,42.3513668273029,50.4475548990622,40.9332812492674,31.0002964589427
ENSG00000143373.20,129.21488450371,166.757195360789,170.128950192268,162.44155344486
ENSG00000143374.20,71.3058727194386,82.6779371956853,89.5415527327724,101.680972385332
ENSG00000143376.16,21.1756834136515,18.2171726024391,15.3499804684753,26.0402490255119
ENSG00000143379.15,58.3411685886316,64.4607645932462,65.2374169910199,71.9206877847471
ENSG00000143384.15,173.294878548454,140.13209694184,108.729028318366,151.28144671964
ENSG00000143390.20,121.003905220866,142.934738880676,133.033164060119,156.241494153071
ENSG00000143393.19,156.008606374044,148.54002275835,115.124853513565,120.281150260698
ENSG00000143398.22,321.092505639654,325.106464905068,264.787163081198,281.4826918472
ENSG00000143401.17,196.199189179546,163.954553421952,104.891533201248,112.841079110551
ENSG00000143409.20,9.93960650028538,15.4145306636024,7.67499023423763,7.44007115014625
ENSG00000143418.22,169.405467309212,158.349269544279,133.033164060119,157.481506011429
ENSG00000143420.21,84.7027336546059,84.0792581651037,98.4957080060496,68.2006522096739
ENSG00000143436.12,60.0697958060725,44.8422710213887,70.3540771471783,63.2406047762431
ENSG00000143437.23,124.461159655747,147.138701788932,127.916503903961,140.121339994421
ENSG00000143442.25,48.8337188927065,74.270011379175,58.8415917958219,58.2805573428123
ENSG00000143457.13,57.9090117842714,50.4475548990622,56.2832617177426,86.8008300850396
ENSG00000143469.22,13.3968609351673,7.00660484709198,21.7458056636733,17.3601660170079
ENSG00000143476.20,418.759943425067,482.054413479928,408.053647453634,354.643391490305
ENSG00000143479.19,14.693331348248,14.013209694184,12.7916503903961,21.080201592081
ENSG00000143486.18,50.9945029145076,53.250196837899,72.9124072252575,85.5608182266819
ENSG00000143493.15,144.772529460678,117.710961431145,117.683183591644,116.561114685625
ENSG00000143498.20,22.9043106310924,25.2237774495311,14.0708154294357,27.2802608838696
ENSG00000143499.16,93.7780265461708,79.8752952568485,69.0749121081387,78.1207470765356
ENSG00000143507.20,6.05019526104328,1.4013209694184,23.0249707027129,28.5202727422273
ENSG00000143514.20,34.5725443488187,50.4475548990622,38.3749511711882,33.4803201756581
ENSG00000143537.16,151.687038330442,123.316245308819,136.870659177238,182.281743178583
ENSG00000143543.17,51.4266597188679,46.2435919908071,67.7957470690991,75.6407233598202
ENSG00000143545.12,106.742730676978,88.2832210733589,102.333203123168,90.5208656601127
ENSG00000143549.24,1331.04295742952,1153.28715783134,846.807255844219,984.56941553602
ENSG00000143553.13,44.5121508491041,37.8356661742967,31.9791259759901,29.760284600585
ENSG00000143569.22,619.712857452576,798.752952568485,1004.14455564609,782.447482623714
ENSG00000143570.21,311.585055943729,284.468156791934,239.203862300406,238.08227680468
ENSG00000143575.18,101.556849024655,91.0858630121957,190.595590816901,161.201541586502
ENSG00000143578.18,11.6682337177263,14.013209694184,24.3041357417525,23.5602253087965
ENSG00000143612.23,189.716837114143,119.112282400564,272.462153315436,301.322881580923
ENSG00000143621.19,437.774842816917,396.573834345406,451.545258780981,432.76413856684
ENSG00000143622.14,25.4972514572538,25.2237774495311,16.6291455075149,26.0402490255119
ENSG00000143624.16,21.6078402180117,18.2171726024391,26.8624658198317,18.6001778753656
ENSG00000143631.11,9.07529289156492,18.2171726024391,37.0957861321486,35.9603438923735
ENSG00000143633.15,35.8690147618994,46.2435919908071,43.4916113273466,18.6001778753656
ENSG00000143641.12,460.246996643649,454.02799409156,262.228833003119,234.362241229607
ENSG00000143653.12,117.114493981623,96.6911468898693,79.3082324204556,69.4406640680317
ENSG00000143669.17,19.4470561962105,18.2171726024391,16.6291455075149,17.3601660170079
ENSG00000143674.13,9.07529289156492,14.013209694184,23.0249707027129,11.1601067252194
ENSG00000143702.19,74.7631271543205,140.13209694184,291.64962890103,354.643391490305
ENSG00000143727.18,208.731736505993,189.178330871483,231.528872066169,219.482098929314
ENSG00000143740.17,96.8031241766924,78.4739742874302,71.6332421862179,75.6407233598202
ENSG00000143742.16,454.628958186966,403.580439192498,322.349589837981,285.202727422273
ENSG00000143748.20,97.6674377854129,85.4805791345221,107.449863279327,85.5608182266819
ENSG00000143751.12,66.1199910671158,50.4475548990622,37.0957861321486,37.2003557507312
ENSG00000143753.16,220.399970223719,204.592861535086,214.899726558654,194.68186176216
ENSG00000143756.13,67.8486182845567,58.8554807155726,38.3749511711882,45.8804387592352
ENSG00000143761.19,520.316792449722,440.014784397376,562.832617177426,607.605810595277
ENSG00000143771.14,50.1301893057872,64.4607645932462,65.2374169910199,54.5605217677392
ENSG00000143774.20,56.6125413711907,49.0462339296438,69.0749121081387,64.4806166346008
ENSG00000143776.22,22.0399970223719,9.80924678592877,24.3041357417525,19.8401897337233
ENSG00000143786.10,0.432156804360234,4.20396290825519,21.7458056636733,33.4803201756581
ENSG00000143793.15,18.1505857831298,16.8158516330207,30.6999609369505,28.5202727422273
ENSG00000143797.14,277.876825203631,232.619280923454,127.916503903961,147.561411144567
ENSG00000143799.16,562.668159277025,528.298005470735,428.520288078268,543.125193960676
ENSG00000143801.20,17.2862721744094,14.013209694184,19.1874755855941,6.20005929178854
ENSG00000143811.22,22.4721538267322,23.8224564801127,39.6541162102278,35.9603438923735
ENSG00000143815.17,369.494067728,351.731563324017,199.549746090178,195.921873620518
ENSG00000143819.15,9.50744969592515,4.20396290825519,12.7916503903961,4.96004743343083
ENSG00000143845.16,52.2909733275883,56.0528387767358,37.0957861321486,34.7203320340158
ENSG00000143870.15,1033.71907602968,919.266555938467,1018.21537107553,1180.49128915654
ENSG00000143878.10,31.5474467182971,28.0264193883679,37.0957861321486,28.5202727422273
ENSG00000143889.17,39.3262691967813,33.6317032660415,34.5374560540694,28.5202727422273
ENSG00000143924.21,293.002313356239,292.876082608445,232.808037105208,217.002075212599
ENSG00000143933.22,1084.28142213983,1031.37223349194,822.503120102466,731.606996431048
ENSG00000143942.7,26.3615650659743,12.6118887247656,15.3499804684753,7.44007115014625
ENSG00000143947.17,320.660348835294,262.04702128124,445.149433585783,353.403379631947
ENSG00000143951.18,22.0399970223719,18.2171726024391,25.5833007807921,12.4001185835771
ENSG00000143952.22,7.77882247848421,14.013209694184,14.0708154294357,12.4001185835771
ENSG00000143970.19,34.1403875444585,43.4409500519703,25.5833007807921,38.440367609089
ENSG00000143971.11,60.5019526104328,46.2435919908071,29.4207958979109,47.1204506175929
ENSG00000143977.16,165.94821287433,173.763800207881,152.220639645713,107.881031677121
ENSG00000143995.22,40.622739609862,72.8686904097566,33.2582910150297,35.9603438923735
ENSG00000144021.5,184.53095546182,204.592861535086,208.503901363456,229.402193796176
ENSG00000144028.17,392.398378359093,417.593648886682,332.582910150297,417.883996266548
ENSG00000144029.16,170.269780917932,201.790219596249,177.803940426505,150.041434861283
ENSG00000144034.18,32.8439171313778,33.6317032660415,37.0957861321486,27.2802608838696
ENSG00000144036.18,57.0446981755509,57.4541597461542,37.0957861321486,52.0804980510237
ENSG00000144040.15,27.2258786746947,26.6250984189495,5.11666015615842,19.8401897337233
ENSG00000144043.14,304.670547073965,241.027206739964,237.924697261367,248.002371671542
ENSG00000144048.14,59.2054821973521,0,62.6790869129407,78.1207470765356
ENSG00000144057.18,47.1050916752655,37.8356661742967,29.4207958979109,31.0002964589427
ENSG00000144061.16,15.5576449569684,9.80924678592877,6.39582519519803,17.3601660170079
ENSG00000144118.16,172.430564939733,134.526813064166,92.0998828108516,140.121339994421
ENSG00000144120.15,33.7082307400983,33.6317032660415,31.9791259759901,49.6004743343083
ENSG00000144134.21,15.1254881526082,16.8158516330207,26.8624658198317,23.5602253087965
ENSG00000144136.13,466.297191904693,469.442524755162,370.957861321486,424.084055558336
ENSG00000144161.16,17.7184289787696,18.2171726024391,26.8624658198317,42.1604031841621
ENSG00000144182.19,9.50744969592515,7.00660484709198,10.2333203123168,12.4001185835771
ENSG00000144218.22,26.7937218703345,39.2369871437151,74.1915722642971,83.0807945099664
ENSG00000144224.19,318.499564813492,295.678724547281,310.837104486624,285.202727422273
ENSG00000144228.12,23.7686242398129,25.2237774495311,14.0708154294357,24.8002371671542
ENSG00000144231.13,149.526254308641,182.171726024391,148.383144528594,153.761470436356
ENSG00000144233.13,48.4015620883462,43.4409500519703,21.7458056636733,33.4803201756581
ENSG00000144283.25,76.4917543717614,116.309640461727,48.608271483505,59.52056920117
ENSG00000144306.17,26.3615650659743,36.4343452048783,28.1416308588713,31.0002964589427
ENSG00000144320.16,71.3058727194386,46.2435919908071,48.608271483505,43.4004150425198
ENSG00000144354.17,484.447777687822,859.009754253476,933.790478498912,659.686308646301
ENSG00000144355.16,20.311369804931,26.6250984189495,33.2582910150297,22.3202134504387
ENSG00000144357.20,9.50744969592515,18.2171726024391,10.2333203123168,13.6401304419348
ENSG00000144362.14,15.9898017613287,19.6184935718575,21.7458056636733,31.0002964589427
ENSG00000144369.16,27.658035479055,37.8356661742967,43.4916113273466,44.6404269008775
ENSG00000144381.20,1606.75899861135,1440.55795656211,1598.95629879951,1655.41583090754
ENSG00000144395.19,8.64313608720468,8.40792581651037,12.7916503903961,16.1201541586502
ENSG00000144401.16,29.3866626964959,39.2369871437151,25.5833007807921,32.2403083173004
ENSG00000144426.20,244.600751267892,430.205537611447,268.624658198317,269.082573263623
ENSG00000144451.21,14.2611745438877,22.4211355106943,21.7458056636733,27.2802608838696
ENSG00000144455.16,42.3513668273029,47.6449129602254,48.608271483505,55.8005336260969
ENSG00000144468.19,31.9796035226573,47.6449129602254,46.0499414054258,69.4406640680317
ENSG00000144504.18,12.964704130807,11.2105677553472,47.3291064444654,29.760284600585
ENSG00000144524.20,84.2705768502456,79.8752952568485,75.4707373033367,64.4806166346008
ENSG00000144535.22,38.0297987837006,33.6317032660415,56.2832617177426,42.1604031841621
ENSG00000144554.15,52.7231301319486,60.256801684991,52.4457666006238,52.0804980510237
ENSG00000144559.13,19.4470561962105,21.0198145412759,35.816621093109,38.440367609089
ENSG00000144560.17,28.0901922834152,26.6250984189495,19.1874755855941,14.8801423002925
ENSG00000144566.13,199.224286810068,128.921529186492,124.079008786842,131.441256985917
ENSG00000144567.13,29.8188195008562,29.4277403577863,24.3041357417525,26.0402490255119
ENSG00000144579.11,34.5725443488187,37.8356661742967,33.2582910150297,28.5202727422273
ENSG00000144580.17,91.6172425243696,121.9149243394,150.941474606673,115.321102827267
ENSG00000144583.5,16.4219585656889,8.40792581651037,15.3499804684753,27.2802608838696
ENSG00000144589.24,60.934109414793,91.0858630121957,70.3540771471783,74.4007115014625
ENSG00000144591.22,105.014103459537,116.309640461727,213.620561519614,200.881921053949
ENSG00000144597.15,52.2909733275883,42.0396290825519,29.4207958979109,23.5602253087965
ENSG00000144635.11,126.189786873188,102.296430767543,84.424892576614,83.0807945099664
ENSG00000144642.24,26.3615650659743,33.6317032660415,11.5124853513564,18.6001778753656
ENSG00000144645.18,22.9043106310924,15.4145306636024,16.6291455075149,13.6401304419348
ENSG00000144647.9,36.7333283706199,28.0264193883679,23.0249707027129,43.4004150425198
ENSG00000144649.12,6.48235206540351,22.4211355106943,29.4207958979109,18.6001778753656
ENSG00000144655.17,41.0548964142222,43.4409500519703,21.7458056636733,12.4001185835771
ENSG00000144659.15,61.7984230235135,63.0594436238278,97.21654296701,85.5608182266819
ENSG00000144674.21,18.5827425874901,28.0264193883679,15.3499804684753,21.080201592081
ENSG00000144681.13,22.4721538267322,14.013209694184,17.9083105465545,12.4001185835771
ENSG00000144713.15,147.7976270912,134.526813064166,227.69137694905,202.121932912306
ENSG00000144724.20,10.8039201090059,18.2171726024391,7.67499023423763,8.68008300850396
ENSG00000144736.16,100.692535415935,119.112282400564,78.0290673814159,76.8807352181779
ENSG00000144741.21,22.0399970223719,19.6184935718575,23.0249707027129,22.3202134504387
ENSG00000144744.20,263.615650659743,325.106464905068,269.903823237357,262.882513971834
ENSG00000144746.9,140.018804612716,123.316245308819,83.1457275375744,83.0807945099664
ENSG00000144747.19,103.717633046456,84.0792581651037,62.6790869129407,111.601067252194
ENSG00000144749.16,6.05019526104328,16.8158516330207,1.27916503903961,4.96004743343083
ENSG00000144785.8,6.91450886976375,14.013209694184,53.7249316396634,0
ENSG00000144802.12,19.4470561962105,36.4343452048783,97.21654296701,73.1606996431048
ENSG00000144810.18,616.255603017694,511.482153837714,106.170698240287,121.521162119055
ENSG00000144815.20,86.863517676407,110.704356584053,51.1666015615842,65.7206284929585
ENSG00000144824.23,59.6376390017123,29.4277403577863,29.4207958979109,39.6803794674467
ENSG00000144827.11,187.123896287981,151.342664697187,165.012290036109,153.761470436356
ENSG00000144840.12,15.5576449569684,18.2171726024391,23.0249707027129,22.3202134504387
ENSG00000144848.13,191.013307527223,218.60607122927,266.066328120238,228.162181937818
ENSG00000144867.15,174.159192157174,204.592861535086,401.657822258436,388.123711665963
ENSG00000144891.21,23.3364674354526,16.8158516330207,8.95415527327724,3.72003557507312
ENSG00000144893.15,23.7686242398129,16.8158516330207,16.6291455075149,6.20005929178854
ENSG00000144895.14,180.209387418218,162.553232452534,172.687280270347,189.721814328729
ENSG00000144909.10,71.3058727194386,58.8554807155726,48.608271483505,27.2802608838696
ENSG00000144935.18,7.77882247848421,5.60528387767358,8.95415527327724,14.8801423002925
ENSG00000144959.13,311.585055943729,308.290613272047,359.445375970129,328.603142464793
ENSG00000145012.17,731.209312977516,1001.94449313415,364.562036126288,295.122822289135
ENSG00000145016.19,260.158396224861,404.981760161916,388.86617186804,322.403083173004
ENSG00000145022.7,106.742730676978,120.513603369982,140.708154294357,132.681268844275
ENSG00000145029.17,5.18588165232281,8.40792581651037,2.55833007807921,18.6001778753656
ENSG00000145041.19,216.510558984477,277.461551944842,353.049550774931,266.602549546907
ENSG00000145050.20,17.7184289787696,19.6184935718575,40.9332812492674,24.8002371671542
ENSG00000145107.17,14.693331348248,16.8158516330207,72.9124072252575,94.2409012351858
ENSG00000145191.17,69.1450886976374,82.6779371956853,101.054038084129,106.641019818763
ENSG00000145216.19,122.300375633946,134.526813064166,129.195668943,132.681268844275
ENSG00000145220.16,33.276073935738,40.6383081131335,44.7707763663862,55.8005336260969
ENSG00000145241.13,38.8941123924211,29.4277403577863,23.0249707027129,22.3202134504387
ENSG00000145246.16,23.3364674354526,19.6184935718575,26.8624658198317,26.0402490255119
ENSG00000145247.14,25.0650946528936,19.6184935718575,55.004096678703,37.2003557507312
ENSG00000145284.13,76.0595975674012,123.316245308819,42.212446288307,58.2805573428123
ENSG00000145287.14,47.1050916752655,37.8356661742967,51.1666015615842,13.6401304419348
ENSG00000145293.19,146.068999873759,128.921529186492,145.824814450515,189.721814328729
ENSG00000145331.16,21.6078402180117,22.4211355106943,8.95415527327724,9.92009486686167
ENSG00000145332.16,57.4768549799111,61.6581226544094,38.3749511711882,37.2003557507312
ENSG00000145348.19,47.1050916752655,49.0462339296438,51.1666015615842,50.840486192666
ENSG00000145349.22,185.827425874901,189.178330871483,92.0998828108516,97.9609368102589
ENSG00000145354.14,107.174887481338,114.908319492308,141.987319333396,131.441256985917
ENSG00000145365.14,53.587443740669,99.4937888287061,166.291455075149,131.441256985917
ENSG00000145375.11,24.6329378485333,25.2237774495311,23.0249707027129,17.3601660170079
ENSG00000145386.13,330.167798531219,255.040416434148,163.73312499707,182.281743178583
ENSG00000145388.17,139.586647808356,161.151911483115,217.458056636733,157.481506011429
ENSG00000145390.14,38.4619555880608,44.8422710213887,31.9791259759901,42.1604031841621
ENSG00000145391.17,77.7882247848421,70.0660484709198,106.170698240287,109.121043535478
ENSG00000145414.11,11.6682337177263,22.4211355106943,24.3041357417525,19.8401897337233
ENSG00000145416.15,9.07529289156492,16.8158516330207,11.5124853513564,14.8801423002925
ENSG00000145425.12,708.305002346424,653.015571748972,941.46546873315,827.087909524591
ENSG00000145431.13,26.7937218703345,29.4277403577863,39.6541162102278,27.2802608838696
ENSG00000145439.14,9.50744969592515,4.20396290825519,19.1874755855941,4.96004743343083
ENSG00000145494.14,47.5372484796257,32.2303822966231,60.1207568348615,33.4803201756581
ENSG00000145495.19,307.263487900126,395.172513375988,379.912016594763,292.642798572419
ENSG00000145536.17,19.4470561962105,39.2369871437151,52.4457666006238,69.4406640680317
ENSG00000145545.15,42.7835236316632,25.2237774495311,29.4207958979109,33.4803201756581
ENSG00000145555.16,113.225082742381,91.0858630121957,35.816621093109,68.2006522096739
ENSG00000145569.8,52.2909733275883,47.6449129602254,21.7458056636733,49.6004743343083
ENSG00000145592.16,112.792925938021,81.2766162262669,122.799843747802,135.16129256099
ENSG00000145604.19,1996.56443614428,2911.94497445143,786.686499009357,539.405158385603
ENSG00000145623.15,175.023505765895,175.165121177299,260.94966796408,250.482395388257
ENSG00000145632.17,2611.95572555325,2362.62715443941,758.544868150486,810.967755365941
ENSG00000145675.18,8.21097928284445,15.4145306636024,1.27916503903961,4.96004743343083
ENSG00000145685.16,44.9443076534643,43.4409500519703,34.5374560540694,40.9203913258044
ENSG00000145687.19,16.8541153700491,28.0264193883679,16.6291455075149,9.92009486686167
ENSG00000145708.13,15.1254881526082,18.2171726024391,6.39582519519803,1.24001185835771
ENSG00000145715.17,47.1050916752655,46.2435919908071,49.8874365225446,57.0405454844546
ENSG00000145725.23,138.722334199635,93.8885049510325,57.5624267567823,93.0008893768281
ENSG00000145730.23,212.621147745235,180.770405054973,143.266484372436,157.481506011429
ENSG00000145734.21,17.2862721744094,32.2303822966231,35.816621093109,26.0402490255119
ENSG00000145736.17,38.4619555880608,1.4013209694184,33.2582910150297,22.3202134504387
ENSG00000145740.22,100.692535415935,78.4739742874302,90.820717771812,133.921280702632
ENSG00000145741.18,382.026615054447,361.540810109946,500.153530264486,447.644280867133
ENSG00000145779.9,25.4972514572538,19.6184935718575,5.11666015615842,14.8801423002925
ENSG00000145780.10,67.8486182845567,32.2303822966231,37.0957861321486,49.6004743343083
ENSG00000145781.11,56.1803845668304,44.8422710213887,57.5624267567823,47.1204506175929
ENSG00000145782.15,82.9741064371649,72.8686904097566,102.333203123168,89.280853801755
ENSG00000145817.19,244.168594463532,191.98097281032,296.766289057188,280.242679988842
ENSG00000145819.19,18.5827425874901,15.4145306636024,37.0957861321486,53.3205099093814
ENSG00000145833.18,234.228987963247,224.211355106943,163.73312499707,203.361944770664
ENSG00000145860.14,36.3011715662597,77.0726533180118,42.212446288307,31.0002964589427
ENSG00000145868.19,135.265079764753,163.954553421952,222.574716792891,234.362241229607
ENSG00000145882.13,29.8188195008562,23.8224564801127,21.7458056636733,19.8401897337233
ENSG00000145901.20,34.1403875444585,46.2435919908071,61.3999218739011,74.4007115014625
ENSG00000145907.18,1096.81396946627,1172.9056514032,1111.59441892542,1040.36994916212
ENSG00000145908.15,26.7937218703345,28.0264193883679,37.0957861321486,29.760284600585
ENSG00000145912.12,108.471357894419,89.6845420427773,188.037260738822,172.361648311721
ENSG00000145916.21,63.0948934365942,63.0594436238278,44.7707763663862,53.3205099093814
ENSG00000145919.13,44.0799940447439,33.6317032660415,51.1666015615842,38.440367609089
ENSG00000145934.18,184.53095546182,225.612676076362,71.6332421862179,81.8407826516087
ENSG00000145979.20,52.7231301319486,39.2369871437151,67.7957470690991,69.4406640680317
ENSG00000145982.15,37.1654851749801,30.8290613272047,40.9332812492674,49.6004743343083
ENSG00000145990.12,7.77882247848421,9.80924678592877,12.7916503903961,4.96004743343083
ENSG00000145996.13,47.969405283986,49.0462339296438,47.3291064444654,49.6004743343083
ENSG00000146006.9,9.93960650028538,14.013209694184,15.3499804684753,7.44007115014625
ENSG00000146007.13,66.1199910671158,63.0594436238278,55.004096678703,62.0005929178854
ENSG00000146066.4,19.4470561962105,43.4409500519703,66.5165820300595,40.9203913258044
ENSG00000146083.15,8.21097928284445,14.013209694184,15.3499804684753,8.68008300850396
ENSG00000146085.10,173.294878548454,172.362479238463,144.545649411475,163.681565303217
ENSG00000146109.7,47.5372484796257,12.6118887247656,35.816621093109,32.2403083173004
ENSG00000146112.14,172.430564939733,166.757195360789,211.062231441535,164.921577161575
ENSG00000146122.19,8.64313608720468,18.2171726024391,2.55833007807921,2.48002371671542
ENSG00000146143.21,75.627440763041,64.4607645932462,66.5165820300595,42.1604031841621
ENSG00000146223.18,392.398378359093,340.52099556867,314.674599603743,355.883403348662
ENSG00000146247.17,49.6980325014269,110.704356584053,55.004096678703,53.3205099093814
ENSG00000146263.14,137.425863786554,152.743985666605,117.683183591644,131.441256985917
ENSG00000146281.8,33.276073935738,25.2237774495311,11.5124853513564,16.1201541586502
ENSG00000146282.21,85.1348904589661,84.0792581651037,53.7249316396634,62.0005929178854
ENSG00000146376.13,152.983508743523,169.559837299626,145.824814450515,146.32139928621
ENSG00000146386.10,9.50744969592515,7.00660484709198,14.0708154294357,12.4001185835771
ENSG00000146409.14,6.48235206540351,5.60528387767358,12.7916503903961,22.3202134504387
ENSG00000146410.14,15.5576449569684,22.4211355106943,14.0708154294357,18.6001778753656
ENSG00000146414.19,21.6078402180117,33.6317032660415,20.4666406246337,18.6001778753656
ENSG00000146416.20,36.3011715662597,32.2303822966231,38.3749511711882,26.0402490255119
ENSG00000146425.13,38.4619555880608,33.6317032660415,39.6541162102278,42.1604031841621
ENSG00000146426.21,9.50744969592515,14.013209694184,2.55833007807921,2.48002371671542
ENSG00000146433.13,42.3513668273029,35.0330242354599,58.8415917958219,50.840486192666
ENSG00000146457.18,81.245479219724,82.6779371956853,70.3540771471783,65.7206284929585
ENSG00000146463.14,55.7482277624702,44.8422710213887,38.3749511711882,35.9603438923735
ENSG00000146476.13,124.893316460108,107.901714645216,53.7249316396634,74.4007115014625
ENSG00000146535.17,13.3968609351673,15.4145306636024,7.67499023423763,8.68008300850396
ENSG00000146540.17,52.2909733275883,46.2435919908071,25.5833007807921,40.9203913258044
ENSG00000146592.18,48.4015620883462,47.6449129602254,84.424892576614,69.4406640680317
ENSG00000146648.23,49.2658756970667,74.270011379175,136.870659177238,94.2409012351858
ENSG00000146670.11,342.700345857666,260.645700311822,236.645532222327,274.042620697054
ENSG00000146701.14,186.259582679261,156.94794857486,185.478930660743,194.68186176216
ENSG00000146707.17,15.1254881526082,15.4145306636024,1.27916503903961,13.6401304419348
ENSG00000146729.12,79.9490088066433,82.6779371956853,51.1666015615842,37.2003557507312
ENSG00000146731.13,698.365395846138,623.587831391186,564.111782216466,553.045288827538
ENSG00000146733.16,36.3011715662597,30.8290613272047,42.212446288307,53.3205099093814
ENSG00000146757.15,42.3513668273029,32.2303822966231,15.3499804684753,13.6401304419348
ENSG00000146776.16,11.2360769133661,12.6118887247656,14.0708154294357,8.68008300850396
ENSG00000146802.15,38.0297987837006,42.0396290825519,47.3291064444654,43.4004150425198
ENSG00000146828.20,11.2360769133661,2.80264193883679,6.39582519519803,23.5602253087965
ENSG00000146833.18,44.9443076534643,51.8488758684806,42.212446288307,58.2805573428123
ENSG00000146834.17,9.93960650028538,5.60528387767358,14.0708154294357,24.8002371671542
ENSG00000146842.19,177.616446592056,249.435132556474,509.107685537763,434.004150425198
ENSG00000146856.15,12.964704130807,9.80924678592877,11.5124853513564,17.3601660170079
ENSG00000146858.9,22.0399970223719,22.4211355106943,35.816621093109,28.5202727422273
ENSG00000146859.8,7.77882247848421,0,14.0708154294357,11.1601067252194
ENSG00000146872.21,31.1152899139369,30.8290613272047,15.3499804684753,22.3202134504387
ENSG00000146909.10,19.8792130005708,22.4211355106943,21.7458056636733,12.4001185835771
ENSG00000146918.22,494.387384188108,434.409500519703,285.253803705832,303.802905297639
ENSG00000146950.14,12.964704130807,12.6118887247656,12.7916503903961,12.4001185835771
ENSG00000146963.20,188.420366701062,200.388898626831,135.591494138198,166.161589019933
ENSG00000147010.21,36.7333283706199,40.6383081131335,81.8665624985348,100.440960526974
ENSG00000147027.6,133.968609351673,84.0792581651037,70.3540771471783,63.2406047762431
ENSG00000147050.20,42.7835236316632,43.4409500519703,24.3041357417525,34.7203320340158
ENSG00000147065.20,800.354401675154,751.10803960826,699.703276354664,729.126972714332
ENSG00000147099.23,112.792925938021,165.355874391371,177.803940426505,115.321102827267
ENSG00000147100.13,85.1348904589661,85.4805791345221,110.008193357406,97.9609368102589
ENSG00000147118.14,13.8290177395275,8.40792581651037,7.67499023423763,12.4001185835771
ENSG00000147121.18,29.8188195008562,23.8224564801127,31.9791259759901,23.5602253087965
ENSG00000147123.14,56.6125413711907,54.6515178073174,81.8665624985348,83.0807945099664
ENSG00000147124.15,25.4972514572538,26.6250984189495,16.6291455075149,27.2802608838696
ENSG00000147130.16,85.1348904589661,119.112282400564,101.054038084129,59.52056920117
ENSG00000147133.20,25.929408261614,29.4277403577863,28.1416308588713,26.0402490255119
ENSG00000147140.19,1153.42651083746,1310.2351064062,1442.89816403668,1365.25305605184
ENSG00000147155.13,169.837624113572,176.566442146718,101.054038084129,88.0408419433973
ENSG00000147162.17,119.275278003425,113.50699852289,130.47483398204,115.321102827267
ENSG00000147164.14,12.5325473264468,11.2105677553472,15.3499804684753,27.2802608838696
ENSG00000147202.20,16.8541153700491,23.8224564801127,8.95415527327724,27.2802608838696
ENSG00000147224.14,552.728552776739,385.363266590059,172.687280270347,155.001482294714
ENSG00000147234.11,119.707434807785,138.730775972421,38.3749511711882,79.3607589348933
ENSG00000147251.18,14.2611745438877,16.8158516330207,5.11666015615842,17.3601660170079
ENSG00000147274.16,374.247792575963,320.902501996813,299.324619135268,314.963012022858
ENSG00000147316.17,77.7882247848421,96.6911468898693,74.1915722642971,93.0008893768281
ENSG00000147364.19,31.9796035226573,33.6317032660415,79.3082324204556,74.4007115014625
ENSG00000147383.13,22.9043106310924,36.4343452048783,6.39582519519803,7.44007115014625
ENSG00000147394.22,15.5576449569684,37.8356661742967,31.9791259759901,3.72003557507312
ENSG00000147400.12,77.7882247848421,72.8686904097566,70.3540771471783,60.7605810595277
ENSG00000147403.20,520.316792449722,484.857055418765,1230.5567675561,1060.21013889584
ENSG00000147416.14,538.035221428491,463.837240877489,560.274287099347,474.924541751002
ENSG00000147419.21,87.2956744807673,81.2766162262669,98.4957080060496,104.160996102047
ENSG00000147421.20,13.3968609351673,25.2237774495311,28.1416308588713,28.5202727422273
ENSG00000147439.16,27.658035479055,32.2303822966231,46.0499414054258,42.1604031841621
ENSG00000147454.15,19.0148993918503,22.4211355106943,17.9083105465545,24.8002371671542
ENSG00000147457.16,169.837624113572,158.349269544279,94.6582128889308,106.641019818763
ENSG00000147459.19,80.3811656110035,112.105677553472,83.1457275375744,117.801126543982
ENSG00000147471.14,199.656443614428,198.987577657412,117.683183591644,132.681268844275
ENSG00000147475.19,12.5325473264468,16.8158516330207,29.4207958979109,42.1604031841621
ENSG00000147509.15,19.8792130005708,21.0198145412759,29.4207958979109,27.2802608838696
ENSG00000147526.22,178.048603396416,245.231169648219,186.758095699782,187.241790612014
ENSG00000147533.20,138.290177395275,156.94794857486,154.778969723792,96.7209249519012
ENSG00000147535.19,78.6525383935626,71.4673694403382,144.545649411475,182.281743178583
ENSG00000147536.13,47.969405283986,49.0462339296438,29.4207958979109,38.440367609089
ENSG00000147548.19,152.551351939163,113.50699852289,101.054038084129,99.2009486686166
ENSG00000147573.19,14.2611745438877,22.4211355106943,103.612368162208,70.6806759263894
ENSG00000147586.12,25.0650946528936,14.013209694184,16.6291455075149,22.3202134504387
ENSG00000147592.11,26.7937218703345,26.6250984189495,25.5833007807921,26.0402490255119
ENSG00000147601.17,92.9137129374503,98.0924678592877,76.7499023423763,69.4406640680317
ENSG00000147604.16,960.25241928844,926.273160785559,1381.49824216277,1133.37083853895
ENSG00000147649.12,174.591348961535,134.526813064166,147.103979489555,173.601660170079
ENSG00000147650.13,32.4117603270176,36.4343452048783,23.0249707027129,23.5602253087965
ENSG00000147654.18,17.2862721744094,9.80924678592877,24.3041357417525,17.3601660170079
ENSG00000147669.13,50.9945029145076,40.6383081131335,48.608271483505,58.2805573428123
ENSG00000147677.14,191.013307527223,180.770405054973,216.178891597693,215.762063354241
ENSG00000147679.14,44.9443076534643,44.8422710213887,30.6999609369505,35.9603438923735
ENSG00000147684.12,114.089396351102,222.810034137525,326.187084955099,214.522051495884
ENSG00000147687.21,39.7584260011415,37.8356661742967,26.8624658198317,33.4803201756581
ENSG00000147789.18,50.1301893057872,58.8554807155726,72.9124072252575,89.280853801755
ENSG00000147813.18,9.50744969592515,16.8158516330207,14.0708154294357,23.5602253087965
ENSG00000147852.19,21.6078402180117,8.40792581651037,17.9083105465545,33.4803201756581
ENSG00000147853.19,85.5670472633263,72.8686904097566,62.6790869129407,60.7605810595277
ENSG00000147854.20,34.1403875444585,40.6383081131335,33.2582910150297,28.5202727422273
ENSG00000147862.20,16.4219585656889,23.8224564801127,11.5124853513564,19.8401897337233
ENSG00000147872.12,151.254881526082,113.50699852289,314.674599603743,311.242976447785
ENSG00000147874.13,185.827425874901,133.125492094748,150.941474606673,174.841672028437
ENSG00000147883.14,71.3058727194386,53.250196837899,21.7458056636733,26.0402490255119
ENSG00000147889.19,91.6172425243696,105.09907270638,69.0749121081387,80.600770793251
ENSG00000147894.19,9.50744969592515,7.00660484709198,39.6541162102278,35.9603438923735
ENSG00000147905.20,44.0799940447439,56.0528387767358,112.566523435485,97.9609368102589
ENSG00000147912.15,20.311369804931,26.6250984189495,14.0708154294357,13.6401304419348
ENSG00000147955.20,213.053304549595,187.777009902065,314.674599603743,310.002964589427
ENSG00000147996.19,80.3811656110035,75.6713323485934,75.4707373033367,69.4406640680317
ENSG00000148019.16,140.450961417076,183.57304699381,127.916503903961,112.841079110551
ENSG00000148090.14,23.3364674354526,22.4211355106943,43.4916113273466,34.7203320340158
ENSG00000148110.19,22.0399970223719,40.6383081131335,26.8624658198317,33.4803201756581
ENSG00000148120.21,38.4619555880608,51.8488758684806,28.1416308588713,28.5202727422273
ENSG00000148143.15,161.626644830728,273.257589036587,189.316425777862,143.841375569494
ENSG00000148153.16,60.5019526104328,26.6250984189495,47.3291064444654,48.3604624759506
ENSG00000148154.12,83.8384200458854,71.4673694403382,86.9832226546932,81.8407826516087
ENSG00000148158.19,19.8792130005708,18.2171726024391,48.608271483505,22.3202134504387
ENSG00000148175.15,83.4062632415252,96.6911468898693,75.4707373033367,91.7608775184704
ENSG00000148187.20,74.3309703499603,51.8488758684806,76.7499023423763,83.0807945099664
ENSG00000148218.18,57.0446981755509,65.8620855626646,63.9582519519803,48.3604624759506
ENSG00000148219.20,12.1003905220866,26.6250984189495,19.1874755855941,27.2802608838696
ENSG00000148229.15,339.243091422784,348.928921385181,451.545258780981,421.604031841621
ENSG00000148248.16,814.615576219041,702.061805678616,869.832226546932,982.089391819305
ENSG00000148290.12,21.6078402180117,15.4145306636024,23.0249707027129,33.4803201756581
ENSG00000148291.12,34.1403875444585,33.6317032660415,38.3749511711882,44.6404269008775
ENSG00000148296.9,51.8588165232281,39.2369871437151,47.3291064444654,47.1204506175929
ENSG00000148297.18,20.311369804931,1.4013209694184,70.3540771471783,11.1601067252194
ENSG00000148300.14,35.004701153179,46.2435919908071,20.4666406246337,21.080201592081
ENSG00000148303.19,289.977215725717,263.448342250658,438.753608390585,364.563486357166
ENSG00000148308.20,156.872919982765,140.13209694184,163.73312499707,151.28144671964
ENSG00000148331.14,73.4666567412398,82.6779371956853,60.1207568348615,84.3208063683242
ENSG00000148334.18,54.0196005450293,33.6317032660415,51.1666015615842,65.7206284929585
ENSG00000148335.17,98.5317513941334,81.2766162262669,134.312329099159,85.5608182266819
ENSG00000148337.24,109.335671503139,91.0858630121957,108.729028318366,100.440960526974
ENSG00000148339.15,38.0297987837006,49.0462339296438,30.6999609369505,34.7203320340158
ENSG00000148341.20,11.2360769133661,12.6118887247656,20.4666406246337,14.8801423002925
ENSG00000148343.21,25.929408261614,29.4277403577863,38.3749511711882,29.760284600585
ENSG00000148356.17,93.7780265461708,151.342664697187,202.108076168258,199.641909195591
ENSG00000148358.23,80.8133224153638,81.2766162262669,67.7957470690991,64.4806166346008
ENSG00000148396.21,95.938810567972,103.697751736961,120.241513669723,109.121043535478
ENSG00000148399.15,71.7380295237989,93.8885049510325,107.449863279327,95.4809130935435
ENSG00000148400.15,4.75372484796257,8.40792581651037,3.83749511711882,14.8801423002925
ENSG00000148411.10,15.5576449569684,19.6184935718575,11.5124853513564,7.44007115014625
ENSG00000148429.17,16.8541153700491,15.4145306636024,8.95415527327724,11.1601067252194
ENSG00000148444.18,17.2862721744094,16.8158516330207,20.4666406246337,16.1201541586502
ENSG00000148459.18,15.5576449569684,21.0198145412759,14.0708154294357,12.4001185835771
ENSG00000148468.19,20.311369804931,35.0330242354599,23.0249707027129,33.4803201756581
ENSG00000148481.16,36.7333283706199,37.8356661742967,30.6999609369505,37.2003557507312
ENSG00000148484.20,168.108996896131,193.382293779739,143.266484372436,121.521162119055
ENSG00000148498.19,25.929408261614,33.6317032660415,11.5124853513564,17.3601660170079
ENSG00000148516.25,17.2862721744094,15.4145306636024,12.7916503903961,27.2802608838696
ENSG00000148572.18,53.1552869363088,56.0528387767358,88.2623876937328,88.0408419433973
ENSG00000148600.17,14.2611745438877,15.4145306636024,6.39582519519803,1.24001185835771
ENSG00000148606.17,144.772529460678,149.941343727768,194.43308593402,249.242383529899
ENSG00000148634.18,104.581946655177,95.2898259204509,57.5624267567823,80.600770793251
ENSG00000148660.24,73.8988135456,72.8686904097566,16.6291455075149,54.5605217677392
ENSG00000148672.12,90.7529289156492,117.710961431145,81.8665624985348,70.6806759263894
ENSG00000148677.9,73.0344999368796,82.6779371956853,121.520678708763,136.401304419348
ENSG00000148688.16,92.4815561330901,86.8819001039405,99.7748730450892,73.1606996431048
ENSG00000148690.14,19.4470561962105,9.80924678592877,12.7916503903961,22.3202134504387
ENSG00000148700.17,124.893316460108,126.118887247656,70.3540771471783,55.8005336260969
ENSG00000148719.18,113.657239546742,96.6911468898693,69.0749121081387,81.8407826516087
ENSG00000148730.9,283.927020464674,395.172513375988,317.232929681822,252.962419104972
ENSG00000148737.20,20.311369804931,14.013209694184,8.95415527327724,18.6001778753656
ENSG00000148773.16,160.330174417647,155.546627605442,71.6332421862179,106.641019818763
ENSG00000148798.13,137.425863786554,215.803429290433,305.720444330466,197.161885478876
ENSG00000148803.15,9.07529289156492,14.013209694184,14.0708154294357,23.5602253087965
ENSG00000148824.21,51.8588165232281,74.270011379175,83.1457275375744,73.1606996431048
ENSG00000148834.15,104.149789850816,88.2832210733589,230.249707027129,166.161589019933
ENSG00000148835.14,18.1505857831298,18.2171726024391,7.67499023423763,11.1601067252194
ENSG00000148840.13,279.173295616711,465.238561846907,425.961958000189,441.444221575344
ENSG00000148841.19,38.4619555880608,32.2303822966231,70.3540771471783,57.0405454844546
ENSG00000148843.17,94.210183350531,119.112282400564,97.21654296701,115.321102827267
ENSG00000148848.16,6.05019526104328,7.00660484709198,5.11666015615842,12.4001185835771
ENSG00000148908.17,9.93960650028538,11.2105677553472,26.8624658198317,17.3601660170079
ENSG00000148925.13,121.436062025226,112.105677553472,83.1457275375744,106.641019818763
ENSG00000148926.12,232.068203941446,220.007392198688,118.962348630683,101.680972385332
ENSG00000148943.13,112.360769133661,65.8620855626646,58.8415917958219,58.2805573428123
ENSG00000148950.13,38.8941123924211,63.0594436238278,40.9332812492674,50.840486192666
ENSG00000148985.22,40.1905828055018,67.263406532083,66.5165820300595,65.7206284929585
ENSG00000149016.18,48.8337188927065,33.6317032660415,58.8415917958219,47.1204506175929
ENSG00000149054.18,33.276073935738,26.6250984189495,47.3291064444654,35.9603438923735
ENSG00000149084.15,75.1952839586807,71.4673694403382,48.608271483505,65.7206284929585
ENSG00000149089.15,24.2007810441731,33.6317032660415,30.6999609369505,33.4803201756581
ENSG00000149091.17,31.1152899139369,26.6250984189495,23.0249707027129,13.6401304419348
ENSG00000149100.15,293.434470160599,322.303822966231,541.086811513753,438.964197858629
ENSG00000149115.16,29.3866626964959,18.2171726024391,11.5124853513564,28.5202727422273
ENSG00000149136.11,228.610949506564,283.066835822516,303.162114252387,297.60284600585
ENSG00000149150.11,9.50744969592515,5.60528387767358,26.8624658198317,19.8401897337233
ENSG00000149177.16,19.8792130005708,22.4211355106943,16.6291455075149,8.68008300850396
ENSG00000149179.16,42.7835236316632,56.0528387767358,42.212446288307,40.9203913258044
ENSG00000149182.17,264.479964268463,263.448342250658,172.687280270347,177.321695745152
ENSG00000149187.21,160.330174417647,96.6911468898693,46.0499414054258,81.8407826516087
ENSG00000149196.19,38.4619555880608,28.0264193883679,42.212446288307,27.2802608838696
ENSG00000149231.18,149.526254308641,145.737380819513,86.9832226546932,85.5608182266819
ENSG00000149257.18,144.772529460678,163.954553421952,203.387241207297,155.001482294714
ENSG00000149260.20,96.8031241766924,103.697751736961,75.4707373033367,58.2805573428123
ENSG00000149262.21,167.676840091771,155.546627605442,166.291455075149,166.161589019933
ENSG00000149269.12,90.3207721112889,84.0792581651037,56.2832617177426,74.4007115014625
ENSG00000149273.17,847.891650154779,647.410287871299,1004.14455564609,933.728929343354
ENSG00000149292.19,12.5325473264468,22.4211355106943,24.3041357417525,16.1201541586502
ENSG00000149308.20,95.0744969592515,99.4937888287061,72.9124072252575,63.2406047762431
ENSG00000149311.24,39.3262691967813,51.8488758684806,62.6790869129407,55.8005336260969
ENSG00000149313.13,185.39526907054,154.145306636024,143.266484372436,162.44155344486
ENSG00000149357.12,126.189786873188,112.105677553472,177.803940426505,153.761470436356
ENSG00000149428.23,315.042310378611,151.342664697187,666.444985339635,484.844636617864
ENSG00000149474.16,43.2156804360234,39.2369871437151,80.5873974594952,50.840486192666
ENSG00000149476.18,73.0344999368796,128.921529186492,283.974638666792,251.722407246615
ENSG00000149480.8,82.5419496328047,65.8620855626646,38.3749511711882,69.4406640680317
ENSG00000149483.15,79.5168520022831,84.0792581651037,106.170698240287,85.5608182266819
ENSG00000149485.21,1354.37942486497,1174.30697237262,868.553061507892,822.127862091161
ENSG00000149499.14,12.1003905220866,12.6118887247656,17.9083105465545,13.6401304419348
ENSG00000149503.16,16.8541153700491,22.4211355106943,15.3499804684753,8.68008300850396
ENSG00000149532.18,111.928612329301,134.526813064166,135.591494138198,127.721221410844
ENSG00000149541.12,21.6078402180117,8.40792581651037,14.0708154294357,12.4001185835771
ENSG00000149547.17,261.022709833581,203.191540565667,188.037260738822,205.84196848738
ENSG00000149548.17,31.9796035226573,40.6383081131335,20.4666406246337,35.9603438923735
ENSG00000149554.17,108.039201090059,95.2898259204509,76.7499023423763,101.680972385332
ENSG00000149571.13,40.622739609862,32.2303822966231,29.4207958979109,23.5602253087965
ENSG00000149577.19,11.2360769133661,25.2237774495311,17.9083105465545,6.20005929178854
ENSG00000149582.18,92.4815561330901,148.54002275835,118.962348630683,96.7209249519012
ENSG00000149591.19,640.024227257507,601.166695880492,269.903823237357,264.122525830192
ENSG00000149596.9,19.8792130005708,21.0198145412759,6.39582519519803,6.20005929178854
ENSG00000149600.14,80.3811656110035,63.0594436238278,117.683183591644,100.440960526974
ENSG00000149636.18,403.634455272459,347.527600415762,379.912016594763,450.124304583848
ENSG00000149639.17,66.5521478714761,124.717566278237,90.820717771812,62.0005929178854
ENSG00000149658.20,21.6078402180117,29.4277403577863,20.4666406246337,24.8002371671542
ENSG00000149716.15,23.7686242398129,33.6317032660415,39.6541162102278,33.4803201756581
ENSG00000149743.16,18.5827425874901,21.0198145412759,38.3749511711882,27.2802608838696
ENSG00000149761.11,30.6831331095766,30.8290613272047,40.9332812492674,26.0402490255119
ENSG00000149792.11,297.323881399841,270.45494709775,205.945571285377,214.522051495884
ENSG00000149798.7,19.0148993918503,16.8158516330207,25.5833007807921,18.6001778753656
ENSG00000149806.13,117.546650785984,114.908319492308,199.549746090178,147.561411144567
ENSG00000149809.19,77.7882247848421,67.263406532083,15.3499804684753,18.6001778753656
ENSG00000149823.12,59.6376390017123,43.4409500519703,52.4457666006238,59.52056920117
ENSG00000149923.16,71.7380295237989,49.0462339296438,76.7499023423763,68.2006522096739
ENSG00000149925.23,991.367709202377,786.14106384372,894.136362288684,953.569119077078
ENSG00000149929.18,50.9945029145076,70.0660484709198,52.4457666006238,52.0804980510237
ENSG00000149930.20,37.5976419793404,40.6383081131335,28.1416308588713,18.6001778753656
ENSG00000149932.19,47.1050916752655,40.6383081131335,43.4916113273466,47.1204506175929
ENSG00000149948.16,35.4368579575392,47.6449129602254,153.499804684753,130.201245127559
ENSG00000150054.21,26.7937218703345,33.6317032660415,6.39582519519803,3.72003557507312
ENSG00000150093.22,2205.72832945463,2357.02187056174,1691.05618161036,1754.61677957616
ENSG00000150281.8,2.16078402180117,14.013209694184,15.3499804684753,9.92009486686167
ENSG00000150316.14,54.8839141537497,46.2435919908071,78.0290673814159,59.52056920117
ENSG00000150347.18,133.968609351673,145.737380819513,61.3999218739011,86.8008300850396
ENSG00000150401.17,35.8690147618994,32.2303822966231,44.7707763663862,85.5608182266819
ENSG00000150403.20,54.4517573493895,53.250196837899,26.8624658198317,38.440367609089
ENSG00000150433.12,26.3615650659743,21.0198145412759,28.1416308588713,19.8401897337233
ENSG00000150455.17,8.64313608720468,16.8158516330207,16.6291455075149,26.0402490255119
ENSG00000150456.13,11.6682337177263,4.20396290825519,7.67499023423763,17.3601660170079
ENSG00000150457.11,14.693331348248,22.4211355106943,6.39582519519803,14.8801423002925
ENSG00000150459.15,69.1450886976374,50.4475548990622,70.3540771471783,80.600770793251
ENSG00000150477.17,12.5325473264468,18.2171726024391,20.4666406246337,3.72003557507312
ENSG00000150527.20,25.929408261614,30.8290613272047,62.6790869129407,66.9606403513162
ENSG00000150593.20,136.129393373474,175.165121177299,315.953764642783,342.243272906727
ENSG00000150687.14,207.003109288552,208.796824443341,48.608271483505,39.6803794674467
ENSG00000150712.13,31.5474467182971,22.4211355106943,25.5833007807921,16.1201541586502
ENSG00000150753.14,1494.39822947769,1380.30115487712,1180.66933103356,1232.57178720756
ENSG00000150756.16,39.7584260011415,57.4541597461542,74.1915722642971,104.160996102047
ENSG00000150760.15,135.697236569113,100.895109798124,103.612368162208,117.801126543982
ENSG00000150768.20,166.38036967869,170.961158269044,180.362270504584,151.28144671964
ENSG00000150776.20,41.0548964142222,54.6515178073174,39.6541162102278,50.840486192666
ENSG00000150779.13,24.2007810441731,21.0198145412759,26.8624658198317,22.3202134504387
ENSG00000150787.10,59.2054821973521,57.4541597461542,37.0957861321486,38.440367609089
ENSG00000150938.12,89.4564585025685,106.500393675798,58.8415917958219,62.0005929178854
ENSG00000150961.17,226.450165484763,252.237774495311,289.091298822951,394.323770957751
ENSG00000150967.21,27.2258786746947,19.6184935718575,26.8624658198317,39.6803794674467
ENSG00000150977.14,23.3364674354526,23.8224564801127,28.1416308588713,28.5202727422273
ENSG00000150990.11,33.7082307400983,28.0264193883679,15.3499804684753,26.0402490255119
ENSG00000150991.18,2782.65766327555,2558.81209015799,4694.53569327535,5467.21228349914
ENSG00000150995.22,7.77882247848421,16.8158516330207,8.95415527327724,6.20005929178854
ENSG00000151012.14,10.3717633046456,5.60528387767358,66.5165820300595,58.2805573428123
ENSG00000151065.16,13.8290177395275,18.2171726024391,25.5833007807921,28.5202727422273
ENSG00000151090.22,12.1003905220866,15.4145306636024,7.67499023423763,7.44007115014625
ENSG00000151092.20,82.5419496328047,67.263406532083,78.0290673814159,62.0005929178854
ENSG00000151093.10,25.929408261614,33.6317032660415,30.6999609369505,40.9203913258044
ENSG00000151116.19,60.0697958060725,74.270011379175,63.9582519519803,50.840486192666
ENSG00000151131.13,16.4219585656889,29.4277403577863,15.3499804684753,22.3202134504387
ENSG00000151135.12,406.22739609862,330.711748782741,353.049550774931,447.644280867133
ENSG00000151148.16,98.9639081984936,126.118887247656,135.591494138198,127.721221410844
ENSG00000151176.10,329.735641726859,554.923103889685,528.295161123357,473.684529892644
ENSG00000151208.19,15.9898017613287,18.2171726024391,7.67499023423763,19.8401897337233
ENSG00000151233.13,49.6980325014269,56.0528387767358,26.8624658198317,23.5602253087965
ENSG00000151239.16,376.840733402124,332.11306975216,377.353686516684,305.042917155996
ENSG00000151247.15,158.169390395846,120.513603369982,95.9373779279704,90.5208656601127
ENSG00000151276.25,17.7184289787696,12.6118887247656,16.6291455075149,13.6401304419348
ENSG00000151287.19,47.5372484796257,39.2369871437151,34.5374560540694,37.2003557507312
ENSG00000151292.21,268.801532312066,378.356661742967,400.378657219397,367.043510073882
ENSG00000151304.8,41.9192100229427,35.0330242354599,61.3999218739011,39.6803794674467
ENSG00000151327.16,90.7529289156492,57.4541597461542,88.2623876937328,96.7209249519012
ENSG00000151332.22,91.1850857200094,77.0726533180118,44.7707763663862,48.3604624759506
ENSG00000151338.23,29.8188195008562,29.4277403577863,20.4666406246337,31.0002964589427
ENSG00000151348.18,191.445464331584,177.967763116136,158.616464840911,143.841375569494
ENSG00000151353.18,83.4062632415252,77.0726533180118,148.383144528594,135.16129256099
ENSG00000151364.18,77.3560679804819,113.50699852289,78.0290673814159,112.841079110551
ENSG00000151366.15,93.3458697418106,70.0660484709198,99.7748730450892,74.4007115014625
ENSG00000151388.12,54.0196005450293,58.8554807155726,47.3291064444654,42.1604031841621
ENSG00000151413.19,32.4117603270176,32.2303822966231,16.6291455075149,24.8002371671542
ENSG00000151414.17,55.7482277624702,78.4739742874302,42.212446288307,44.6404269008775
ENSG00000151422.16,43.6478372403836,58.8554807155726,43.4916113273466,35.9603438923735
ENSG00000151445.18,53.587443740669,47.6449129602254,69.0749121081387,48.3604624759506
ENSG00000151458.14,22.4721538267322,11.2105677553472,8.95415527327724,13.6401304419348
ENSG00000151461.22,39.3262691967813,51.8488758684806,28.1416308588713,27.2802608838696
ENSG00000151465.16,92.4815561330901,121.9149243394,102.333203123168,97.9609368102589
ENSG00000151466.14,37.1654851749801,26.6250984189495,11.5124853513564,22.3202134504387
ENSG00000151474.24,39.7584260011415,72.8686904097566,103.612368162208,104.160996102047
ENSG00000151491.16,221.26428383244,180.770405054973,144.545649411475,143.841375569494
ENSG00000151498.14,81.245479219724,64.4607645932462,98.4957080060496,97.9609368102589
ENSG00000151500.17,54.8839141537497,40.6383081131335,78.0290673814159,70.6806759263894
ENSG00000151502.13,14.693331348248,15.4145306636024,16.6291455075149,17.3601660170079
ENSG00000151503.16,272.690943551308,333.514390721578,185.478930660743,183.521755036941
ENSG00000151532.17,58.7733253929918,37.8356661742967,53.7249316396634,54.5605217677392
ENSG00000151552.15,42.3513668273029,61.6581226544094,60.1207568348615,80.600770793251
ENSG00000151553.17,79.0846951979228,67.263406532083,37.0957861321486,48.3604624759506
ENSG00000151575.17,18.5827425874901,19.6184935718575,8.95415527327724,16.1201541586502
ENSG00000151576.12,83.4062632415252,77.0726533180118,53.7249316396634,62.0005929178854
ENSG00000151612.20,60.5019526104328,93.8885049510325,80.5873974594952,71.9206877847471
ENSG00000151640.15,20.311369804931,16.8158516330207,14.0708154294357,28.5202727422273
ENSG00000151657.14,17.2862721744094,11.2105677553472,16.6291455075149,13.6401304419348
ENSG00000151665.15,17.7184289787696,18.2171726024391,24.3041357417525,9.92009486686167
ENSG00000151689.15,20.7435266092912,22.4211355106943,28.1416308588713,33.4803201756581
ENSG00000151690.17,9.50744969592515,14.013209694184,24.3041357417525,9.92009486686167
ENSG00000151693.13,22.9043106310924,39.2369871437151,63.9582519519803,35.9603438923735
ENSG00000151694.17,73.4666567412398,75.6713323485934,131.753999021079,138.881328136063
ENSG00000151702.20,4.75372484796257,2.80264193883679,10.2333203123168,16.1201541586502
ENSG00000151718.18,68.280775088917,82.6779371956853,65.2374169910199,45.8804387592352
ENSG00000151725.14,263.183493855383,264.849663220077,190.595590816901,192.201838045445
ENSG00000151726.18,96.3709673723322,67.263406532083,71.6332421862179,68.2006522096739
ENSG00000151729.13,77.3560679804819,74.270011379175,72.9124072252575,43.4004150425198
ENSG00000151746.17,30.2509763052164,32.2303822966231,31.9791259759901,32.2403083173004
ENSG00000151748.17,38.8941123924211,39.2369871437151,15.3499804684753,18.6001778753656
ENSG00000151779.16,40.622739609862,43.4409500519703,61.3999218739011,80.600770793251
ENSG00000151806.16,123.596846047027,114.908319492308,92.0998828108516,127.721221410844
ENSG00000151835.18,77.7882247848421,130.322850155911,70.3540771471783,81.8407826516087
ENSG00000151849.18,45.3764644578246,39.2369871437151,40.9332812492674,37.2003557507312
ENSG00000151881.17,28.5223490877754,21.0198145412759,46.0499414054258,35.9603438923735
ENSG00000151883.22,30.6831331095766,21.0198145412759,16.6291455075149,22.3202134504387
ENSG00000151892.18,391.534064750372,546.515178073174,159.895629879951,110.361055393836
ENSG00000151893.17,29.8188195008562,42.0396290825519,15.3499804684753,16.1201541586502
ENSG00000151914.23,90.7529289156492,173.763800207881,71.6332421862179,59.52056920117
ENSG00000151929.12,86.4313608720468,112.105677553472,98.4957080060496,128.961233269202
ENSG00000151967.20,47.1050916752655,53.250196837899,16.6291455075149,17.3601660170079
ENSG00000152061.25,21.1756834136515,32.2303822966231,14.0708154294357,14.8801423002925
ENSG00000152078.12,64.3913638496749,88.2832210733589,38.3749511711882,57.0405454844546
ENSG00000152082.17,18.1505857831298,30.8290613272047,21.7458056636733,27.2802608838696
ENSG00000152102.20,247.193692094054,205.994182504504,115.124853513565,172.361648311721
ENSG00000152104.13,189.284680309783,295.678724547281,244.320522456565,259.162478396761
ENSG00000152127.11,16.4219585656889,12.6118887247656,7.67499023423763,13.6401304419348
ENSG00000152133.19,6.91450886976375,4.20396290825519,15.3499804684753,11.1601067252194
ENSG00000152147.13,15.1254881526082,11.2105677553472,29.4207958979109,17.3601660170079
ENSG00000152193.10,81.6776360240842,37.8356661742967,30.6999609369505,38.440367609089
ENSG00000152219.8,66.5521478714761,64.4607645932462,43.4916113273466,63.2406047762431
ENSG00000152223.18,34.5725443488187,42.0396290825519,70.3540771471783,68.2006522096739
ENSG00000152234.18,720.40539286851,674.035386290248,615.27838377805,658.446296787943
ENSG00000152240.15,38.8941123924211,29.4277403577863,34.5374560540694,29.760284600585
ENSG00000152242.13,30.6831331095766,44.8422710213887,35.816621093109,38.440367609089
ENSG00000152253.11,28.5223490877754,44.8422710213887,42.212446288307,33.4803201756581
ENSG00000152256.16,22.9043106310924,19.6184935718575,21.7458056636733,28.5202727422273
ENSG00000152291.17,31.5474467182971,197.586256687994,72.9124072252575,53.3205099093814
ENSG00000152332.18,146.93331348248,114.908319492308,107.449863279327,126.481209552486
ENSG00000152348.18,7.34666567412398,12.6118887247656,15.3499804684753,6.20005929178854
ENSG00000152359.17,38.4619555880608,47.6449129602254,30.6999609369505,31.0002964589427
ENSG00000152377.16,460.246996643649,731.489546036402,1199.85680661915,1223.89170419906
ENSG00000152382.8,114.089396351102,201.790219596249,387.587006829,348.443332198516
ENSG00000152404.18,38.0297987837006,46.2435919908071,52.4457666006238,52.0804980510237
ENSG00000152409.12,5.18588165232281,9.80924678592877,8.95415527327724,13.6401304419348
ENSG00000152413.17,8.21097928284445,15.4145306636024,7.67499023423763,8.68008300850396
ENSG00000152422.18,35.8690147618994,30.8290613272047,29.4207958979109,16.1201541586502
ENSG00000152439.14,9.93960650028538,18.2171726024391,6.39582519519803,16.1201541586502
ENSG00000152443.14,23.3364674354526,16.8158516330207,20.4666406246337,13.6401304419348
ENSG00000152454.5,15.5576449569684,11.2105677553472,12.7916503903961,19.8401897337233
ENSG00000152455.18,33.7082307400983,23.8224564801127,12.7916503903961,24.8002371671542
ENSG00000152457.21,30.6831331095766,46.2435919908071,47.3291064444654,40.9203913258044
ENSG00000152464.17,16.4219585656889,19.6184935718575,7.67499023423763,14.8801423002925
ENSG00000152465.20,130.511354916791,133.125492094748,95.9373779279704,89.280853801755
ENSG00000152484.16,16.4219585656889,21.0198145412759,14.0708154294357,26.0402490255119
ENSG00000152492.17,193.606248353385,215.803429290433,218.737221675773,226.922170079461
ENSG00000152495.13,18.1505857831298,14.013209694184,11.5124853513564,12.4001185835771
ENSG00000152527.16,13.3968609351673,23.8224564801127,3.83749511711882,0
ENSG00000152556.19,151.687038330442,141.533417911258,168.849785153228,140.121339994421
ENSG00000152558.17,943.398303918391,878.628247825334,393.982832024199,437.724186000271
ENSG00000152601.20,491.362286557586,538.107252256664,372.237026360525,389.36372352432
ENSG00000152620.15,12.964704130807,7.00660484709198,15.3499804684753,8.68008300850396
ENSG00000152642.13,32.4117603270176,36.4343452048783,33.2582910150297,23.5602253087965
ENSG00000152661.11,38.4619555880608,70.0660484709198,40.9332812492674,53.3205099093814
ENSG00000152683.16,116.250180372903,78.4739742874302,141.987319333396,121.521162119055
ENSG00000152684.13,54.8839141537497,51.8488758684806,99.7748730450892,125.241197694129
ENSG00000152700.16,209.596050114714,198.987577657412,209.783066402495,177.321695745152
ENSG00000152749.10,33.276073935738,22.4211355106943,55.004096678703,83.0807945099664
ENSG00000152767.19,32.4117603270176,30.8290613272047,12.7916503903961,17.3601660170079
ENSG00000152778.10,66.5521478714761,77.0726533180118,38.3749511711882,37.2003557507312
ENSG00000152784.18,14.2611745438877,18.2171726024391,12.7916503903961,12.4001185835771
ENSG00000152795.20,307.263487900126,312.494576180302,341.537065423575,329.84315432315
ENSG00000152804.13,11.2360769133661,15.4145306636024,11.5124853513564,9.92009486686167
ENSG00000152818.21,28.0901922834152,19.6184935718575,10.2333203123168,9.92009486686167
ENSG00000152894.17,31.5474467182971,29.4277403577863,31.9791259759901,40.9203913258044
ENSG00000152904.13,41.0548964142222,30.8290613272047,25.5833007807921,33.4803201756581
ENSG00000152942.21,3.88941123924211,23.8224564801127,53.7249316396634,65.7206284929585
ENSG00000152944.11,120.571748416505,85.4805791345221,70.3540771471783,59.52056920117
ENSG00000152952.16,737.69166504292,812.766162262669,617.836713856129,508.40486192666
ENSG00000152953.15,49.6980325014269,50.4475548990622,11.5124853513564,14.8801423002925
ENSG00000153006.18,30.2509763052164,44.8422710213887,23.0249707027129,24.8002371671542
ENSG00000153015.18,106.310573872618,127.520208217074,103.612368162208,94.2409012351858
ENSG00000153029.18,9.07529289156492,14.013209694184,8.95415527327724,3.72003557507312
ENSG00000153037.17,78.6525383935626,85.4805791345221,102.333203123168,85.5608182266819
ENSG00000153044.12,28.0901922834152,21.0198145412759,23.0249707027129,37.2003557507312
ENSG00000153046.20,16.4219585656889,15.4145306636024,12.7916503903961,16.1201541586502
ENSG00000153048.13,42.7835236316632,46.2435919908071,15.3499804684753,19.8401897337233
ENSG00000153066.15,51.8588165232281,47.6449129602254,56.2832617177426,60.7605810595277
ENSG00000153071.17,251.083103333296,257.843058372985,179.083105465545,171.121636453364
ENSG00000153107.15,170.269780917932,156.94794857486,140.708154294357,163.681565303217
ENSG00000153130.20,121.868218829586,127.520208217074,107.449863279327,85.5608182266819
ENSG00000153132.15,13.8290177395275,19.6184935718575,26.8624658198317,12.4001185835771
ENSG00000153140.11,20.311369804931,15.4145306636024,21.7458056636733,9.92009486686167
ENSG00000153147.8,293.434470160599,274.658910006005,171.408115231307,179.801719461868
ENSG00000153179.17,15.9898017613287,18.2171726024391,29.4207958979109,19.8401897337233
ENSG00000153187.23,471.050916752655,288.672119700189,150.941474606673,204.601956629022
ENSG00000153201.19,168.541153700491,145.737380819513,111.287358396446,171.121636453364
ENSG00000153207.18,98.5317513941334,88.2832210733589,52.4457666006238,57.0405454844546
ENSG00000153208.21,15.9898017613287,11.2105677553472,19.1874755855941,11.1601067252194
ENSG00000153214.13,49.2658756970667,36.4343452048783,55.004096678703,45.8804387592352
ENSG00000153250.23,17.2862721744094,28.0264193883679,21.7458056636733,12.4001185835771
ENSG00000153310.24,180.641544222578,182.171726024391,131.753999021079,114.081090968909
ENSG00000153317.17,177.184289787696,205.994182504504,194.43308593402,179.801719461868
ENSG00000153339.17,45.8086212621848,40.6383081131335,29.4207958979109,34.7203320340158
ENSG00000153391.18,11.6682337177263,9.80924678592877,15.3499804684753,4.96004743343083
ENSG00000153404.17,13.3968609351673,19.6184935718575,20.4666406246337,3.72003557507312
ENSG00000153406.16,28.9545058921357,21.0198145412759,30.6999609369505,43.4004150425198
ENSG00000153487.15,6.05019526104328,18.2171726024391,3.83749511711882,2.48002371671542
ENSG00000153551.16,14.2611745438877,15.4145306636024,46.0499414054258,19.8401897337233
ENSG00000153558.19,21.1756834136515,29.4277403577863,23.0249707027129,17.3601660170079
ENSG00000153560.14,21.6078402180117,29.4277403577863,12.7916503903961,23.5602253087965
ENSG00000153561.15,41.0548964142222,68.6647275015014,81.8665624985348,69.4406640680317
ENSG00000153574.11,43.2156804360234,44.8422710213887,30.6999609369505,33.4803201756581
ENSG00000153707.21,8.21097928284445,12.6118887247656,15.3499804684753,6.20005929178854
ENSG00000153714.7,6.05019526104328,9.80924678592877,39.6541162102278,57.0405454844546
ENSG00000153767.12,43.6478372403836,42.0396290825519,19.1874755855941,24.8002371671542
ENSG00000153774.11,42.3513668273029,47.6449129602254,57.5624267567823,39.6803794674467
ENSG00000153786.15,39.7584260011415,60.256801684991,24.3041357417525,28.5202727422273
ENSG00000153814.15,33.276073935738,29.4277403577863,14.0708154294357,3.72003557507312
ENSG00000153823.21,14.2611745438877,14.013209694184,17.9083105465545,7.44007115014625
ENSG00000153827.17,240.71134002865,246.632490617638,230.249707027129,229.402193796176
ENSG00000153879.11,65.2556774583953,60.256801684991,104.891533201248,127.721221410844
ENSG00000153896.20,18.5827425874901,30.8290613272047,34.5374560540694,31.0002964589427
ENSG00000153904.22,182.802328244379,124.717566278237,43.4916113273466,44.6404269008775
ENSG00000153914.18,140.018804612716,134.526813064166,112.566523435485,112.841079110551
ENSG00000153922.14,48.4015620883462,42.0396290825519,23.0249707027129,28.5202727422273
ENSG00000153933.12,11.2360769133661,4.20396290825519,14.0708154294357,17.3601660170079
ENSG00000153936.19,68.7129318932772,61.6581226544094,34.5374560540694,24.8002371671542
ENSG00000153956.19,20.311369804931,14.013209694184,7.67499023423763,8.68008300850396
ENSG00000153989.10,31.9796035226573,25.2237774495311,25.5833007807921,38.440367609089
ENSG00000154001.16,90.3207721112889,74.270011379175,51.1666015615842,54.5605217677392
ENSG00000154027.20,3.88941123924211,7.00660484709198,19.1874755855941,19.8401897337233
ENSG00000154059.13,44.0799940447439,35.0330242354599,51.1666015615842,50.840486192666
ENSG00000154096.16,946.423401548913,1029.97091252252,379.912016594763,370.763545648955
ENSG00000154114.15,25.929408261614,12.6118887247656,10.2333203123168,22.3202134504387
ENSG00000154122.16,8.21097928284445,14.013209694184,6.39582519519803,7.44007115014625
ENSG00000154124.9,27.2258786746947,33.6317032660415,30.6999609369505,37.2003557507312
ENSG00000154127.11,324.981916878896,273.257589036587,344.095395501654,307.522940872712
ENSG00000154134.16,19.0148993918503,19.6184935718575,57.5624267567823,49.6004743343083
ENSG00000154144.15,333.625052966101,619.383868482931,1497.90226071538,1120.97071995537
ENSG00000154174.10,121.436062025226,100.895109798124,93.3790478498912,97.9609368102589
ENSG00000154175.21,16.8541153700491,21.0198145412759,51.1666015615842,53.3205099093814
ENSG00000154222.17,26.7937218703345,19.6184935718575,28.1416308588713,23.5602253087965
ENSG00000154229.14,37.1654851749801,43.4409500519703,26.8624658198317,31.0002964589427
ENSG00000154265.18,18.1505857831298,26.6250984189495,15.3499804684753,8.68008300850396
ENSG00000154277.15,194.038405157745,218.60607122927,480.966054678892,359.603438923735
ENSG00000154305.20,97.2352809810527,85.4805791345221,90.820717771812,128.961233269202
ENSG00000154328.18,9.93960650028538,16.8158516330207,2.55833007807921,2.48002371671542
ENSG00000154370.18,36.7333283706199,22.4211355106943,26.8624658198317,18.6001778753656
ENSG00000154380.21,22.4721538267322,29.4277403577863,10.2333203123168,16.1201541586502
ENSG00000154447.17,224.289381462961,248.033811587056,221.295551753852,255.442442821688
ENSG00000154473.20,571.311295364229,596.962732972236,758.544868150486,606.365798736919
ENSG00000154479.14,10.8039201090059,23.8224564801127,3.83749511711882,7.44007115014625
ENSG00000154511.14,117.978807590344,134.526813064166,147.103979489555,104.160996102047
ENSG00000154518.12,106.742730676978,85.4805791345221,93.3790478498912,83.0807945099664
ENSG00000154529.17,6.48235206540351,11.2105677553472,2.55833007807921,13.6401304419348
ENSG00000154545.19,98.0995945897731,0,2.55833007807921,54.5605217677392
ENSG00000154582.20,125.325473264468,102.296430767543,106.170698240287,57.0405454844546
ENSG00000154639.21,19.8792130005708,19.6184935718575,15.3499804684753,8.68008300850396
ENSG00000154640.17,117.546650785984,105.09907270638,150.941474606673,135.16129256099
ENSG00000154642.13,41.4870532185825,19.6184935718575,19.1874755855941,34.7203320340158
ENSG00000154678.20,93.3458697418106,112.105677553472,75.4707373033367,58.2805573428123
ENSG00000154710.20,214.781931767036,242.428527709382,231.528872066169,220.722110787672
ENSG00000154719.16,55.31607095811,46.2435919908071,57.5624267567823,49.6004743343083
ENSG00000154723.15,111.06429872058,102.296430767543,121.520678708763,119.04113840234
ENSG00000154727.13,85.5670472633263,72.8686904097566,60.1207568348615,66.9606403513162
ENSG00000154734.18,1699.24055474444,1744.6446069259,1989.10163570659,2209.70113159344
ENSG00000154736.8,34.1403875444585,46.2435919908071,19.1874755855941,38.440367609089
ENSG00000154743.21,27.2258786746947,43.4409500519703,38.3749511711882,43.4004150425198
ENSG00000154760.16,87.7278312851275,89.6845420427773,58.8415917958219,69.4406640680317
ENSG00000154767.18,115.385866764182,120.513603369982,103.612368162208,86.8008300850396
ENSG00000154781.18,32.4117603270176,26.6250984189495,28.1416308588713,34.7203320340158
ENSG00000154803.15,30.2509763052164,32.2303822966231,55.004096678703,60.7605810595277
ENSG00000154813.12,87.2956744807673,68.6647275015014,74.1915722642971,78.1207470765356
ENSG00000154814.16,50.1301893057872,81.2766162262669,86.9832226546932,110.361055393836
ENSG00000154832.18,38.0297987837006,28.0264193883679,34.5374560540694,55.8005336260969
ENSG00000154839.12,28.0901922834152,28.0264193883679,26.8624658198317,38.440367609089
ENSG00000154845.18,119.707434807785,142.934738880676,79.3082324204556,85.5608182266819
ENSG00000154864.15,16.4219585656889,19.6184935718575,1.27916503903961,3.72003557507312
ENSG00000154889.19,10.3717633046456,9.80924678592877,16.6291455075149,13.6401304419348
ENSG00000154917.13,15.1254881526082,8.40792581651037,14.0708154294357,7.44007115014625
ENSG00000154920.17,73.8988135456,68.6647275015014,95.9373779279704,73.1606996431048
ENSG00000154945.9,36.7333283706199,37.8356661742967,17.9083105465545,39.6803794674467
ENSG00000154957.15,16.4219585656889,25.2237774495311,16.6291455075149,14.8801423002925
ENSG00000154978.15,217.807029397558,162.553232452534,80.5873974594952,84.3208063683242
ENSG00000155016.20,13.8290177395275,8.40792581651037,6.39582519519803,13.6401304419348
ENSG00000155085.17,10.8039201090059,11.2105677553472,21.7458056636733,27.2802608838696
ENSG00000155090.17,143.476059047598,130.322850155911,118.962348630683,112.841079110551
ENSG00000155093.21,6.91450886976375,4.20396290825519,11.5124853513564,14.8801423002925
ENSG00000155096.16,436.046215599476,375.55401980413,161.17479491899,194.68186176216
ENSG00000155097.14,230.771733528365,193.382293779739,205.945571285377,223.202134504387
ENSG00000155099.10,21.1756834136515,29.4277403577863,23.0249707027129,17.3601660170079
ENSG00000155100.13,66.9843046758363,57.4541597461542,60.1207568348615,42.1604031841621
ENSG00000155115.9,51.4266597188679,58.8554807155726,65.2374169910199,39.6803794674467
ENSG00000155189.14,65.6878342627556,88.2832210733589,88.2623876937328,81.8407826516087
ENSG00000155229.23,211.324677332154,201.790219596249,235.366367183287,296.362834147492
ENSG00000155252.16,20.7435266092912,29.4277403577863,23.0249707027129,23.5602253087965
ENSG00000155254.14,15.1254881526082,11.2105677553472,20.4666406246337,13.6401304419348
ENSG00000155256.20,66.5521478714761,65.8620855626646,61.3999218739011,71.9206877847471
ENSG00000155304.8,284.791334073394,231.217959954035,400.378657219397,451.364316442206
ENSG00000155313.18,9.50744969592515,9.80924678592877,5.11666015615842,16.1201541586502
ENSG00000155324.12,112.360769133661,121.9149243394,88.2623876937328,86.8008300850396
ENSG00000155329.14,64.3913638496749,51.8488758684806,28.1416308588713,32.2403083173004
ENSG00000155330.11,24.2007810441731,16.8158516330207,16.6291455075149,11.1601067252194
ENSG00000155363.21,210.892520527794,217.204750259851,198.270581051139,171.121636453364
ENSG00000155366.19,187.123896287981,170.961158269044,162.45395995803,153.761470436356
ENSG00000155368.20,116.250180372903,124.717566278237,90.820717771812,59.52056920117
ENSG00000155380.15,147.36547028684,119.112282400564,144.545649411475,131.441256985917
ENSG00000155393.16,19.0148993918503,16.8158516330207,14.0708154294357,11.1601067252194
ENSG00000155438.14,117.546650785984,134.526813064166,156.058134762832,128.961233269202
ENSG00000155463.16,140.018804612716,154.145306636024,262.228833003119,238.08227680468
ENSG00000155506.21,62.2305798278737,79.8752952568485,70.3540771471783,90.5208656601127
ENSG00000155508.16,180.641544222578,159.750590513697,141.987319333396,136.401304419348
ENSG00000155542.14,14.693331348248,14.013209694184,26.8624658198317,7.44007115014625
ENSG00000155545.22,79.5168520022831,92.4871839816141,76.7499023423763,78.1207470765356
ENSG00000155561.17,251.515260137656,217.204750259851,144.545649411475,189.721814328729
ENSG00000155621.17,15.1254881526082,19.6184935718575,15.3499804684753,9.92009486686167
ENSG00000155636.18,17.7184289787696,16.8158516330207,29.4207958979109,22.3202134504387
ENSG00000155657.30,18.5827425874901,16.8158516330207,16.6291455075149,9.92009486686167
ENSG00000155660.13,575.632863407832,472.245166693999,903.090517561962,890.328514300834
ENSG00000155729.15,12.964704130807,12.6118887247656,28.1416308588713,33.4803201756581
ENSG00000155744.12,10.8039201090059,11.2105677553472,10.2333203123168,18.6001778753656
ENSG00000155755.21,142.179588634517,120.513603369982,97.21654296701,104.160996102047
ENSG00000155760.3,12.5325473264468,18.2171726024391,6.39582519519803,8.68008300850396
ENSG00000155792.12,40.1905828055018,37.8356661742967,30.6999609369505,11.1601067252194
ENSG00000155816.22,25.0650946528936,32.2303822966231,7.67499023423763,12.4001185835771
ENSG00000155827.14,95.0744969592515,113.50699852289,79.3082324204556,117.801126543982
ENSG00000155850.11,30.6831331095766,23.8224564801127,26.8624658198317,29.760284600585
ENSG00000155868.10,30.6831331095766,22.4211355106943,17.9083105465545,12.4001185835771
ENSG00000155876.6,167.676840091771,170.961158269044,120.241513669723,135.16129256099
ENSG00000155893.15,55.31607095811,74.270011379175,84.424892576614,89.280853801755
ENSG00000155903.16,95.0744969592515,109.303035614635,158.616464840911,143.841375569494
ENSG00000155906.22,47.5372484796257,65.8620855626646,49.8874365225446,47.1204506175929
ENSG00000155957.20,40.622739609862,47.6449129602254,52.4457666006238,49.6004743343083
ENSG00000155959.14,176.752132983336,159.750590513697,147.103979489555,100.440960526974
ENSG00000155975.12,128.78272769935,144.336059850095,253.274677729842,235.602253087965
ENSG00000155980.15,24.6329378485333,42.0396290825519,29.4207958979109,43.4004150425198
ENSG00000156011.20,57.0446981755509,102.296430767543,112.566523435485,52.0804980510237
ENSG00000156017.15,20.311369804931,14.013209694184,8.95415527327724,12.4001185835771
ENSG00000156026.17,245.465064876613,329.310427813323,243.041357417525,171.121636453364
ENSG00000156050.11,26.3615650659743,28.0264193883679,24.3041357417525,33.4803201756581
ENSG00000156052.13,29.3866626964959,28.0264193883679,14.0708154294357,19.8401897337233
ENSG00000156110.17,254.972514572538,241.027206739964,249.437182612723,195.921873620518
ENSG00000156113.26,16.4219585656889,22.4211355106943,53.7249316396634,40.9203913258044
ENSG00000156136.12,158.169390395846,152.743985666605,107.449863279327,119.04113840234
ENSG00000156140.12,14.2611745438877,22.4211355106943,5.11666015615842,4.96004743343083
ENSG00000156162.18,88.1599880894878,68.6647275015014,48.608271483505,64.4806166346008
ENSG00000156170.16,24.2007810441731,29.4277403577863,39.6541162102278,31.0002964589427
ENSG00000156171.17,35.8690147618994,35.0330242354599,29.4207958979109,27.2802608838696
ENSG00000156239.14,45.8086212621848,43.4409500519703,30.6999609369505,24.8002371671542
ENSG00000156253.9,21.1756834136515,11.2105677553472,19.1874755855941,23.5602253087965
ENSG00000156256.17,102.421162633375,44.8422710213887,133.033164060119,111.601067252194
ENSG00000156261.15,1270.54100481909,1188.3201820668,1065.54447751999,1031.68986615361
ENSG00000156265.19,409.252493729142,350.330242354599,208.503901363456,174.841672028437
ENSG00000156273.18,137.425863786554,121.9149243394,94.6582128889308,125.241197694129
ENSG00000156299.17,46.6729348709053,89.6845420427773,40.9332812492674,43.4004150425198
ENSG00000156304.17,121.436062025226,114.908319492308,101.054038084129,109.121043535478
ENSG00000156313.16,15.9898017613287,11.2105677553472,16.6291455075149,26.0402490255119
ENSG00000156345.20,22.4721538267322,16.8158516330207,56.2832617177426,31.0002964589427
ENSG00000156374.18,48.4015620883462,44.8422710213887,43.4916113273466,40.9203913258044
ENSG00000156384.16,19.8792130005708,22.4211355106943,17.9083105465545,8.68008300850396
ENSG00000156398.15,94.6423401548913,65.8620855626646,86.9832226546932,73.1606996431048
ENSG00000156411.12,76.9239111761217,71.4673694403382,88.2623876937328,40.9203913258044
ENSG00000156463.20,25.0650946528936,21.0198145412759,19.1874755855941,16.1201541586502
ENSG00000156466.12,15.9898017613287,26.6250984189495,7.67499023423763,3.72003557507312
ENSG00000156467.12,79.9490088066433,64.4607645932462,80.5873974594952,47.1204506175929
ENSG00000156469.11,22.9043106310924,26.6250984189495,29.4207958979109,38.440367609089
ENSG00000156471.15,420.920727446868,353.132884293436,360.724541009169,327.363130606435
ENSG00000156482.13,128.78272769935,114.908319492308,148.383144528594,120.281150260698
ENSG00000156500.18,5.61803845668304,5.60528387767358,12.7916503903961,11.1601067252194
ENSG00000156502.16,93.7780265461708,86.8819001039405,65.2374169910199,89.280853801755
ENSG00000156504.19,26.3615650659743,26.6250984189495,15.3499804684753,19.8401897337233
ENSG00000156508.22,5790.03686481842,5259.15759822724,6429.08348621306,6965.14660839525
ENSG00000156510.15,14.693331348248,16.8158516330207,55.004096678703,63.2406047762431
ENSG00000156515.27,291.273686138798,239.625885770546,182.920600582664,269.082573263623
ENSG00000156521.16,5.61803845668304,8.40792581651037,8.95415527327724,13.6401304419348
ENSG00000156531.20,195.767032375186,116.309640461727,139.428989255317,140.121339994421
ENSG00000156535.16,6.48235206540351,12.6118887247656,11.5124853513564,13.6401304419348
ENSG00000156587.17,33.7082307400983,42.0396290825519,52.4457666006238,45.8804387592352
ENSG00000156599.14,665.521478714761,376.955340773548,571.786772450704,556.765324402611
ENSG00000156603.22,19.4470561962105,23.8224564801127,37.0957861321486,32.2403083173004
ENSG00000156639.14,60.5019526104328,107.901714645216,107.449863279327,105.401007960405
ENSG00000156642.19,43.2156804360234,22.4211355106943,42.212446288307,34.7203320340158
ENSG00000156650.16,11.6682337177263,26.6250984189495,16.6291455075149,2.48002371671542
ENSG00000156671.17,75.627440763041,63.0594436238278,65.2374169910199,48.3604624759506
ENSG00000156675.18,50.9945029145076,51.8488758684806,10.2333203123168,18.6001778753656
ENSG00000156697.15,80.8133224153638,65.8620855626646,85.7040576156536,88.0408419433973
ENSG00000156709.17,112.792925938021,109.303035614635,115.124853513565,119.04113840234
ENSG00000156711.19,5.18588165232281,5.60528387767358,15.3499804684753,9.92009486686167
ENSG00000156735.13,32.8439171313778,25.2237774495311,19.1874755855941,22.3202134504387
ENSG00000156787.19,41.9192100229427,42.0396290825519,31.9791259759901,39.6803794674467
ENSG00000156795.10,50.1301893057872,72.8686904097566,103.612368162208,95.4809130935435
ENSG00000156802.15,566.557570516267,468.041203785744,299.324619135268,323.643095031362
ENSG00000156804.9,2.16078402180117,4.20396290825519,25.5833007807921,14.8801423002925
ENSG00000156831.11,27.2258786746947,30.8290613272047,49.8874365225446,38.440367609089
ENSG00000156853.15,36.7333283706199,16.8158516330207,16.6291455075149,21.080201592081
ENSG00000156860.17,9.07529289156492,14.013209694184,17.9083105465545,26.0402490255119
ENSG00000156873.18,69.1450886976374,72.8686904097566,65.2374169910199,84.3208063683242
ENSG00000156875.16,171.134094526653,149.941343727768,108.729028318366,90.5208656601127
ENSG00000156876.11,35.8690147618994,37.8356661742967,31.9791259759901,35.9603438923735
ENSG00000156928.7,11.6682337177263,7.00660484709198,11.5124853513564,13.6401304419348
ENSG00000156931.19,47.5372484796257,75.6713323485934,65.2374169910199,44.6404269008775
ENSG00000156958.17,42.3513668273029,39.2369871437151,48.608271483505,71.9206877847471
ENSG00000156970.15,285.655647682115,270.45494709775,199.549746090178,179.801719461868
ENSG00000156973.16,32.8439171313778,36.4343452048783,92.0998828108516,55.8005336260969
ENSG00000156976.19,457.654055817488,406.383081131335,534.690986318555,502.204802634872
ENSG00000156983.19,25.4972514572538,16.8158516330207,12.7916503903961,17.3601660170079
ENSG00000156990.16,43.2156804360234,57.4541597461542,97.21654296701,111.601067252194
ENSG00000157014.12,8.21097928284445,4.20396290825519,10.2333203123168,12.4001185835771
ENSG00000157020.20,271.394473138227,299.882687455537,542.365976552793,445.164257150417
ENSG00000157036.15,34.1403875444585,33.6317032660415,23.0249707027129,24.8002371671542
ENSG00000157045.10,10.3717633046456,2.80264193883679,20.4666406246337,40.9203913258044
ENSG00000157077.18,10.3717633046456,14.013209694184,5.11666015615842,6.20005929178854
ENSG00000157106.20,49.2658756970667,40.6383081131335,37.0957861321486,43.4004150425198
ENSG00000157107.16,59.2054821973521,33.6317032660415,39.6541162102278,31.0002964589427
ENSG00000157110.18,79.0846951979228,134.526813064166,150.941474606673,91.7608775184704
ENSG00000157111.15,28.5223490877754,28.0264193883679,16.6291455075149,17.3601660170079
ENSG00000157168.23,76.0595975674012,65.8620855626646,79.3082324204556,107.881031677121
ENSG00000157181.18,41.0548964142222,37.8356661742967,48.608271483505,79.3607589348933
ENSG00000157184.9,19.8792130005708,7.00660484709198,14.0708154294357,18.6001778753656
ENSG00000157191.22,129.21488450371,126.118887247656,98.4957080060496,81.8407826516087
ENSG00000157193.20,9.07529289156492,19.6184935718575,20.4666406246337,7.44007115014625
ENSG00000157212.22,24.2007810441731,19.6184935718575,19.1874755855941,23.5602253087965
ENSG00000157224.18,71.3058727194386,74.270011379175,104.891533201248,142.601363711136
ENSG00000157227.16,9.93960650028538,21.0198145412759,29.4207958979109,33.4803201756581
ENSG00000157259.9,20.7435266092912,28.0264193883679,14.0708154294357,22.3202134504387
ENSG00000157349.19,67.8486182845567,51.8488758684806,67.7957470690991,74.4007115014625
ENSG00000157350.15,41.4870532185825,46.2435919908071,33.2582910150297,24.8002371671542
ENSG00000157379.16,25.4972514572538,32.2303822966231,39.6541162102278,33.4803201756581
ENSG00000157404.19,162.923115243808,148.54002275835,46.0499414054258,45.8804387592352
ENSG00000157426.16,36.3011715662597,37.8356661742967,72.9124072252575,58.2805573428123
ENSG00000157450.18,166.38036967869,225.612676076362,222.574716792891,195.921873620518
ENSG00000157456.10,460.67915344801,441.416105366795,282.695473627753,249.242383529899
ENSG00000157470.14,9.93960650028538,15.4145306636024,12.7916503903961,8.68008300850396
ENSG00000157483.11,278.741138812351,283.066835822516,166.291455075149,162.44155344486
ENSG00000157500.14,111.49645552494,113.50699852289,53.7249316396634,70.6806759263894
ENSG00000157510.16,159.033704004566,133.125492094748,84.424892576614,91.7608775184704
ENSG00000157514.20,39.7584260011415,46.2435919908071,31.9791259759901,38.440367609089
ENSG00000157538.16,115.818023568543,99.4937888287061,95.9373779279704,91.7608775184704
ENSG00000157540.24,11.2360769133661,23.8224564801127,15.3499804684753,6.20005929178854
ENSG00000157542.13,11.2360769133661,14.013209694184,5.11666015615842,6.20005929178854
ENSG00000157557.15,34.5725443488187,18.2171726024391,30.6999609369505,45.8804387592352
ENSG00000157593.21,315.906623987331,305.48797133321,400.378657219397,373.24356936567
ENSG00000157600.15,57.9090117842714,99.4937888287061,113.845688474525,93.0008893768281
ENSG00000157601.17,12.5325473264468,23.8224564801127,7.67499023423763,3.72003557507312
ENSG00000157613.13,103.717633046456,149.941343727768,92.0998828108516,68.2006522096739
ENSG00000157617.19,6.05019526104328,4.20396290825519,14.0708154294357,4.96004743343083
ENSG00000157625.18,12.1003905220866,12.6118887247656,12.7916503903961,16.1201541586502
ENSG00000157637.15,98.5317513941334,84.0792581651037,63.9582519519803,73.1606996431048
ENSG00000157654.21,420.488570642508,351.731563324017,417.007802726911,541.885182102318
ENSG00000157693.17,8.64313608720468,16.8158516330207,15.3499804684753,7.44007115014625
ENSG00000157741.17,24.6329378485333,36.4343452048783,46.0499414054258,45.8804387592352
ENSG00000157764.16,12.1003905220866,23.8224564801127,6.39582519519803,16.1201541586502
ENSG00000157778.11,7.34666567412398,12.6118887247656,16.6291455075149,12.4001185835771
ENSG00000157796.20,85.1348904589661,100.895109798124,241.762192378485,172.361648311721
ENSG00000157800.20,204.410168462391,205.994182504504,102.333203123168,148.801423002925
ENSG00000157823.19,112.360769133661,144.336059850095,117.683183591644,115.321102827267
ENSG00000157837.18,9.50744969592515,11.2105677553472,8.95415527327724,18.6001778753656
ENSG00000157869.18,27.2258786746947,25.2237774495311,30.6999609369505,28.5202727422273
ENSG00000157870.19,44.9443076534643,2.80264193883679,40.9332812492674,47.1204506175929
ENSG00000157881.18,59.6376390017123,78.4739742874302,37.0957861321486,43.4004150425198
ENSG00000157895.13,72.1701863281591,67.263406532083,40.9332812492674,50.840486192666
ENSG00000157911.13,38.0297987837006,63.0594436238278,29.4207958979109,35.9603438923735
ENSG00000157916.22,195.334875570826,123.316245308819,152.220639645713,143.841375569494
ENSG00000157933.13,5.18588165232281,11.2105677553472,12.7916503903961,12.4001185835771
ENSG00000157954.17,35.8690147618994,22.4211355106943,38.3749511711882,26.0402490255119
ENSG00000157978.15,42.3513668273029,47.6449129602254,29.4207958979109,32.2403083173004
ENSG00000157985.21,6.91450886976375,4.20396290825519,12.7916503903961,12.4001185835771
ENSG00000158006.16,25.0650946528936,32.2303822966231,24.3041357417525,39.6803794674467
ENSG00000158019.23,79.5168520022831,70.0660484709198,101.054038084129,76.8807352181779
ENSG00000158023.12,88.592144893848,154.145306636024,213.620561519614,193.441849903802
ENSG00000158042.11,49.2658756970667,46.2435919908071,75.4707373033367,63.2406047762431
ENSG00000158062.23,28.0901922834152,35.0330242354599,62.6790869129407,38.440367609089
ENSG00000158079.17,12.5325473264468,12.6118887247656,19.1874755855941,42.1604031841621
ENSG00000158089.17,82.9741064371649,56.0528387767358,42.212446288307,47.1204506175929
ENSG00000158092.9,56.1803845668304,42.0396290825519,49.8874365225446,63.2406047762431
ENSG00000158106.17,6.48235206540351,11.2105677553472,5.11666015615842,13.6401304419348
ENSG00000158161.18,64.8235206540351,91.0858630121957,101.054038084129,71.9206877847471
ENSG00000158163.17,22.4721538267322,16.8158516330207,15.3499804684753,12.4001185835771
ENSG00000158169.16,76.4917543717614,82.6779371956853,65.2374169910199,65.7206284929585
ENSG00000158195.13,156.008606374044,184.974367963228,152.220639645713,167.401600878291
ENSG00000158201.12,38.4619555880608,40.6383081131335,34.5374560540694,52.0804980510237
ENSG00000158246.9,64.8235206540351,70.0660484709198,12.7916503903961,29.760284600585
ENSG00000158258.16,24.6329378485333,35.0330242354599,2.55833007807921,6.20005929178854
ENSG00000158290.21,408.388180120421,372.751377865293,230.249707027129,190.961826187087
ENSG00000158301.22,54.4517573493895,26.6250984189495,26.8624658198317,28.5202727422273
ENSG00000158373.11,11.6682337177263,8.40792581651037,8.95415527327724,13.6401304419348
ENSG00000158402.23,99.8282218072141,72.8686904097566,70.3540771471783,49.6004743343083
ENSG00000158406.6,68.7129318932772,105.09907270638,203.387241207297,155.001482294714
ENSG00000158411.12,14.693331348248,11.2105677553472,17.9083105465545,12.4001185835771
ENSG00000158417.14,153.415665547883,182.171726024391,86.9832226546932,111.601067252194
ENSG00000158435.10,64.3913638496749,50.4475548990622,55.004096678703,57.0405454844546
ENSG00000158470.7,30.6831331095766,14.013209694184,42.212446288307,47.1204506175929
ENSG00000158480.13,28.5223490877754,30.8290613272047,15.3499804684753,29.760284600585
ENSG00000158526.10,108.903514698779,98.0924678592877,104.891533201248,88.0408419433973
ENSG00000158545.18,69.1450886976374,51.8488758684806,38.3749511711882,52.0804980510237
ENSG00000158552.15,25.0650946528936,25.2237774495311,60.1207568348615,42.1604031841621
ENSG00000158555.17,5.18588165232281,14.013209694184,12.7916503903961,12.4001185835771
ENSG00000158571.13,5.18588165232281,14.013209694184,0,1.24001185835771
ENSG00000158604.18,41.9192100229427,47.6449129602254,53.7249316396634,39.6803794674467
ENSG00000158615.10,47.1050916752655,46.2435919908071,30.6999609369505,35.9603438923735
ENSG00000158623.15,21.1756834136515,19.6184935718575,21.7458056636733,17.3601660170079
ENSG00000158636.19,82.5419496328047,130.322850155911,112.566523435485,84.3208063683242
ENSG00000158669.13,229.475263115284,214.402108321015,168.849785153228,230.642205654534
ENSG00000158691.18,25.0650946528936,26.6250984189495,19.1874755855941,29.760284600585
ENSG00000158710.17,955.066537636117,1105.64224487111,851.923916000377,683.246533955097
ENSG00000158711.16,6.91450886976375,5.60528387767358,11.5124853513564,12.4001185835771
ENSG00000158716.11,6.48235206540351,14.013209694184,8.95415527327724,7.44007115014625
ENSG00000158717.13,8.64313608720468,7.00660484709198,8.95415527327724,12.4001185835771
ENSG00000158769.21,54.0196005450293,79.8752952568485,49.8874365225446,45.8804387592352
ENSG00000158792.18,6.05019526104328,8.40792581651037,12.7916503903961,4.96004743343083
ENSG00000158793.16,31.1152899139369,28.0264193883679,44.7707763663862,38.440367609089
ENSG00000158796.19,112.360769133661,177.967763116136,205.945571285377,179.801719461868
ENSG00000158805.14,4.75372484796257,7.00660484709198,26.8624658198317,21.080201592081
ENSG00000158828.10,21.1756834136515,29.4277403577863,31.9791259759901,26.0402490255119
ENSG00000158850.17,117.114493981623,116.309640461727,130.47483398204,151.28144671964
ENSG00000158863.24,44.0799940447439,54.6515178073174,55.004096678703,64.4806166346008
ENSG00000158864.15,181.938014635659,200.388898626831,208.503901363456,199.641909195591
ENSG00000158882.17,16.8541153700491,15.4145306636024,7.67499023423763,9.92009486686167
ENSG00000158941.19,77.3560679804819,84.0792581651037,78.0290673814159,66.9606403513162
ENSG00000158985.16,65.6878342627556,82.6779371956853,52.4457666006238,53.3205099093814
ENSG00000158987.24,238.118399202489,266.250984189495,254.553842768882,172.361648311721
ENSG00000159023.25,19.8792130005708,25.2237774495311,15.3499804684753,31.0002964589427
ENSG00000159055.6,25.0650946528936,18.2171726024391,24.3041357417525,27.2802608838696
ENSG00000159063.16,126.189786873188,144.336059850095,165.012290036109,147.561411144567
ENSG00000159069.16,87.2956744807673,65.8620855626646,95.9373779279704,100.440960526974
ENSG00000159079.21,85.1348904589661,88.2832210733589,120.241513669723,133.921280702632
ENSG00000159082.20,49.6980325014269,25.2237774495311,24.3041357417525,18.6001778753656
ENSG00000159110.24,39.3262691967813,29.4277403577863,29.4207958979109,18.6001778753656
ENSG00000159111.15,84.2705768502456,70.0660484709198,127.916503903961,116.561114685625
ENSG00000159128.18,9.93960650028538,30.8290613272047,33.2582910150297,0
ENSG00000159131.19,604.155212495607,608.173300727584,574.345102528783,575.365502277977
ENSG00000159140.24,85.1348904589661,91.0858630121957,93.3790478498912,95.4809130935435
ENSG00000159147.20,74.7631271543205,89.6845420427773,43.4916113273466,35.9603438923735
ENSG00000159164.12,33.7082307400983,30.8290613272047,17.9083105465545,14.8801423002925
ENSG00000159176.16,216.510558984477,151.342664697187,157.337299801871,208.321992204095
ENSG00000159199.16,64.3913638496749,68.6647275015014,83.1457275375744,44.6404269008775
ENSG00000159200.19,89.0243016982082,70.0660484709198,193.15392089498,225.682158221103
ENSG00000159202.20,110.19998511186,112.105677553472,83.1457275375744,97.9609368102589
ENSG00000159210.12,95.5066537636117,74.270011379175,69.0749121081387,88.0408419433973
ENSG00000159216.22,18.5827425874901,36.4343452048783,35.816621093109,29.760284600585
ENSG00000159217.12,65.2556774583953,53.250196837899,56.2832617177426,48.3604624759506
ENSG00000159228.14,149.958411113001,140.13209694184,184.199765621703,158.721517869787
ENSG00000159231.8,22.9043106310924,18.2171726024391,7.67499023423763,2.48002371671542
ENSG00000159251.12,15.9898017613287,15.4145306636024,1.27916503903961,1.24001185835771
ENSG00000159256.14,128.78272769935,124.717566278237,86.9832226546932,101.680972385332
ENSG00000159259.10,155.144292765324,140.13209694184,103.612368162208,116.561114685625
ENSG00000159263.17,31.9796035226573,57.4541597461542,37.0957861321486,31.0002964589427
ENSG00000159267.19,34.1403875444585,40.6383081131335,29.4207958979109,42.1604031841621
ENSG00000159322.20,189.284680309783,166.757195360789,175.245610348426,181.041731320225
ENSG00000159335.20,10.3717633046456,21.0198145412759,23.0249707027129,11.1601067252194
ENSG00000159346.15,345.293286683827,372.751377865293,363.282871087248,363.323474498808
ENSG00000159348.15,63.5270502409544,46.2435919908071,76.7499023423763,78.1207470765356
ENSG00000159352.18,194.038405157745,201.790219596249,232.808037105208,212.042027779168
ENSG00000159363.20,6.05019526104328,15.4145306636024,10.2333203123168,4.96004743343083
ENSG00000159377.13,36.7333283706199,30.8290613272047,37.0957861321486,45.8804387592352
ENSG00000159388.7,12.1003905220866,11.2105677553472,14.0708154294357,14.8801423002925
ENSG00000159399.12,33.276073935738,29.4277403577863,34.5374560540694,16.1201541586502
ENSG00000159423.19,66.9843046758363,70.0660484709198,34.5374560540694,32.2403083173004
ENSG00000159433.13,16.8541153700491,33.6317032660415,42.212446288307,22.3202134504387
ENSG00000159445.15,9.50744969592515,12.6118887247656,17.9083105465545,23.5602253087965
ENSG00000159459.14,79.5168520022831,56.0528387767358,39.6541162102278,63.2406047762431
ENSG00000159461.17,9.93960650028538,21.0198145412759,16.6291455075149,16.1201541586502
ENSG00000159479.19,98.0995945897731,110.704356584053,153.499804684753,158.721517869787
ENSG00000159579.16,98.9639081984936,60.256801684991,63.9582519519803,65.7206284929585
ENSG00000159592.13,42.3513668273029,19.6184935718575,38.3749511711882,52.0804980510237
ENSG00000159593.17,163.787428852529,145.737380819513,161.17479491899,168.641612736648
ENSG00000159596.9,53.587443740669,28.0264193883679,58.8415917958219,34.7203320340158
ENSG00000159658.16,202.68154124495,210.198145412759,124.079008786842,193.441849903802
ENSG00000159692.20,13.8290177395275,8.40792581651037,33.2582910150297,49.6004743343083
ENSG00000159720.15,178.048603396416,154.145306636024,176.524775387466,182.281743178583
ENSG00000159788.22,12.964704130807,12.6118887247656,12.7916503903961,6.20005929178854
ENSG00000159792.11,25.929408261614,35.0330242354599,42.212446288307,37.2003557507312
ENSG00000159840.18,2217.39656317236,3548.14469456738,1652.68123043917,1505.37439604626
ENSG00000159873.12,66.9843046758363,58.8554807155726,31.9791259759901,29.760284600585
ENSG00000159882.15,15.5576449569684,12.6118887247656,6.39582519519803,16.1201541586502
ENSG00000159884.13,9.50744969592515,8.40792581651037,28.1416308588713,17.3601660170079
ENSG00000159899.18,5.61803845668304,4.20396290825519,16.6291455075149,7.44007115014625
ENSG00000159921.22,86.4313608720468,68.6647275015014,62.6790869129407,58.2805573428123
ENSG00000160007.22,211.756834136515,262.04702128124,182.920600582664,183.521755036941
ENSG00000160014.19,290.409372530077,369.948735926456,262.228833003119,219.482098929314
ENSG00000160049.14,167.676840091771,161.151911483115,212.341396480575,167.401600878291
ENSG00000160051.14,13.3968609351673,19.6184935718575,19.1874755855941,21.080201592081
ENSG00000160055.21,11.2360769133661,8.40792581651037,15.3499804684753,32.2403083173004
ENSG00000160058.21,70.0094023063579,53.250196837899,63.9582519519803,76.8807352181779
ENSG00000160062.17,12.1003905220866,14.013209694184,8.95415527327724,17.3601660170079
ENSG00000160072.22,12.964704130807,21.0198145412759,14.0708154294357,8.68008300850396
ENSG00000160075.14,32.8439171313778,56.0528387767358,42.212446288307,32.2403083173004
ENSG00000160087.23,74.3309703499603,82.6779371956853,84.424892576614,83.0807945099664
ENSG00000160094.17,12.5325473264468,33.6317032660415,14.0708154294357,11.1601067252194
ENSG00000160113.8,9.93960650028538,15.4145306636024,7.67499023423763,18.6001778753656
ENSG00000160131.16,116.682337177263,110.704356584053,71.6332421862179,71.9206877847471
ENSG00000160145.17,48.4015620883462,42.0396290825519,8.95415527327724,7.44007115014625
ENSG00000160193.14,67.8486182845567,54.6515178073174,56.2832617177426,59.52056920117
ENSG00000160194.20,54.4517573493895,35.0330242354599,58.8415917958219,47.1204506175929
ENSG00000160199.17,70.0094023063579,74.270011379175,60.1207568348615,60.7605810595277
ENSG00000160200.20,46.6729348709053,58.8554807155726,74.1915722642971,26.0402490255119
ENSG00000160201.14,105.446260263897,86.8819001039405,76.7499023423763,140.121339994421
ENSG00000160207.11,3.88941123924211,4.20396290825519,14.0708154294357,14.8801423002925
ENSG00000160208.14,164.651742461249,147.138701788932,89.5415527327724,130.201245127559
ENSG00000160209.21,63.0948934365942,64.4607645932462,76.7499023423763,50.840486192666
ENSG00000160211.22,77.7882247848421,60.256801684991,71.6332421862179,57.0405454844546
ENSG00000160213.12,37.1654851749801,32.2303822966231,25.5833007807921,38.440367609089
ENSG00000160214.15,72.1701863281591,68.6647275015014,74.1915722642971,66.9606403513162
ENSG00000160216.22,26.7937218703345,21.0198145412759,12.7916503903961,18.6001778753656
ENSG00000160218.15,16.8541153700491,19.6184935718575,21.7458056636733,33.4803201756581
ENSG00000160221.20,19.0148993918503,22.4211355106943,34.5374560540694,9.92009486686167
ENSG00000160226.17,16.8541153700491,2.80264193883679,14.0708154294357,14.8801423002925
ENSG00000160233.10,21.1756834136515,19.6184935718575,19.1874755855941,12.4001185835771
ENSG00000160271.18,4.75372484796257,16.8158516330207,15.3499804684753,8.68008300850396
ENSG00000160284.17,22.9043106310924,16.8158516330207,15.3499804684753,24.8002371671542
ENSG00000160285.17,770.967738978658,1014.55638185892,413.170307609793,417.883996266548
ENSG00000160293.19,49.2658756970667,37.8356661742967,19.1874755855941,38.440367609089
ENSG00000160294.12,439.071313229998,735.693508944658,631.907529285565,706.806759263894
ENSG00000160298.20,10.3717633046456,19.6184935718575,17.9083105465545,18.6001778753656
ENSG00000160299.20,32.8439171313778,28.0264193883679,38.3749511711882,40.9203913258044
ENSG00000160305.21,77.7882247848421,85.4805791345221,86.9832226546932,53.3205099093814
ENSG00000160310.22,207.435266092912,207.395503473923,176.524775387466,193.441849903802
ENSG00000160325.17,0.864313608720468,18.2171726024391,1.27916503903961,18.6001778753656
ENSG00000160326.16,93.3458697418106,86.8819001039405,39.6541162102278,38.440367609089
ENSG00000160336.19,38.4619555880608,29.4277403577863,21.7458056636733,35.9603438923735
ENSG00000160352.18,61.3662662191532,47.6449129602254,25.5833007807921,17.3601660170079
ENSG00000160392.16,132.672138938592,277.461551944842,253.274677729842,311.242976447785
ENSG00000160404.20,14.693331348248,18.2171726024391,34.5374560540694,17.3601660170079
ENSG00000160408.18,70.8737159150784,58.8554807155726,53.7249316396634,48.3604624759506
ENSG00000160410.17,138.722334199635,113.50699852289,117.683183591644,116.561114685625
ENSG00000160445.13,55.7482277624702,32.2303822966231,44.7707763663862,34.7203320340158
ENSG00000160446.21,46.6729348709053,49.0462339296438,39.6541162102278,35.9603438923735
ENSG00000160447.9,22.4721538267322,15.4145306636024,14.0708154294357,19.8401897337233
ENSG00000160551.14,42.7835236316632,39.2369871437151,24.3041357417525,31.0002964589427
ENSG00000160563.16,140.018804612716,173.763800207881,157.337299801871,115.321102827267
ENSG00000160570.16,25.929408261614,18.2171726024391,26.8624658198317,38.440367609089
ENSG00000160584.19,7.34666567412398,7.00660484709198,11.5124853513564,17.3601660170079
ENSG00000160602.16,9.93960650028538,11.2105677553472,21.7458056636733,22.3202134504387
ENSG00000160606.12,40.1905828055018,30.8290613272047,85.7040576156536,63.2406047762431
ENSG00000160613.17,50.9945029145076,44.8422710213887,60.1207568348615,43.4004150425198
ENSG00000160633.15,106.310573872618,74.270011379175,58.8415917958219,78.1207470765356
ENSG00000160679.14,57.9090117842714,74.270011379175,85.7040576156536,84.3208063683242
ENSG00000160688.21,57.4768549799111,70.0660484709198,116.404018552604,100.440960526974
ENSG00000160691.21,922.22262050474,1391.51172263247,1703.84783200075,1548.77481108878
ENSG00000160695.18,52.7231301319486,68.6647275015014,26.8624658198317,69.4406640680317
ENSG00000160703.19,16.8541153700491,15.4145306636024,12.7916503903961,18.6001778753656
ENSG00000160710.21,343.564659466386,392.369871437151,402.936987297476,328.603142464793
ENSG00000160741.19,39.7584260011415,54.6515178073174,99.7748730450892,76.8807352181779
ENSG00000160746.15,92.4815561330901,82.6779371956853,98.4957080060496,91.7608775184704
ENSG00000160752.17,881.167724090517,901.049383336028,445.149433585783,396.803794674467
ENSG00000160753.19,85.9992040676866,112.105677553472,94.6582128889308,97.9609368102589
ENSG00000160783.21,66.9843046758363,78.4739742874302,104.891533201248,73.1606996431048
ENSG00000160785.16,156.008606374044,205.994182504504,186.758095699782,186.001778753656
ENSG00000160789.27,499.573265840431,389.567229498314,249.437182612723,285.202727422273
ENSG00000160796.20,15.5576449569684,16.8158516330207,12.7916503903961,18.6001778753656
ENSG00000160799.15,18.1505857831298,12.6118887247656,30.6999609369505,24.8002371671542
ENSG00000160803.10,44.9443076534643,39.2369871437151,42.212446288307,47.1204506175929
ENSG00000160867.17,36.3011715662597,40.6383081131335,20.4666406246337,42.1604031841621
ENSG00000160886.14,51.4266597188679,28.0264193883679,30.6999609369505,33.4803201756581
ENSG00000160888.10,100.692535415935,99.4937888287061,106.170698240287,97.9609368102589
ENSG00000160908.17,40.622739609862,36.4343452048783,28.1416308588713,44.6404269008775
ENSG00000160917.17,46.6729348709053,42.0396290825519,40.9332812492674,50.840486192666
ENSG00000160932.13,14.2611745438877,74.270011379175,2.55833007807921,100.440960526974
ENSG00000160948.16,12.1003905220866,18.2171726024391,34.5374560540694,29.760284600585
ENSG00000160949.20,21.1756834136515,14.013209694184,11.5124853513564,18.6001778753656
ENSG00000160953.19,49.2658756970667,47.6449129602254,56.2832617177426,43.4004150425198
ENSG00000160957.17,52.2909733275883,35.0330242354599,44.7707763663862,47.1204506175929
ENSG00000160959.10,190.581150722863,347.527600415762,370.957861321486,384.40367609089
ENSG00000160972.12,18.1505857831298,11.2105677553472,19.1874755855941,28.5202727422273
ENSG00000160991.19,72.6023431325193,57.4541597461542,52.4457666006238,64.4806166346008
ENSG00000160993.6,25.0650946528936,32.2303822966231,30.6999609369505,28.5202727422273
ENSG00000161010.17,8.64313608720468,0,24.3041357417525,26.0402490255119
ENSG00000161011.22,342.700345857666,337.718353629833,927.394653303714,1054.01007960405
ENSG00000161016.20,360.850931640795,256.441737403566,404.216152336515,417.883996266548
ENSG00000161021.15,57.0446981755509,99.4937888287061,75.4707373033367,11.1601067252194
ENSG00000161036.15,38.0297987837006,47.6449129602254,38.3749511711882,33.4803201756581
ENSG00000161048.14,6.05019526104328,4.20396290825519,12.7916503903961,0
ENSG00000161057.15,293.002313356239,288.672119700189,246.878852534644,244.282336096468
ENSG00000161091.17,17.2862721744094,18.2171726024391,23.0249707027129,3.72003557507312
ENSG00000161179.16,28.0901922834152,25.2237774495311,47.3291064444654,42.1604031841621
ENSG00000161202.22,23.7686242398129,37.8356661742967,25.5833007807921,29.760284600585
ENSG00000161203.16,1480.1370549338,1303.22850155911,1088.5694482227,1067.65021004599
ENSG00000161204.14,153.415665547883,114.908319492308,121.520678708763,124.001185835771
ENSG00000161217.14,62.2305798278737,54.6515178073174,62.6790869129407,60.7605810595277
ENSG00000161249.23,21.6078402180117,22.4211355106943,42.212446288307,44.6404269008775
ENSG00000161265.16,6.91450886976375,5.60528387767358,20.4666406246337,12.4001185835771
ENSG00000161267.14,15.5576449569684,44.8422710213887,17.9083105465545,18.6001778753656
ENSG00000161277.13,12.964704130807,8.40792581651037,21.7458056636733,9.92009486686167
ENSG00000161298.20,15.9898017613287,33.6317032660415,35.816621093109,32.2403083173004
ENSG00000161395.15,8.21097928284445,5.60528387767358,17.9083105465545,4.96004743343083
ENSG00000161513.14,48.4015620883462,29.4277403577863,47.3291064444654,64.4806166346008
ENSG00000161526.17,181.505857831298,187.777009902065,189.316425777862,162.44155344486
ENSG00000161533.14,82.5419496328047,70.0660484709198,71.6332421862179,58.2805573428123
ENSG00000161542.19,147.7976270912,141.533417911258,159.895629879951,182.281743178583
ENSG00000161547.19,242.872124050452,264.849663220077,163.73312499707,187.241790612014
ENSG00000161618.12,19.8792130005708,16.8158516330207,12.7916503903961,14.8801423002925
ENSG00000161638.13,209.596050114714,204.592861535086,134.312329099159,142.601363711136
ENSG00000161647.21,30.6831331095766,39.2369871437151,25.5833007807921,49.6004743343083
ENSG00000161653.13,8.21097928284445,4.20396290825519,15.3499804684753,9.92009486686167
ENSG00000161654.12,102.853319437736,95.2898259204509,102.333203123168,95.4809130935435
ENSG00000161692.19,22.9043106310924,29.4277403577863,19.1874755855941,18.6001778753656
ENSG00000161714.14,16.4219585656889,21.0198145412759,8.95415527327724,11.1601067252194
ENSG00000161791.16,14.2611745438877,26.6250984189495,29.4207958979109,13.6401304419348
ENSG00000161800.15,648.235206540351,706.265768586871,372.237026360525,394.323770957751
ENSG00000161813.25,210.028206919074,189.178330871483,115.124853513565,140.121339994421
ENSG00000161847.17,35.004701153179,40.6383081131335,39.6541162102278,34.7203320340158
ENSG00000161921.19,9.50744969592515,14.013209694184,5.11666015615842,8.68008300850396
ENSG00000161956.16,16.8541153700491,23.8224564801127,34.5374560540694,28.5202727422273
ENSG00000161958.13,6.91450886976375,12.6118887247656,31.9791259759901,21.080201592081
ENSG00000161960.18,1415.74569108413,1371.89322906061,1752.45610348426,1578.53509568936
ENSG00000161970.17,175.455662570255,144.336059850095,254.553842768882,209.562004062453
ENSG00000161980.8,25.4972514572538,36.4343452048783,42.212446288307,33.4803201756581
ENSG00000161981.12,89.4564585025685,86.8819001039405,92.0998828108516,54.5605217677392
ENSG00000161996.21,6.48235206540351,7.00660484709198,14.0708154294357,17.3601660170079
ENSG00000161999.15,66.5521478714761,54.6515178073174,42.212446288307,68.2006522096739
ENSG00000162032.18,25.0650946528936,18.2171726024391,56.2832617177426,49.6004743343083
ENSG00000162062.17,17.2862721744094,23.8224564801127,19.1874755855941,18.6001778753656
ENSG00000162063.15,160.330174417647,130.322850155911,78.0290673814159,81.8407826516087
ENSG00000162065.17,20.311369804931,22.4211355106943,21.7458056636733,27.2802608838696
ENSG00000162066.18,42.7835236316632,35.0330242354599,24.3041357417525,54.5605217677392
ENSG00000162086.18,22.9043106310924,19.6184935718575,21.7458056636733,38.440367609089
ENSG00000162104.12,12.964704130807,19.6184935718575,17.9083105465545,9.92009486686167
ENSG00000162105.23,12.5325473264468,11.2105677553472,17.9083105465545,16.1201541586502
ENSG00000162129.17,101.124692220295,64.4607645932462,75.4707373033367,80.600770793251
ENSG00000162139.12,25.929408261614,16.8158516330207,14.0708154294357,17.3601660170079
ENSG00000162144.12,143.043902243237,109.303035614635,72.9124072252575,89.280853801755
ENSG00000162174.14,49.2658756970667,58.8554807155726,30.6999609369505,44.6404269008775
ENSG00000162191.16,79.5168520022831,86.8819001039405,168.849785153228,153.761470436356
ENSG00000162194.14,25.4972514572538,22.4211355106943,16.6291455075149,18.6001778753656
ENSG00000162222.16,35.8690147618994,26.6250984189495,43.4916113273466,24.8002371671542
ENSG00000162227.10,7.77882247848421,7.00660484709198,15.3499804684753,4.96004743343083
ENSG00000162231.16,254.540357768178,215.803429290433,248.158017573683,259.162478396761
ENSG00000162236.15,24.2007810441731,23.8224564801127,40.9332812492674,22.3202134504387
ENSG00000162241.15,9.93960650028538,14.013209694184,17.9083105465545,16.1201541586502
ENSG00000162244.14,166.38036967869,189.178330871483,309.557939447585,240.562300521395
ENSG00000162298.21,181.505857831298,326.507785874486,869.832226546932,770.047364040137
ENSG00000162300.15,26.3615650659743,37.8356661742967,47.3291064444654,37.2003557507312
ENSG00000162341.20,19.8792130005708,21.0198145412759,17.9083105465545,14.8801423002925
ENSG00000162368.17,206.570952484192,193.382293779739,158.616464840911,200.881921053949
ENSG00000162377.8,38.8941123924211,37.8356661742967,30.6999609369505,34.7203320340158
ENSG00000162378.15,12.5325473264468,28.0264193883679,26.8624658198317,24.8002371671542
ENSG00000162384.16,19.4470561962105,21.0198145412759,29.4207958979109,23.5602253087965
ENSG00000162385.13,19.4470561962105,14.013209694184,19.1874755855941,22.3202134504387
ENSG00000162396.8,9.07529289156492,9.80924678592877,21.7458056636733,28.5202727422273
ENSG00000162402.17,17.7184289787696,23.8224564801127,16.6291455075149,16.1201541586502
ENSG00000162408.13,56.6125413711907,46.2435919908071,30.6999609369505,37.2003557507312
ENSG00000162413.18,59.6376390017123,103.697751736961,101.054038084129,71.9206877847471
ENSG00000162419.15,14.2611745438877,16.8158516330207,20.4666406246337,19.8401897337233
ENSG00000162430.19,12.1003905220866,19.6184935718575,19.1874755855941,17.3601660170079
ENSG00000162433.17,104.581946655177,91.0858630121957,66.5165820300595,52.0804980510237
ENSG00000162434.16,242.872124050452,229.816638984617,191.874755855941,217.002075212599
ENSG00000162441.14,34.1403875444585,36.4343452048783,42.212446288307,21.080201592081
ENSG00000162458.15,63.0948934365942,60.256801684991,10.2333203123168,33.4803201756581
ENSG00000162512.18,11.6682337177263,15.4145306636024,11.5124853513564,14.8801423002925
ENSG00000162517.15,161.626644830728,140.13209694184,138.149824216277,136.401304419348
ENSG00000162520.17,33.276073935738,43.4409500519703,10.2333203123168,12.4001185835771
ENSG00000162521.20,329.303484922498,253.63909546473,231.528872066169,210.80201592081
ENSG00000162522.13,34.1403875444585,28.0264193883679,21.7458056636733,18.6001778753656
ENSG00000162542.16,20.311369804931,26.6250984189495,31.9791259759901,44.6404269008775
ENSG00000162576.19,52.2909733275883,39.2369871437151,28.1416308588713,17.3601660170079
ENSG00000162585.19,13.8290177395275,21.0198145412759,21.7458056636733,16.1201541586502
ENSG00000162591.19,9.50744969592515,21.0198145412759,5.11666015615842,6.20005929178854
ENSG00000162600.14,22.4721538267322,18.2171726024391,26.8624658198317,24.8002371671542
ENSG00000162601.14,42.3513668273029,44.8422710213887,53.7249316396634,34.7203320340158
ENSG00000162604.15,26.7937218703345,33.6317032660415,37.0957861321486,27.2802608838696
ENSG00000162607.15,332.32858255302,299.882687455537,216.178891597693,272.802608838696
ENSG00000162613.20,113.657239546742,86.8819001039405,65.2374169910199,76.8807352181779
ENSG00000162614.21,79.5168520022831,88.2832210733589,28.1416308588713,33.4803201756581
ENSG00000162616.11,60.0697958060725,64.4607645932462,28.1416308588713,33.4803201756581
ENSG00000162623.18,59.6376390017123,71.4673694403382,67.7957470690991,53.3205099093814
ENSG00000162627.19,44.5121508491041,44.8422710213887,33.2582910150297,19.8401897337233
ENSG00000162631.22,7.77882247848421,4.20396290825519,7.67499023423763,16.1201541586502
ENSG00000162639.18,12.964704130807,12.6118887247656,20.4666406246337,18.6001778753656
ENSG00000162642.16,41.9192100229427,44.8422710213887,49.8874365225446,52.0804980510237
ENSG00000162650.19,31.9796035226573,29.4277403577863,44.7707763663862,38.440367609089
ENSG00000162664.19,85.9992040676866,79.8752952568485,97.21654296701,63.2406047762431
ENSG00000162688.19,106.310573872618,138.730775972421,126.637338864921,122.761173977413
ENSG00000162694.16,61.7984230235135,26.6250984189495,44.7707763663862,68.2006522096739
ENSG00000162695.15,23.3364674354526,25.2237774495311,39.6541162102278,58.2805573428123
ENSG00000162702.10,56.1803845668304,53.250196837899,38.3749511711882,38.440367609089
ENSG00000162704.17,423.94582507739,347.527600415762,249.437182612723,195.921873620518
ENSG00000162711.21,9.93960650028538,1.4013209694184,15.3499804684753,26.0402490255119
ENSG00000162714.15,39.3262691967813,50.4475548990622,56.2832617177426,69.4406640680317
ENSG00000162722.10,125.325473264468,126.118887247656,84.424892576614,39.6803794674467
ENSG00000162729.16,19.4470561962105,21.0198145412759,34.5374560540694,38.440367609089
ENSG00000162734.15,667.250105932201,518.488758684806,578.182597645902,576.605514136334
ENSG00000162735.21,188.420366701062,144.336059850095,172.687280270347,161.201541586502
ENSG00000162736.20,215.646245375757,284.468156791934,353.049550774931,311.242976447785
ENSG00000162757.6,8.21097928284445,12.6118887247656,10.2333203123168,19.8401897337233
ENSG00000162772.20,13.8290177395275,16.8158516330207,25.5833007807921,19.8401897337233
ENSG00000162775.18,19.4470561962105,21.0198145412759,5.11666015615842,8.68008300850396
ENSG00000162777.19,7.77882247848421,14.013209694184,21.7458056636733,11.1601067252194
ENSG00000162813.20,16.4219585656889,14.013209694184,12.7916503903961,21.080201592081
ENSG00000162817.8,14.2611745438877,11.2105677553472,11.5124853513564,13.6401304419348
ENSG00000162819.14,137.425863786554,79.8752952568485,94.6582128889308,97.9609368102589
ENSG00000162825.19,10.3717633046456,9.80924678592877,20.4666406246337,22.3202134504387
ENSG00000162836.14,12.5325473264468,14.013209694184,26.8624658198317,19.8401897337233
ENSG00000162851.10,38.0297987837006,39.2369871437151,35.816621093109,47.1204506175929
ENSG00000162852.16,78.2203815892024,65.8620855626646,69.0749121081387,83.0807945099664
ENSG00000162869.18,31.9796035226573,21.0198145412759,46.0499414054258,43.4004150425198
ENSG00000162885.16,39.3262691967813,28.0264193883679,34.5374560540694,24.8002371671542
ENSG00000162909.20,803.811656110035,751.10803960826,509.107685537763,560.485359977684
ENSG00000162910.21,33.7082307400983,36.4343452048783,69.0749121081387,45.8804387592352
ENSG00000162923.18,23.7686242398129,43.4409500519703,38.3749511711882,33.4803201756581
ENSG00000162927.17,6.05019526104328,9.80924678592877,11.5124853513564,13.6401304419348
ENSG00000162928.11,66.1199910671158,37.8356661742967,55.004096678703,35.9603438923735
ENSG00000162929.16,13.8290177395275,16.8158516330207,6.39582519519803,13.6401304419348
ENSG00000162946.25,7.77882247848421,8.40792581651037,17.9083105465545,7.44007115014625
ENSG00000162959.16,124.893316460108,186.375688932647,196.991416012099,176.081683886795
ENSG00000162961.16,23.7686242398129,28.0264193883679,37.0957861321486,33.4803201756581
ENSG00000162971.13,19.0148993918503,35.0330242354599,25.5833007807921,33.4803201756581
ENSG00000162972.12,28.9545058921357,16.8158516330207,26.8624658198317,31.0002964589427
ENSG00000162976.14,31.9796035226573,33.6317032660415,15.3499804684753,16.1201541586502
ENSG00000162980.19,61.7984230235135,63.0594436238278,26.8624658198317,53.3205099093814
ENSG00000162994.18,9.50744969592515,16.8158516330207,7.67499023423763,11.1601067252194
ENSG00000163001.14,38.4619555880608,26.6250984189495,42.212446288307,49.6004743343083
ENSG00000163002.15,41.9192100229427,36.4343452048783,33.2582910150297,40.9203913258044
ENSG00000163006.14,47.969405283986,30.8290613272047,16.6291455075149,31.0002964589427
ENSG00000163017.16,43.6478372403836,57.4541597461542,17.9083105465545,11.1601067252194
ENSG00000163026.13,72.6023431325193,71.4673694403382,53.7249316396634,31.0002964589427
ENSG00000163029.18,76.0595975674012,84.0792581651037,43.4916113273466,57.0405454844546
ENSG00000163041.15,134.832922960393,123.316245308819,106.170698240287,85.5608182266819
ENSG00000163050.20,40.622739609862,43.4409500519703,56.2832617177426,74.4007115014625
ENSG00000163069.15,148.661940699921,148.54002275835,70.3540771471783,73.1606996431048
ENSG00000163072.18,4.75372484796257,4.20396290825519,5.11666015615842,19.8401897337233
ENSG00000163104.20,106.742730676978,135.928134033584,121.520678708763,122.761173977413
ENSG00000163110.17,168.973310504852,241.027206739964,110.008193357406,76.8807352181779
ENSG00000163125.18,53.1552869363088,70.0660484709198,49.8874365225446,73.1606996431048
ENSG00000163138.21,20.311369804931,33.6317032660415,38.3749511711882,38.440367609089
ENSG00000163156.14,38.4619555880608,47.6449129602254,62.6790869129407,54.5605217677392
ENSG00000163159.17,167.244683287411,259.244379342403,429.799453117308,395.563782816109
ENSG00000163161.16,264.912121072823,306.889292302629,326.187084955099,308.762952731069
ENSG00000163162.11,51.8588165232281,53.250196837899,110.008193357406,83.0807945099664
ENSG00000163166.17,197.495659592627,154.145306636024,131.753999021079,136.401304419348
ENSG00000163170.14,9.07529289156492,5.60528387767358,26.8624658198317,9.92009486686167
ENSG00000163171.10,833.630475610891,787.542384813138,611.440888660931,639.846118912577
ENSG00000163191.8,76.4917543717614,71.4673694403382,147.103979489555,126.481209552486
ENSG00000163214.23,73.8988135456,74.270011379175,42.212446288307,39.6803794674467
ENSG00000163251.6,13.3968609351673,18.2171726024391,15.3499804684753,9.92009486686167
ENSG00000163257.14,40.622739609862,63.0594436238278,47.3291064444654,49.6004743343083
ENSG00000163281.14,77.7882247848421,60.256801684991,99.7748730450892,84.3208063683242
ENSG00000163291.16,34.1403875444585,37.8356661742967,28.1416308588713,33.4803201756581
ENSG00000163293.14,28.0901922834152,40.6383081131335,38.3749511711882,47.1204506175929
ENSG00000163297.20,23.7686242398129,21.0198145412759,49.8874365225446,49.6004743343083
ENSG00000163312.13,22.4721538267322,18.2171726024391,33.2582910150297,22.3202134504387
ENSG00000163319.13,35.004701153179,35.0330242354599,49.8874365225446,16.1201541586502
ENSG00000163320.14,272.258786746947,231.217959954035,200.828911129218,234.362241229607
ENSG00000163322.16,12.5325473264468,8.40792581651037,21.7458056636733,28.5202727422273
ENSG00000163344.8,19.8792130005708,21.0198145412759,31.9791259759901,27.2802608838696
ENSG00000163346.19,56.6125413711907,35.0330242354599,26.8624658198317,33.4803201756581
ENSG00000163347.7,385.916026293689,758.114644455352,1495.3439306373,1213.9716093322
ENSG00000163348.5,54.8839141537497,46.2435919908071,35.816621093109,21.080201592081
ENSG00000163349.23,35.004701153179,50.4475548990622,61.3999218739011,63.2406047762431
ENSG00000163362.13,13.8290177395275,26.6250984189495,3.83749511711882,3.72003557507312
ENSG00000163374.23,136.993706982194,152.743985666605,111.287358396446,130.201245127559
ENSG00000163378.15,27.2258786746947,22.4211355106943,11.5124853513564,13.6401304419348
ENSG00000163382.15,179.777230613857,312.494576180302,486.08271483505,381.923652374174
ENSG00000163389.14,45.8086212621848,56.0528387767358,74.1915722642971,39.6803794674467
ENSG00000163395.17,3.88941123924211,7.00660484709198,15.3499804684753,18.6001778753656
ENSG00000163399.18,530.256398950007,522.692721593061,314.674599603743,374.483581224028
ENSG00000163428.6,109.335671503139,105.09907270638,92.0998828108516,80.600770793251
ENSG00000163430.15,3932.19476287377,3717.704531867,1016.93620603649,982.089391819305
ENSG00000163444.14,128.35057089499,141.533417911258,101.054038084129,114.081090968909
ENSG00000163453.13,31.1152899139369,28.0264193883679,7.67499023423763,18.6001778753656
ENSG00000163463.15,15.9898017613287,19.6184935718575,47.3291064444654,34.7203320340158
ENSG00000163466.18,589.894037951719,547.916499042593,497.595200186407,461.284411309067
ENSG00000163468.17,762.756759695813,706.265768586871,702.261606432744,741.527091297909
ENSG00000163472.21,18.1505857831298,12.6118887247656,25.5833007807921,17.3601660170079
ENSG00000163479.16,133.104295742952,140.13209694184,226.41221191001,228.162181937818
ENSG00000163481.10,44.9443076534643,51.8488758684806,61.3999218739011,65.7206284929585
ENSG00000163482.14,15.5576449569684,35.0330242354599,37.0957861321486,28.5202727422273
ENSG00000163507.17,30.6831331095766,32.2303822966231,20.4666406246337,13.6401304419348
ENSG00000163510.16,103.285476242096,100.895109798124,83.1457275375744,54.5605217677392
ENSG00000163512.16,59.6376390017123,61.6581226544094,67.7957470690991,88.0408419433973
ENSG00000163513.22,53.1552869363088,42.0396290825519,37.0957861321486,52.0804980510237
ENSG00000163516.16,31.1152899139369,28.0264193883679,53.7249316396634,53.3205099093814
ENSG00000163517.17,25.4972514572538,21.0198145412759,11.5124853513564,23.5602253087965
ENSG00000163520.16,12.5325473264468,15.4145306636024,5.11666015615842,2.48002371671542
ENSG00000163527.13,75.1952839586807,79.8752952568485,51.1666015615842,53.3205099093814
ENSG00000163528.15,70.8737159150784,140.13209694184,195.71225097306,171.121636453364
ENSG00000163535.20,74.3309703499603,84.0792581651037,21.7458056636733,42.1604031841621
ENSG00000163539.21,78.2203815892024,81.2766162262669,48.608271483505,57.0405454844546
ENSG00000163541.14,111.928612329301,86.8819001039405,97.21654296701,84.3208063683242
ENSG00000163545.12,90.7529289156492,113.50699852289,40.9332812492674,40.9203913258044
ENSG00000163558.15,211.756834136515,145.737380819513,83.1457275375744,78.1207470765356
ENSG00000163565.22,22.4721538267322,21.0198145412759,65.2374169910199,75.6407233598202
ENSG00000163577.10,36.7333283706199,33.6317032660415,30.6999609369505,45.8804387592352
ENSG00000163584.20,15.9898017613287,7.00660484709198,21.7458056636733,9.92009486686167
ENSG00000163597.18,171.998408135373,95.2898259204509,102.333203123168,90.5208656601127
ENSG00000163607.20,22.0399970223719,19.6184935718575,24.3041357417525,40.9203913258044
ENSG00000163608.17,65.2556774583953,57.4541597461542,40.9332812492674,43.4004150425198
ENSG00000163611.13,58.7733253929918,81.2766162262669,101.054038084129,65.7206284929585
ENSG00000163625.18,10.3717633046456,19.6184935718575,5.11666015615842,13.6401304419348
ENSG00000163629.15,55.7482277624702,63.0594436238278,21.7458056636733,34.7203320340158
ENSG00000163634.13,42.3513668273029,46.2435919908071,30.6999609369505,37.2003557507312
ENSG00000163635.22,21.6078402180117,21.0198145412759,28.1416308588713,22.3202134504387
ENSG00000163636.13,164.651742461249,155.546627605442,173.966445309386,153.761470436356
ENSG00000163644.17,15.5576449569684,21.0198145412759,15.3499804684753,13.6401304419348
ENSG00000163655.18,349.614854727429,271.856268067169,271.182988276396,261.642502113476
ENSG00000163659.15,6.48235206540351,19.6184935718575,8.95415527327724,8.68008300850396
ENSG00000163660.14,138.722334199635,144.336059850095,205.945571285377,171.121636453364
ENSG00000163661.6,12.964704130807,9.80924678592877,255.833007807921,272.802608838696
ENSG00000163681.19,66.1199910671158,54.6515178073174,47.3291064444654,40.9203913258044
ENSG00000163682.19,60.5019526104328,71.4673694403382,130.47483398204,85.5608182266819
ENSG00000163683.14,33.276073935738,37.8356661742967,57.5624267567823,63.2406047762431
ENSG00000163684.13,42.3513668273029,1.4013209694184,39.6541162102278,33.4803201756581
ENSG00000163686.17,5.18588165232281,11.2105677553472,15.3499804684753,19.8401897337233
ENSG00000163697.20,32.4117603270176,35.0330242354599,56.2832617177426,60.7605810595277
ENSG00000163702.23,19.8792130005708,12.6118887247656,21.7458056636733,13.6401304419348
ENSG00000163703.22,17.2862721744094,9.80924678592877,44.7707763663862,31.0002964589427
ENSG00000163710.11,10.8039201090059,12.6118887247656,10.2333203123168,21.080201592081
ENSG00000163714.20,420.056413838148,437.212142458539,275.020483393515,326.123118748077
ENSG00000163719.22,84.7027336546059,84.0792581651037,88.2623876937328,71.9206877847471
ENSG00000163728.13,44.5121508491041,22.4211355106943,30.6999609369505,33.4803201756581
ENSG00000163738.21,19.4470561962105,15.4145306636024,17.9083105465545,21.080201592081
ENSG00000163743.16,68.7129318932772,51.8488758684806,85.7040576156536,79.3607589348933
ENSG00000163751.6,12.5325473264468,14.013209694184,3.83749511711882,1.24001185835771
ENSG00000163754.20,134.832922960393,109.303035614635,118.962348630683,115.321102827267
ENSG00000163755.11,123.164689242667,113.50699852289,101.054038084129,105.401007960405
ENSG00000163781.16,232.932517550166,229.816638984617,127.916503903961,167.401600878291
ENSG00000163785.16,31.9796035226573,35.0330242354599,23.0249707027129,16.1201541586502
ENSG00000163788.16,21.1756834136515,15.4145306636024,7.67499023423763,12.4001185835771
ENSG00000163798.16,138.290177395275,100.895109798124,154.778969723792,120.281150260698
ENSG00000163807.8,58.7733253929918,57.4541597461542,61.3999218739011,53.3205099093814
ENSG00000163808.19,82.5419496328047,78.4739742874302,63.9582519519803,48.3604624759506
ENSG00000163811.14,146.068999873759,126.118887247656,125.358173825881,164.921577161575
ENSG00000163812.18,88.1599880894878,70.0660484709198,49.8874365225446,44.6404269008775
ENSG00000163814.10,30.6831331095766,25.2237774495311,111.287358396446,128.961233269202
ENSG00000163818.22,32.4117603270176,35.0330242354599,40.9332812492674,45.8804387592352
ENSG00000163820.18,19.4470561962105,18.2171726024391,17.9083105465545,21.080201592081
ENSG00000163832.18,47.1050916752655,37.8356661742967,74.1915722642971,40.9203913258044
ENSG00000163840.11,29.3866626964959,22.4211355106943,20.4666406246337,23.5602253087965
ENSG00000163848.23,126.621943677549,103.697751736961,65.2374169910199,65.7206284929585
ENSG00000163864.20,20.7435266092912,26.6250984189495,11.5124853513564,8.68008300850396
ENSG00000163866.11,60.5019526104328,35.0330242354599,57.5624267567823,55.8005336260969
ENSG00000163867.19,22.9043106310924,49.0462339296438,47.3291064444654,64.4806166346008
ENSG00000163870.18,29.8188195008562,23.8224564801127,40.9332812492674,58.2805573428123
ENSG00000163872.18,93.7780265461708,93.8885049510325,51.1666015615842,54.5605217677392
ENSG00000163874.13,9.07529289156492,23.8224564801127,15.3499804684753,12.4001185835771
ENSG00000163875.18,73.0344999368796,61.6581226544094,71.6332421862179,68.2006522096739
ENSG00000163877.12,20.7435266092912,15.4145306636024,20.4666406246337,21.080201592081
ENSG00000163882.12,42.3513668273029,39.2369871437151,37.0957861321486,60.7605810595277
ENSG00000163900.13,54.4517573493895,47.6449129602254,55.004096678703,59.52056920117
ENSG00000163902.14,788.686167957427,759.51596542477,1229.27760251706,1077.57030491285
ENSG00000163904.15,88.1599880894878,84.0792581651037,71.6332421862179,81.8407826516087
ENSG00000163913.16,73.0344999368796,67.263406532083,69.0749121081387,75.6407233598202
ENSG00000163918.14,101.556849024655,114.908319492308,141.987319333396,109.121043535478
ENSG00000163930.11,50.5623461101474,75.6713323485934,78.0290673814159,90.5208656601127
ENSG00000163931.19,479.69405283986,454.02799409156,402.936987297476,489.804684051295
ENSG00000163933.13,72.6023431325193,50.4475548990622,86.9832226546932,71.9206877847471
ENSG00000163935.16,48.8337188927065,29.4277403577863,24.3041357417525,43.4004150425198
ENSG00000163938.19,212.188990940875,227.01399704578,336.420405267416,328.603142464793
ENSG00000163939.21,114.089396351102,114.908319492308,85.7040576156536,64.4806166346008
ENSG00000163945.21,7.77882247848421,8.40792581651037,8.95415527327724,14.8801423002925
ENSG00000163946.16,79.9490088066433,123.316245308819,110.008193357406,106.641019818763
ENSG00000163947.14,17.2862721744094,5.60528387767358,12.7916503903961,19.8401897337233
ENSG00000163950.15,279.605452421071,262.04702128124,190.595590816901,213.282039637526
ENSG00000163956.15,96.3709673723322,92.4871839816141,63.9582519519803,78.1207470765356
ENSG00000163960.15,51.4266597188679,67.263406532083,25.5833007807921,34.7203320340158
ENSG00000163961.5,12.1003905220866,8.40792581651037,5.11666015615842,16.1201541586502
ENSG00000163975.16,9.50744969592515,8.40792581651037,7.67499023423763,13.6401304419348
ENSG00000164002.14,51.4266597188679,50.4475548990622,53.7249316396634,32.2403083173004
ENSG00000164011.20,25.4972514572538,40.6383081131335,66.5165820300595,49.6004743343083
ENSG00000164022.20,124.029002851387,102.296430767543,106.170698240287,127.721221410844
ENSG00000164023.17,22.0399970223719,23.8224564801127,20.4666406246337,19.8401897337233
ENSG00000164024.14,241.143496833011,242.428527709382,204.666406246337,203.361944770664
ENSG00000164031.19,41.4870532185825,54.6515178073174,23.0249707027129,27.2802608838696
ENSG00000164032.14,666.385792323481,624.989152360604,547.482636708951,473.684529892644
ENSG00000164038.18,8.21097928284445,7.00660484709198,15.3499804684753,7.44007115014625
ENSG00000164039.17,17.2862721744094,14.013209694184,8.95415527327724,9.92009486686167
ENSG00000164040.19,35.004701153179,26.6250984189495,29.4207958979109,24.8002371671542
ENSG00000164045.14,27.2258786746947,25.2237774495311,28.1416308588713,18.6001778753656
ENSG00000164048.16,19.8792130005708,19.6184935718575,12.7916503903961,21.080201592081
ENSG00000164051.16,25.0650946528936,16.8158516330207,24.3041357417525,33.4803201756581
ENSG00000164053.24,17.7184289787696,18.2171726024391,15.3499804684753,17.3601660170079
ENSG00000164054.19,135.697236569113,147.138701788932,154.778969723792,151.28144671964
ENSG00000164062.15,289.112902116997,404.981760161916,408.053647453634,424.084055558336
ENSG00000164066.15,12.964704130807,21.0198145412759,14.0708154294357,2.48002371671542
ENSG00000164068.18,53.587443740669,53.250196837899,61.3999218739011,81.8407826516087
ENSG00000164070.14,57.9090117842714,47.6449129602254,21.7458056636733,49.6004743343083
ENSG00000164073.13,30.6831331095766,26.6250984189495,26.8624658198317,27.2802608838696
ENSG00000164074.19,12.964704130807,4.20396290825519,14.0708154294357,11.1601067252194
ENSG00000164077.17,12.964704130807,23.8224564801127,28.1416308588713,27.2802608838696
ENSG00000164080.16,28.5223490877754,37.8356661742967,21.7458056636733,44.6404269008775
ENSG00000164081.15,35.004701153179,39.2369871437151,66.5165820300595,53.3205099093814
ENSG00000164087.10,70.8737159150784,75.6713323485934,93.3790478498912,69.4406640680317
ENSG00000164091.14,30.2509763052164,42.0396290825519,39.6541162102278,24.8002371671542
ENSG00000164093.19,21.6078402180117,18.2171726024391,11.5124853513564,12.4001185835771
ENSG00000164096.15,97.2352809810527,89.6845420427773,65.2374169910199,37.2003557507312
ENSG00000164104.14,199.224286810068,183.57304699381,156.058134762832,158.721517869787
ENSG00000164109.16,202.68154124495,172.362479238463,181.641435543624,157.481506011429
ENSG00000164111.17,1227.75748118742,1094.43167711577,1739.66445309386,1764.53687444302
ENSG00000164114.20,12.5325473264468,9.80924678592877,15.3499804684753,9.92009486686167
ENSG00000164117.16,18.1505857831298,14.013209694184,20.4666406246337,32.2403083173004
ENSG00000164118.15,32.4117603270176,25.2237774495311,38.3749511711882,40.9203913258044
ENSG00000164124.13,6.91450886976375,5.60528387767358,7.67499023423763,13.6401304419348
ENSG00000164134.16,122.300375633946,92.4871839816141,65.2374169910199,89.280853801755
ENSG00000164136.19,13.3968609351673,14.013209694184,7.67499023423763,1.24001185835771
ENSG00000164142.18,14.2611745438877,30.8290613272047,17.9083105465545,17.3601660170079
ENSG00000164144.18,99.8282218072141,91.0858630121957,71.6332421862179,73.1606996431048
ENSG00000164151.13,43.2156804360234,36.4343452048783,29.4207958979109,33.4803201756581
ENSG00000164161.12,66.9843046758363,51.8488758684806,60.1207568348615,63.2406047762431
ENSG00000164162.16,24.2007810441731,22.4211355106943,16.6291455075149,13.6401304419348
ENSG00000164163.13,483.583464079102,490.462339296438,342.816230462614,353.403379631947
ENSG00000164164.19,25.0650946528936,35.0330242354599,25.5833007807921,28.5202727422273
ENSG00000164168.10,79.0846951979228,60.256801684991,51.1666015615842,86.8008300850396
ENSG00000164169.15,27.2258786746947,12.6118887247656,26.8624658198317,18.6001778753656
ENSG00000164172.22,130.07919811243,107.901714645216,107.449863279327,142.601363711136
ENSG00000164176.15,221.6964406368,208.796824443341,117.683183591644,99.2009486686166
ENSG00000164180.17,15.9898017613287,18.2171726024391,37.0957861321486,22.3202134504387
ENSG00000164182.14,16.8541153700491,26.6250984189495,28.1416308588713,18.6001778753656
ENSG00000164187.9,44.0799940447439,57.4541597461542,30.6999609369505,24.8002371671542
ENSG00000164190.20,50.5623461101474,81.2766162262669,56.2832617177426,37.2003557507312
ENSG00000164209.19,103.285476242096,99.4937888287061,97.21654296701,111.601067252194
ENSG00000164211.15,193.174091549025,168.158516330207,55.004096678703,70.6806759263894
ENSG00000164219.11,22.9043106310924,25.2237774495311,25.5833007807921,17.3601660170079
ENSG00000164220.8,124.029002851387,197.586256687994,335.141240228377,283.962715563915
ENSG00000164221.15,20.311369804931,19.6184935718575,12.7916503903961,19.8401897337233
ENSG00000164244.23,460.67915344801,497.46894414353,789.244829087437,778.727447048641
ENSG00000164251.6,21.6078402180117,12.6118887247656,21.7458056636733,31.0002964589427
ENSG00000164252.15,102.853319437736,113.50699852289,95.9373779279704,81.8407826516087
ENSG00000164253.16,70.0094023063579,63.0594436238278,89.5415527327724,93.0008893768281
ENSG00000164258.14,27.658035479055,22.4211355106943,26.8624658198317,34.7203320340158
ENSG00000164284.17,80.3811656110035,81.2766162262669,70.3540771471783,60.7605810595277
ENSG00000164291.19,38.8941123924211,32.2303822966231,19.1874755855941,22.3202134504387
ENSG00000164292.15,170.701937722292,172.362479238463,101.054038084129,120.281150260698
ENSG00000164294.16,93.7780265461708,71.4673694403382,104.891533201248,132.681268844275
ENSG00000164296.9,15.1254881526082,21.0198145412759,11.5124853513564,17.3601660170079
ENSG00000164305.22,160.330174417647,137.329455003003,161.17479491899,148.801423002925
ENSG00000164306.13,30.6831331095766,26.6250984189495,51.1666015615842,49.6004743343083
ENSG00000164307.15,37.1654851749801,49.0462339296438,69.0749121081387,70.6806759263894
ENSG00000164308.20,57.0446981755509,71.4673694403382,63.9582519519803,49.6004743343083
ENSG00000164323.17,16.4219585656889,14.013209694184,7.67499023423763,9.92009486686167
ENSG00000164327.16,41.4870532185825,49.0462339296438,40.9332812492674,29.760284600585
ENSG00000164329.17,69.1450886976374,54.6515178073174,66.5165820300595,80.600770793251
ENSG00000164331.12,17.2862721744094,18.2171726024391,42.212446288307,38.440367609089
ENSG00000164332.10,90.3207721112889,89.6845420427773,78.0290673814159,93.0008893768281
ENSG00000164338.12,88.1599880894878,74.270011379175,72.9124072252575,64.4806166346008
ENSG00000164346.12,106.742730676978,96.6911468898693,153.499804684753,117.801126543982
ENSG00000164347.20,201.385070831869,217.204750259851,235.366367183287,205.84196848738
ENSG00000164366.6,22.0399970223719,26.6250984189495,20.4666406246337,18.6001778753656
ENSG00000164402.16,137.858020590915,113.50699852289,104.891533201248,99.2009486686166
ENSG00000164405.13,108.471357894419,135.928134033584,166.291455075149,106.641019818763
ENSG00000164414.21,35.004701153179,25.2237774495311,39.6541162102278,40.9203913258044
ENSG00000164442.13,13.3968609351673,16.8158516330207,35.816621093109,17.3601660170079
ENSG00000164465.21,19.4470561962105,12.6118887247656,14.0708154294357,11.1601067252194
ENSG00000164466.15,369.92622453236,472.245166693999,469.453569327535,421.604031841621
ENSG00000164494.14,10.3717633046456,14.013209694184,14.0708154294357,28.5202727422273
ENSG00000164509.17,9.93960650028538,12.6118887247656,16.6291455075149,14.8801423002925
ENSG00000164535.17,32.8439171313778,26.6250984189495,40.9332812492674,31.0002964589427
ENSG00000164543.9,39.7584260011415,36.4343452048783,19.1874755855941,31.0002964589427
ENSG00000164548.14,23.7686242398129,11.2105677553472,15.3499804684753,21.080201592081
ENSG00000164574.18,9.93960650028538,12.6118887247656,26.8624658198317,11.1601067252194
ENSG00000164587.15,460.246996643649,440.014784397376,805.873974594952,648.526201921081
ENSG00000164597.17,83.4062632415252,95.2898259204509,115.124853513565,148.801423002925
ENSG00000164603.14,46.240778066545,26.6250984189495,23.0249707027129,31.0002964589427
ENSG00000164609.12,150.822724721722,134.526813064166,133.033164060119,133.921280702632
ENSG00000164610.11,10.8039201090059,18.2171726024391,31.9791259759901,33.4803201756581
ENSG00000164611.15,112.360769133661,112.105677553472,99.7748730450892,70.6806759263894
ENSG00000164615.8,35.8690147618994,60.256801684991,53.7249316396634,52.0804980510237
ENSG00000164619.11,37.1654851749801,26.6250984189495,23.0249707027129,23.5602253087965
ENSG00000164620.11,23.3364674354526,26.6250984189495,31.9791259759901,40.9203913258044
ENSG00000164649.22,82.5419496328047,53.250196837899,72.9124072252575,78.1207470765356
ENSG00000164654.18,26.7937218703345,19.6184935718575,14.0708154294357,17.3601660170079
ENSG00000164663.17,14.2611745438877,18.2171726024391,15.3499804684753,9.92009486686167
ENSG00000164687.13,31.9796035226573,33.6317032660415,37.0957861321486,47.1204506175929
ENSG00000164692.21,340.971718640225,340.52099556867,150.941474606673,186.001778753656
ENSG00000164715.8,14.693331348248,8.40792581651037,6.39582519519803,12.4001185835771
ENSG00000164733.25,133.104295742952,117.710961431145,212.341396480575,210.80201592081
ENSG00000164741.17,170.701937722292,100.895109798124,182.920600582664,138.881328136063
ENSG00000164751.17,46.6729348709053,32.2303822966231,34.5374560540694,37.2003557507312
ENSG00000164754.18,272.258786746947,260.645700311822,184.199765621703,189.721814328729
ENSG00000164808.19,124.461159655747,163.954553421952,148.383144528594,136.401304419348
ENSG00000164815.13,70.8737159150784,50.4475548990622,66.5165820300595,95.4809130935435
ENSG00000164823.13,9.50744969592515,4.20396290825519,12.7916503903961,16.1201541586502
ENSG00000164828.20,113.657239546742,91.0858630121957,92.0998828108516,93.0008893768281
ENSG00000164830.20,70.4415591107182,54.6515178073174,70.3540771471783,64.4806166346008
ENSG00000164880.18,25.0650946528936,19.6184935718575,12.7916503903961,16.1201541586502
ENSG00000164885.15,40.1905828055018,30.8290613272047,38.3749511711882,43.4004150425198
ENSG00000164889.17,129.21488450371,131.724171125329,89.5415527327724,138.881328136063
ENSG00000164896.23,71.7380295237989,68.6647275015014,86.9832226546932,90.5208656601127
ENSG00000164897.16,42.3513668273029,42.0396290825519,94.6582128889308,59.52056920117
ENSG00000164902.16,187.988209896702,141.533417911258,116.404018552604,89.280853801755
ENSG00000164904.20,198.359973201347,194.783614749157,214.899726558654,228.162181937818
ENSG00000164916.13,15.5576449569684,5.60528387767358,11.5124853513564,21.080201592081
ENSG00000164919.13,41.0548964142222,47.6449129602254,38.3749511711882,29.760284600585
ENSG00000164920.12,22.4721538267322,19.6184935718575,20.4666406246337,4.96004743343083
ENSG00000164924.20,3746.36733699887,4758.88601214487,4097.16562004386,3562.5540690617
ENSG00000164930.14,115.818023568543,98.0924678592877,62.6790869129407,66.9606403513162
ENSG00000164933.13,160.330174417647,172.362479238463,188.037260738822,208.321992204095
ENSG00000164934.17,315.906623987331,263.448342250658,305.720444330466,288.922762997346
ENSG00000164938.16,41.0548964142222,56.0528387767358,37.0957861321486,35.9603438923735
ENSG00000164941.16,116.682337177263,63.0594436238278,49.8874365225446,68.2006522096739
ENSG00000164944.14,174.159192157174,224.211355106943,168.849785153228,166.161589019933
ENSG00000164949.10,9.93960650028538,7.00660484709198,29.4207958979109,31.0002964589427
ENSG00000164951.17,202.68154124495,236.823243831709,355.60788085301,313.7230001645
ENSG00000164953.18,40.622739609862,30.8290613272047,35.816621093109,44.6404269008775
ENSG00000164961.18,215.214088571397,189.178330871483,191.874755855941,198.401897337233
ENSG00000164967.12,13.3968609351673,5.60528387767358,19.1874755855941,13.6401304419348
ENSG00000164975.18,103.285476242096,81.2766162262669,86.9832226546932,65.7206284929585
ENSG00000164976.11,22.9043106310924,14.013209694184,5.11666015615842,13.6401304419348
ENSG00000164978.21,8.64313608720468,7.00660484709198,15.3499804684753,24.8002371671542
ENSG00000164985.17,82.9741064371649,99.4937888287061,57.5624267567823,66.9606403513162
ENSG00000164989.19,5.61803845668304,2.80264193883679,8.95415527327724,19.8401897337233
ENSG00000165006.16,174.591348961535,144.336059850095,124.079008786842,167.401600878291
ENSG00000165029.18,14.2611745438877,11.2105677553472,58.8415917958219,75.6407233598202
ENSG00000165046.15,35.004701153179,77.0726533180118,154.778969723792,90.5208656601127
ENSG00000165055.18,45.3764644578246,42.0396290825519,48.608271483505,54.5605217677392
ENSG00000165060.17,26.3615650659743,18.2171726024391,24.3041357417525,3.72003557507312
ENSG00000165072.12,326.278387291977,385.363266590059,60.1207568348615,69.4406640680317
ENSG00000165084.18,29.3866626964959,12.6118887247656,8.95415527327724,13.6401304419348
ENSG00000165097.18,17.7184289787696,22.4211355106943,29.4207958979109,17.3601660170079
ENSG00000165102.17,47.1050916752655,57.4541597461542,58.8415917958219,47.1204506175929
ENSG00000165105.12,12.5325473264468,18.2171726024391,7.67499023423763,16.1201541586502
ENSG00000165118.16,23.7686242398129,12.6118887247656,14.0708154294357,16.1201541586502
ENSG00000165119.25,1645.65311100377,1844.13839575461,1440.3398339586,1350.37291375154
ENSG00000165152.11,40.622739609862,25.2237774495311,14.0708154294357,26.0402490255119
ENSG00000165156.17,87.2956744807673,65.8620855626646,40.9332812492674,42.1604031841621
ENSG00000165169.13,95.0744969592515,79.8752952568485,71.6332421862179,63.2406047762431
ENSG00000165185.17,100.692535415935,200.388898626831,158.616464840911,105.401007960405
ENSG00000165195.17,42.3513668273029,19.6184935718575,53.7249316396634,48.3604624759506
ENSG00000165209.21,61.7984230235135,47.6449129602254,55.004096678703,48.3604624759506
ENSG00000165219.25,161.626644830728,147.138701788932,147.103979489555,132.681268844275
ENSG00000165233.20,20.7435266092912,23.8224564801127,16.6291455075149,33.4803201756581
ENSG00000165240.23,15.1254881526082,19.6184935718575,15.3499804684753,4.96004743343083
ENSG00000165259.16,27.2258786746947,23.8224564801127,24.3041357417525,24.8002371671542
ENSG00000165264.13,61.3662662191532,44.8422710213887,57.5624267567823,60.7605810595277
ENSG00000165271.19,147.7976270912,163.954553421952,199.549746090178,240.562300521395
ENSG00000165275.12,22.9043106310924,26.6250984189495,34.5374560540694,26.0402490255119
ENSG00000165280.20,1513.8452856739,1290.61661283434,1036.12368162208,1102.37054208
ENSG00000165282.18,76.0595975674012,75.6713323485934,95.9373779279704,105.401007960405
ENSG00000165283.18,196.199189179546,165.355874391371,232.808037105208,194.68186176216
ENSG00000165304.10,279.605452421071,246.632490617638,257.112172846961,188.481802470372
ENSG00000165322.20,50.9945029145076,50.4475548990622,39.6541162102278,70.6806759263894
ENSG00000165338.18,24.2007810441731,18.2171726024391,5.11666015615842,9.92009486686167
ENSG00000165389.8,57.4768549799111,32.2303822966231,23.0249707027129,29.760284600585
ENSG00000165392.13,44.0799940447439,57.4541597461542,56.2832617177426,58.2805573428123
ENSG00000165406.18,15.5576449569684,7.00660484709198,20.4666406246337,13.6401304419348
ENSG00000165410.16,562.668159277025,483.455734449346,354.328715813971,306.282929014354
ENSG00000165416.17,36.7333283706199,42.0396290825519,40.9332812492674,38.440367609089
ENSG00000165417.14,12.5325473264468,22.4211355106943,21.7458056636733,7.44007115014625
ENSG00000165424.9,11.2360769133661,9.80924678592877,17.9083105465545,13.6401304419348
ENSG00000165458.17,37.1654851749801,61.6581226544094,49.8874365225446,34.7203320340158
ENSG00000165476.16,171.134094526653,133.125492094748,85.7040576156536,96.7209249519012
ENSG00000165480.18,114.521553155462,77.0726533180118,103.612368162208,95.4809130935435
ENSG00000165487.16,57.0446981755509,61.6581226544094,46.0499414054258,43.4004150425198
ENSG00000165490.15,134.400766156033,107.901714645216,75.4707373033367,79.3607589348933
ENSG00000165494.14,33.276073935738,26.6250984189495,25.5833007807921,32.2403083173004
ENSG00000165501.19,32.4117603270176,16.8158516330207,21.7458056636733,22.3202134504387
ENSG00000165502.9,105.014103459537,121.9149243394,172.687280270347,142.601363711136
ENSG00000165506.16,35.004701153179,35.0330242354599,39.6541162102278,26.0402490255119
ENSG00000165512.7,97.2352809810527,86.8819001039405,107.449863279327,119.04113840234
ENSG00000165516.13,80.3811656110035,74.270011379175,121.520678708763,130.201245127559
ENSG00000165525.20,84.7027336546059,100.895109798124,58.8415917958219,93.0008893768281
ENSG00000165526.11,69.1450886976374,57.4541597461542,99.7748730450892,102.92098424369
ENSG00000165527.10,88.592144893848,71.4673694403382,61.3999218739011,63.2406047762431
ENSG00000165533.21,31.1152899139369,40.6383081131335,39.6541162102278,32.2403083173004
ENSG00000165572.8,21.6078402180117,18.2171726024391,25.5833007807921,13.6401304419348
ENSG00000165609.16,149.094097504281,182.171726024391,172.687280270347,148.801423002925
ENSG00000165629.22,118.410964394704,103.697751736961,104.891533201248,91.7608775184704
ENSG00000165630.17,28.5223490877754,19.6184935718575,25.5833007807921,22.3202134504387
ENSG00000165632.10,12.964704130807,4.20396290825519,12.7916503903961,6.20005929178854
ENSG00000165637.16,460.67915344801,420.396290825519,423.403627922109,403.003853966255
ENSG00000165650.14,21.1756834136515,9.80924678592877,14.0708154294357,8.68008300850396
ENSG00000165660.10,75.1952839586807,56.0528387767358,61.3999218739011,49.6004743343083
ENSG00000165669.16,45.8086212621848,29.4277403577863,35.816621093109,32.2403083173004
ENSG00000165671.24,75.627440763041,86.8819001039405,70.3540771471783,60.7605810595277
ENSG00000165672.9,3343.59719533513,6846.85425657828,9178.00915510917,5860.29604259853
ENSG00000165675.21,28.9545058921357,16.8158516330207,29.4207958979109,42.1604031841621
ENSG00000165678.24,659.471283453717,533.903289348409,807.153139633991,748.967162448056
ENSG00000165688.16,225.585851876042,194.783614749157,171.408115231307,190.961826187087
ENSG00000165699.18,41.4870532185825,30.8290613272047,43.4916113273466,58.2805573428123
ENSG00000165704.17,97.6674377854129,82.6779371956853,69.0749121081387,69.4406640680317
ENSG00000165732.16,416.599159403266,344.724958476925,359.445375970129,415.403972549832
ENSG00000165733.10,265.776434681544,235.42192286229,272.462153315436,310.002964589427
ENSG00000165757.10,15.1254881526082,21.0198145412759,21.7458056636733,38.440367609089
ENSG00000165775.20,63.9592070453146,56.0528387767358,72.9124072252575,60.7605810595277
ENSG00000165782.13,49.6980325014269,0,10.2333203123168,38.440367609089
ENSG00000165792.20,97.2352809810527,148.54002275835,190.595590816901,177.321695745152
ENSG00000165795.27,34.5725443488187,35.0330242354599,16.6291455075149,22.3202134504387
ENSG00000165801.12,27.658035479055,23.8224564801127,16.6291455075149,19.8401897337233
ENSG00000165806.23,85.1348904589661,64.4607645932462,66.5165820300595,66.9606403513162
ENSG00000165813.22,22.9043106310924,35.0330242354599,14.0708154294357,27.2802608838696
ENSG00000165819.14,106.742730676978,107.901714645216,133.033164060119,158.721517869787
ENSG00000165821.13,17.7184289787696,15.4145306636024,14.0708154294357,21.080201592081
ENSG00000165832.8,139.586647808356,107.901714645216,86.9832226546932,79.3607589348933
ENSG00000165861.16,89.4564585025685,74.270011379175,63.9582519519803,44.6404269008775
ENSG00000165868.17,43.2156804360234,40.6383081131335,30.6999609369505,42.1604031841621
ENSG00000165886.7,21.1756834136515,18.2171726024391,12.7916503903961,8.68008300850396
ENSG00000165891.18,110.63214191622,105.09907270638,314.674599603743,316.203023881216
ENSG00000165898.16,39.3262691967813,49.0462339296438,62.6790869129407,47.1204506175929
ENSG00000165912.18,79.0846951979228,64.4607645932462,58.8415917958219,59.52056920117
ENSG00000165915.16,302.509763052164,438.613463427958,803.315644516872,698.12667625539
ENSG00000165916.11,496.548168209909,407.784402100753,347.932890618773,373.24356936567
ENSG00000165934.15,216.942715788837,234.020601892872,216.178891597693,169.881624595006
ENSG00000165943.7,62.6627366322339,75.6713323485934,78.0290673814159,50.840486192666
ENSG00000165959.14,34.5725443488187,44.8422710213887,23.0249707027129,24.8002371671542
ENSG00000165996.16,21.1756834136515,15.4145306636024,17.9083105465545,4.96004743343083
ENSG00000165997.7,15.9898017613287,18.2171726024391,7.67499023423763,11.1601067252194
ENSG00000166002.9,9.50744969592515,15.4145306636024,20.4666406246337,16.1201541586502
ENSG00000166004.16,18.1505857831298,39.2369871437151,23.0249707027129,18.6001778753656
ENSG00000166012.19,87.2956744807673,95.2898259204509,104.891533201248,99.2009486686166
ENSG00000166016.8,19.0148993918503,25.2237774495311,14.0708154294357,14.8801423002925
ENSG00000166024.16,55.31607095811,51.8488758684806,33.2582910150297,24.8002371671542
ENSG00000166025.20,96.3709673723322,105.09907270638,118.962348630683,100.440960526974
ENSG00000166037.13,94.6423401548913,106.500393675798,80.5873974594952,105.401007960405
ENSG00000166046.14,3.88941123924211,4.20396290825519,37.0957861321486,14.8801423002925
ENSG00000166068.15,31.5474467182971,21.0198145412759,8.95415527327724,18.6001778753656
ENSG00000166073.13,381.162301445726,381.159303681804,436.195278312506,362.083462640451
ENSG00000166086.15,57.0446981755509,67.263406532083,40.9332812492674,43.4004150425198
ENSG00000166123.16,101.124692220295,91.0858630121957,158.616464840911,155.001482294714
ENSG00000166128.15,101.989005829015,63.0594436238278,79.3082324204556,65.7206284929585
ENSG00000166130.16,125.757630068828,120.513603369982,131.753999021079,125.241197694129
ENSG00000166133.20,23.7686242398129,22.4211355106943,14.0708154294357,22.3202134504387
ENSG00000166135.16,250.650946528936,318.099860057976,353.049550774931,347.203320340158
ENSG00000166136.19,91.6172425243696,92.4871839816141,115.124853513565,124.001185835771
ENSG00000166140.18,49.2658756970667,32.2303822966231,31.9791259759901,24.8002371671542
ENSG00000166145.17,36.7333283706199,28.0264193883679,8.95415527327724,18.6001778753656
ENSG00000166147.17,31.1152899139369,49.0462339296438,38.3749511711882,34.7203320340158
ENSG00000166164.18,36.3011715662597,33.6317032660415,38.3749511711882,39.6803794674467
ENSG00000166165.16,27.2258786746947,25.2237774495311,11.5124853513564,21.080201592081
ENSG00000166166.15,46.240778066545,51.8488758684806,33.2582910150297,59.52056920117
ENSG00000166167.20,66.5521478714761,46.2435919908071,46.0499414054258,47.1204506175929
ENSG00000166169.19,17.7184289787696,18.2171726024391,38.3749511711882,22.3202134504387
ENSG00000166170.14,109.335671503139,63.0594436238278,70.3540771471783,85.5608182266819
ENSG00000166171.15,19.8792130005708,22.4211355106943,26.8624658198317,23.5602253087965
ENSG00000166173.12,15.9898017613287,5.60528387767358,19.1874755855941,24.8002371671542
ENSG00000166181.15,520.748949254082,508.679511898878,391.424501946119,446.404269008775
ENSG00000166197.19,571.74345216859,550.719140981429,498.874365225446,565.445407411115
ENSG00000166199.15,68.280775088917,67.263406532083,72.9124072252575,70.6806759263894
ENSG00000166200.17,126.189786873188,103.697751736961,102.333203123168,114.081090968909
ENSG00000166224.20,63.0948934365942,49.0462339296438,38.3749511711882,44.6404269008775
ENSG00000166225.11,107.174887481338,123.316245308819,72.9124072252575,105.401007960405
ENSG00000166226.15,882.896351307958,819.772767109761,709.936596666981,744.007115014625
ENSG00000166228.11,38.4619555880608,47.6449129602254,42.212446288307,43.4004150425198
ENSG00000166233.17,28.5223490877754,25.2237774495311,23.0249707027129,47.1204506175929
ENSG00000166246.16,7.34666567412398,9.80924678592877,12.7916503903961,16.1201541586502
ENSG00000166260.15,69.1450886976374,65.8620855626646,115.124853513565,104.160996102047
ENSG00000166261.13,19.0148993918503,12.6118887247656,26.8624658198317,34.7203320340158
ENSG00000166263.15,19.0148993918503,28.0264193883679,11.5124853513564,18.6001778753656
ENSG00000166266.16,60.5019526104328,50.4475548990622,46.0499414054258,65.7206284929585
ENSG00000166272.20,38.4619555880608,14.013209694184,12.7916503903961,14.8801423002925
ENSG00000166275.18,15.5576449569684,15.4145306636024,29.4207958979109,17.3601660170079
ENSG00000166295.11,48.4015620883462,44.8422710213887,47.3291064444654,47.1204506175929
ENSG00000166311.12,8.21097928284445,29.4277403577863,17.9083105465545,14.8801423002925
ENSG00000166313.22,300.781135834723,465.238561846907,342.816230462614,379.443628657459
ENSG00000166326.9,156.008606374044,147.138701788932,102.333203123168,121.521162119055
ENSG00000166333.16,564.396786494466,566.133671645032,555.157626943189,531.965087235457
ENSG00000166337.12,12.5325473264468,36.4343452048783,49.8874365225446,22.3202134504387
ENSG00000166340.20,607.612466930489,839.391260681619,1464.64396970035,1496.69431303775
ENSG00000166347.21,17.7184289787696,23.8224564801127,14.0708154294357,12.4001185835771
ENSG00000166348.22,36.3011715662597,40.6383081131335,43.4916113273466,52.0804980510237
ENSG00000166352.20,12.964704130807,16.8158516330207,14.0708154294357,23.5602253087965
ENSG00000166377.23,10.8039201090059,15.4145306636024,10.2333203123168,28.5202727422273
ENSG00000166396.15,9.93960650028538,4.20396290825519,26.8624658198317,22.3202134504387
ENSG00000166398.16,29.3866626964959,37.8356661742967,52.4457666006238,47.1204506175929
ENSG00000166401.17,18.5827425874901,21.0198145412759,81.8665624985348,101.680972385332
ENSG00000166411.16,230.771733528365,222.810034137525,216.178891597693,197.161885478876
ENSG00000166435.18,21.1756834136515,23.8224564801127,60.1207568348615,48.3604624759506
ENSG00000166436.19,6.05019526104328,16.8158516330207,21.7458056636733,22.3202134504387
ENSG00000166439.8,11.6682337177263,7.00660484709198,19.1874755855941,29.760284600585
ENSG00000166441.15,161.194488026367,144.336059850095,353.049550774931,204.601956629022
ENSG00000166444.21,39.3262691967813,49.0462339296438,34.5374560540694,31.0002964589427
ENSG00000166451.16,95.938810567972,103.697751736961,157.337299801871,117.801126543982
ENSG00000166452.14,47.5372484796257,47.6449129602254,44.7707763663862,26.0402490255119
ENSG00000166454.12,38.8941123924211,51.8488758684806,63.9582519519803,65.7206284929585
ENSG00000166471.13,76.0595975674012,54.6515178073174,57.5624267567823,89.280853801755
ENSG00000166477.15,93.3458697418106,120.513603369982,90.820717771812,63.2406047762431
ENSG00000166478.12,74.3309703499603,72.8686904097566,38.3749511711882,48.3604624759506
ENSG00000166479.12,168.541153700491,179.369084085555,181.641435543624,251.722407246615
ENSG00000166483.14,15.1254881526082,16.8158516330207,26.8624658198317,9.92009486686167
ENSG00000166484.22,45.8086212621848,30.8290613272047,44.7707763663862,48.3604624759506
ENSG00000166503.12,47.1050916752655,39.2369871437151,34.5374560540694,32.2403083173004
ENSG00000166507.21,18.1505857831298,43.4409500519703,25.5833007807921,52.0804980510237
ENSG00000166508.21,1124.90416174969,1073.41186257449,919.719663069476,1035.40990172869
ENSG00000166526.21,62.6627366322339,89.6845420427773,53.7249316396634,53.3205099093814
ENSG00000166529.18,10.8039201090059,19.6184935718575,24.3041357417525,16.1201541586502
ENSG00000166532.18,37.1654851749801,42.0396290825519,24.3041357417525,31.0002964589427
ENSG00000166548.18,6.05019526104328,1.4013209694184,21.7458056636733,16.1201541586502
ENSG00000166557.16,144.340372656318,158.349269544279,202.108076168258,202.121932912306
ENSG00000166562.12,12.964704130807,5.60528387767358,38.3749511711882,32.2403083173004
ENSG00000166575.19,49.2658756970667,44.8422710213887,60.1207568348615,44.6404269008775
ENSG00000166579.18,205.274482071111,319.501181027394,486.08271483505,394.323770957751
ENSG00000166595.13,16.4219585656889,19.6184935718575,28.1416308588713,17.3601660170079
ENSG00000166598.18,1484.89077978176,1409.72889523491,2370.29281734039,2486.2237760072
ENSG00000166619.17,315.042310378611,462.435919908071,597.370073231496,491.044695909652
ENSG00000166669.16,7.77882247848421,16.8158516330207,10.2333203123168,11.1601067252194
ENSG00000166681.16,138.290177395275,116.309640461727,173.966445309386,143.841375569494
ENSG00000166685.15,184.96311226618,170.961158269044,239.203862300406,224.442146362745
ENSG00000166689.20,15.5576449569684,14.013209694184,0,2.48002371671542
ENSG00000166710.25,468.457975926494,468.041203785744,452.82442382002,376.963604940743
ENSG00000166716.12,36.7333283706199,29.4277403577863,28.1416308588713,42.1604031841621
ENSG00000166734.22,178.048603396416,207.395503473923,211.062231441535,205.84196848738
ENSG00000166741.11,229.043106310924,204.592861535086,153.499804684753,128.961233269202
ENSG00000166747.15,175.887819374615,163.954553421952,97.21654296701,138.881328136063
ENSG00000166750.12,16.8541153700491,11.2105677553472,79.3082324204556,101.680972385332
ENSG00000166770.13,23.3364674354526,40.6383081131335,29.4207958979109,42.1604031841621
ENSG00000166783.24,29.3866626964959,21.0198145412759,35.816621093109,0
ENSG00000166788.12,126.621943677549,134.526813064166,139.428989255317,142.601363711136
ENSG00000166794.9,3069.60978137074,5365.65799190304,9717.81680158388,7397.91074696209
ENSG00000166797.14,72.6023431325193,77.0726533180118,104.891533201248,95.4809130935435
ENSG00000166801.19,77.7882247848421,47.6449129602254,33.2582910150297,42.1604031841621
ENSG00000166803.16,142.179588634517,145.737380819513,97.21654296701,86.8008300850396
ENSG00000166813.19,4.32156804360234,14.013209694184,1.27916503903961,11.1601067252194
ENSG00000166822.15,18.5827425874901,22.4211355106943,15.3499804684753,31.0002964589427
ENSG00000166831.11,16.8541153700491,32.2303822966231,39.6541162102278,12.4001185835771
ENSG00000166833.24,8.64313608720468,8.40792581651037,5.11666015615842,13.6401304419348
ENSG00000166845.17,22.9043106310924,11.2105677553472,7.67499023423763,14.8801423002925
ENSG00000166847.12,160.762331222007,141.533417911258,121.520678708763,111.601067252194
ENSG00000166848.9,87.2956744807673,70.0660484709198,80.5873974594952,102.92098424369
ENSG00000166851.17,503.462677079673,486.258376388183,364.562036126288,355.883403348662
ENSG00000166855.11,98.0995945897731,84.0792581651037,70.3540771471783,75.6407233598202
ENSG00000166860.5,20.311369804931,12.6118887247656,34.5374560540694,37.2003557507312
ENSG00000166881.12,167.676840091771,170.961158269044,172.687280270347,179.801719461868
ENSG00000166886.15,14.693331348248,9.80924678592877,11.5124853513564,19.8401897337233
ENSG00000166887.18,110.19998511186,117.710961431145,118.962348630683,127.721221410844
ENSG00000166888.15,62.2305798278737,70.0660484709198,67.7957470690991,68.2006522096739
ENSG00000166889.16,32.8439171313778,53.250196837899,56.2832617177426,35.9603438923735
ENSG00000166900.19,165.083899265609,152.743985666605,226.41221191001,264.122525830192
ENSG00000166902.7,72.1701863281591,75.6713323485934,76.7499023423763,59.52056920117
ENSG00000166908.20,171.998408135373,180.770405054973,182.920600582664,187.241790612014
ENSG00000166912.19,51.8588165232281,37.8356661742967,31.9791259759901,31.0002964589427
ENSG00000166913.15,1538.47822352243,1338.26152579457,1187.06515622875,1200.33147889026
ENSG00000166938.15,89.8886153069287,82.6779371956853,72.9124072252575,64.4806166346008
ENSG00000166946.16,105.446260263897,106.500393675798,162.45395995803,194.68186176216
ENSG00000166949.19,22.0399970223719,39.2369871437151,6.39582519519803,14.8801423002925
ENSG00000166963.14,5.61803845668304,22.4211355106943,10.2333203123168,4.96004743343083
ENSG00000166965.16,24.6329378485333,29.4277403577863,17.9083105465545,23.5602253087965
ENSG00000166971.19,26.7937218703345,32.2303822966231,47.3291064444654,37.2003557507312
ENSG00000166974.15,66.9843046758363,96.6911468898693,66.5165820300595,52.0804980510237
ENSG00000166986.17,587.301097125558,587.153486186308,974.723759748179,1023.00978314511
ENSG00000166987.17,11.2360769133661,8.40792581651037,12.7916503903961,13.6401304419348
ENSG00000166997.10,19.0148993918503,19.6184935718575,12.7916503903961,6.20005929178854
ENSG00000167004.16,1328.017859799,987.931283439969,1302.19000974232,1440.89377941166
ENSG00000167005.16,312.017212748089,295.678724547281,218.737221675773,228.162181937818
ENSG00000167065.16,25.929408261614,25.2237774495311,35.816621093109,23.5602253087965
ENSG00000167081.20,34.1403875444585,36.4343452048783,24.3041357417525,26.0402490255119
ENSG00000167085.16,349.182697923069,298.481366486118,349.212055657812,336.043213614939
ENSG00000167088.13,80.3811656110035,75.6713323485934,86.9832226546932,66.9606403513162
ENSG00000167106.14,6.91450886976375,16.8158516330207,12.7916503903961,16.1201541586502
ENSG00000167107.15,12.5325473264468,12.6118887247656,14.0708154294357,21.080201592081
ENSG00000167110.21,57.0446981755509,23.8224564801127,56.2832617177426,78.1207470765356
ENSG00000167112.12,75.1952839586807,71.4673694403382,95.9373779279704,99.2009486686166
ENSG00000167113.13,30.2509763052164,37.8356661742967,55.004096678703,52.0804980510237
ENSG00000167114.15,38.4619555880608,23.8224564801127,17.9083105465545,37.2003557507312
ENSG00000167118.13,62.2305798278737,65.8620855626646,57.5624267567823,53.3205099093814
ENSG00000167123.22,62.6627366322339,60.256801684991,83.1457275375744,86.8008300850396
ENSG00000167130.20,77.3560679804819,67.263406532083,47.3291064444654,63.2406047762431
ENSG00000167173.21,5.61803845668304,14.013209694184,16.6291455075149,19.8401897337233
ENSG00000167182.18,55.7482277624702,85.4805791345221,124.079008786842,81.8407826516087
ENSG00000167186.13,27.658035479055,21.0198145412759,19.1874755855941,22.3202134504387
ENSG00000167191.14,146.501156678119,179.369084085555,89.5415527327724,91.7608775184704
ENSG00000167193.9,296.891724595481,269.053626128332,134.312329099159,179.801719461868
ENSG00000167196.16,105.878417068257,103.697751736961,134.312329099159,91.7608775184704
ENSG00000167202.14,24.2007810441731,28.0264193883679,19.1874755855941,23.5602253087965
ENSG00000167220.14,39.7584260011415,47.6449129602254,40.9332812492674,39.6803794674467
ENSG00000167232.16,19.0148993918503,22.4211355106943,5.11666015615842,9.92009486686167
ENSG00000167244.23,22.0399970223719,40.6383081131335,23.0249707027129,35.9603438923735
ENSG00000167257.13,38.4619555880608,36.4343452048783,69.0749121081387,43.4004150425198
ENSG00000167258.18,43.6478372403836,46.2435919908071,35.816621093109,40.9203913258044
ENSG00000167264.20,37.5976419793404,49.0462339296438,47.3291064444654,52.0804980510237
ENSG00000167272.13,48.8337188927065,35.0330242354599,65.2374169910199,39.6803794674467
ENSG00000167283.11,136.561550177834,173.763800207881,188.037260738822,127.721221410844
ENSG00000167291.18,15.9898017613287,11.2105677553472,11.5124853513564,14.8801423002925
ENSG00000167302.13,12.5325473264468,11.2105677553472,16.6291455075149,24.8002371671542
ENSG00000167315.20,74.7631271543205,64.4607645932462,106.170698240287,97.9609368102589
ENSG00000167323.15,91.1850857200094,117.710961431145,92.0998828108516,111.601067252194
ENSG00000167325.17,1175.46650785984,992.135246348224,786.686499009357,762.607292889991
ENSG00000167333.15,39.3262691967813,32.2303822966231,38.3749511711882,37.2003557507312
ENSG00000167371.23,28.0901922834152,47.6449129602254,26.8624658198317,18.6001778753656
ENSG00000167377.21,23.3364674354526,30.8290613272047,23.0249707027129,22.3202134504387
ENSG00000167378.12,15.9898017613287,11.2105677553472,15.3499804684753,8.68008300850396
ENSG00000167380.19,21.1756834136515,18.2171726024391,34.5374560540694,27.2802608838696
ENSG00000167384.13,25.929408261614,25.2237774495311,21.7458056636733,14.8801423002925
ENSG00000167394.15,18.1505857831298,11.2105677553472,17.9083105465545,14.8801423002925
ENSG00000167395.12,66.5521478714761,93.8885049510325,129.195668943,86.8008300850396
ENSG00000167397.17,50.9945029145076,64.4607645932462,103.612368162208,66.9606403513162
ENSG00000167447.15,77.7882247848421,64.4607645932462,71.6332421862179,75.6407233598202
ENSG00000167460.20,999.146531680861,951.496938235091,501.432695303525,492.28470776801
ENSG00000167461.14,168.541153700491,79.8752952568485,84.424892576614,76.8807352181779
ENSG00000167468.21,101.124692220295,116.309640461727,125.358173825881,119.04113840234
ENSG00000167508.14,199.656443614428,183.57304699381,61.3999218739011,53.3205099093814
ENSG00000167513.11,9.50744969592515,19.6184935718575,16.6291455075149,22.3202134504387
ENSG00000167515.13,36.3011715662597,39.2369871437151,44.7707763663862,43.4004150425198
ENSG00000167522.19,7.77882247848421,16.8158516330207,29.4207958979109,13.6401304419348
ENSG00000167523.16,10.8039201090059,14.013209694184,10.2333203123168,3.72003557507312
ENSG00000167526.17,396.287789598335,339.119674599252,602.486733387654,534.445110952172
ENSG00000167535.10,56.1803845668304,32.2303822966231,26.8624658198317,24.8002371671542
ENSG00000167536.16,17.7184289787696,11.2105677553472,19.1874755855941,6.20005929178854
ENSG00000167543.18,28.5223490877754,22.4211355106943,48.608271483505,32.2403083173004
ENSG00000167548.19,111.928612329301,161.151911483115,191.874755855941,208.321992204095
ENSG00000167550.13,6.91450886976375,4.20396290825519,17.9083105465545,23.5602253087965
ENSG00000167552.18,813.751262610321,804.358236446159,309.557939447585,310.002964589427
ENSG00000167553.19,710.897943172585,724.482941189311,743.194887682011,818.407826516087
ENSG00000167555.16,14.693331348248,15.4145306636024,17.9083105465545,17.3601660170079
ENSG00000167562.16,15.5576449569684,22.4211355106943,12.7916503903961,9.92009486686167
ENSG00000167566.19,18.1505857831298,23.8224564801127,20.4666406246337,19.8401897337233
ENSG00000167595.18,12.5325473264468,15.4145306636024,28.1416308588713,13.6401304419348
ENSG00000167600.16,18.5827425874901,11.2105677553472,24.3041357417525,27.2802608838696
ENSG00000167601.14,506.055617905834,434.409500519703,511.666015615842,525.765027943668
ENSG00000167615.20,9.07529289156492,0,25.5833007807921,19.8401897337233
ENSG00000167625.14,21.6078402180117,21.0198145412759,20.4666406246337,22.3202134504387
ENSG00000167632.20,13.3968609351673,23.8224564801127,15.3499804684753,19.8401897337233
ENSG00000167635.14,165.94821287433,155.546627605442,145.824814450515,179.801719461868
ENSG00000167645.19,41.0548964142222,46.2435919908071,79.3082324204556,78.1207470765356
ENSG00000167657.16,72.6023431325193,56.0528387767358,24.3041357417525,58.2805573428123
ENSG00000167658.18,606.315996517408,657.219534657228,761.103198228565,1004.40960526974
ENSG00000167670.18,103.717633046456,85.4805791345221,61.3999218739011,60.7605810595277
ENSG00000167674.17,29.3866626964959,22.4211355106943,16.6291455075149,11.1601067252194
ENSG00000167693.18,28.9545058921357,25.2237774495311,6.39582519519803,23.5602253087965
ENSG00000167695.16,50.5623461101474,33.6317032660415,55.004096678703,59.52056920117
ENSG00000167699.16,105.446260263897,119.112282400564,179.083105465545,143.841375569494
ENSG00000167700.11,9.50744969592515,5.60528387767358,11.5124853513564,14.8801423002925
ENSG00000167716.20,9.93960650028538,0,7.67499023423763,27.2802608838696
ENSG00000167720.15,35.4368579575392,26.6250984189495,35.816621093109,29.760284600585
ENSG00000167721.13,456.789742208767,403.580439192498,390.14533690708,467.484470600856
ENSG00000167740.11,22.9043106310924,21.0198145412759,30.6999609369505,43.4004150425198
ENSG00000167766.24,13.3968609351673,21.0198145412759,12.7916503903961,17.3601660170079
ENSG00000167767.15,117.546650785984,145.737380819513,14.0708154294357,22.3202134504387
ENSG00000167770.15,254.540357768178,364.343452048783,367.120366204367,333.563189898223
ENSG00000167772.14,0,0,51.1666015615842,35.9603438923735
ENSG00000167774.2,9.93960650028538,2.80264193883679,0,14.8801423002925
ENSG00000167775.13,57.4768549799111,54.6515178073174,79.3082324204556,69.4406640680317
ENSG00000167778.11,78.6525383935626,79.8752952568485,107.449863279327,145.081387427852
ENSG00000167779.11,18.1505857831298,23.8224564801127,25.5833007807921,27.2802608838696
ENSG00000167785.11,33.7082307400983,21.0198145412759,21.7458056636733,17.3601660170079
ENSG00000167792.15,134.400766156033,141.533417911258,140.708154294357,172.361648311721
ENSG00000167797.10,136.993706982194,255.040416434148,748.311547838169,510.884885643376
ENSG00000167815.14,88.592144893848,78.4739742874302,131.753999021079,110.361055393836
ENSG00000167840.16,30.6831331095766,21.0198145412759,30.6999609369505,33.4803201756581
ENSG00000167842.18,105.014103459537,92.4871839816141,116.404018552604,104.160996102047
ENSG00000167861.18,6.48235206540351,9.80924678592877,20.4666406246337,22.3202134504387
ENSG00000167862.12,25.4972514572538,26.6250984189495,53.7249316396634,47.1204506175929
ENSG00000167863.14,31.9796035226573,28.0264193883679,34.5374560540694,37.2003557507312
ENSG00000167881.17,493.523070579387,381.159303681804,448.986928702902,500.964790776514
ENSG00000167889.15,17.7184289787696,25.2237774495311,12.7916503903961,9.92009486686167
ENSG00000167900.15,1196.64219127349,1073.41186257449,1138.45688474525,1061.4501507542
ENSG00000167904.18,27.2258786746947,28.0264193883679,31.9791259759901,53.3205099093814
ENSG00000167920.13,14.2611745438877,19.6184935718575,12.7916503903961,14.8801423002925
ENSG00000167925.19,9.93960650028538,12.6118887247656,10.2333203123168,16.1201541586502
ENSG00000167930.19,115.385866764182,95.2898259204509,90.820717771812,97.9609368102589
ENSG00000167965.20,85.1348904589661,75.6713323485934,136.870659177238,128.961233269202
ENSG00000167967.18,28.9545058921357,23.8224564801127,30.6999609369505,32.2403083173004
ENSG00000167977.11,100.692535415935,78.4739742874302,61.3999218739011,75.6407233598202
ENSG00000167978.20,167.676840091771,243.829848678801,222.574716792891,233.122229371249
ENSG00000167981.8,16.4219585656889,16.8158516330207,23.0249707027129,33.4803201756581
ENSG00000167985.10,60.0697958060725,58.8554807155726,63.9582519519803,69.4406640680317
ENSG00000167986.17,747.199114738845,550.719140981429,465.616074210416,569.165442986188
ENSG00000167987.13,15.9898017613287,15.4145306636024,16.6291455075149,16.1201541586502
ENSG00000167996.18,1098.97475348808,1013.1550608895,2175.85973140637,1990.21903266412
ENSG00000168000.18,59.2054821973521,51.8488758684806,60.1207568348615,75.6407233598202
ENSG00000168002.14,89.0243016982082,98.0924678592877,111.287358396446,126.481209552486
ENSG00000168003.21,310.288585530648,315.297218119139,968.327934552981,1089.97042349643
ENSG00000168010.13,7.34666567412398,7.00660484709198,20.4666406246337,13.6401304419348
ENSG00000168014.20,171.134094526653,249.435132556474,102.333203123168,99.2009486686166
ENSG00000168028.17,412.709748164024,371.350056895875,660.049160144437,581.565561569765
ENSG00000168036.21,72.1701863281591,68.6647275015014,43.4916113273466,57.0405454844546
ENSG00000168038.13,26.7937218703345,12.6118887247656,21.7458056636733,21.080201592081
ENSG00000168040.7,48.4015620883462,32.2303822966231,23.0249707027129,31.0002964589427
ENSG00000168066.24,130.943511721151,138.730775972421,134.312329099159,122.761173977413
ENSG00000168067.14,25.4972514572538,25.2237774495311,12.7916503903961,22.3202134504387
ENSG00000168078.12,148.22978389556,120.513603369982,112.566523435485,86.8008300850396
ENSG00000168090.12,358.257990814634,308.290613272047,370.957861321486,334.803201756581
ENSG00000168092.16,58.7733253929918,44.8422710213887,78.0290673814159,59.52056920117
ENSG00000168096.17,28.0901922834152,25.2237774495311,28.1416308588713,27.2802608838696
ENSG00000168101.17,28.0901922834152,8.40792581651037,24.3041357417525,19.8401897337233
ENSG00000168116.17,49.6980325014269,49.0462339296438,29.4207958979109,29.760284600585
ENSG00000168118.14,36.7333283706199,42.0396290825519,44.7707763663862,33.4803201756581
ENSG00000168137.22,49.2658756970667,71.4673694403382,79.3082324204556,73.1606996431048
ENSG00000168140.7,31.1152899139369,35.0330242354599,2.55833007807921,0
ENSG00000168152.14,6.91450886976375,12.6118887247656,12.7916503903961,3.72003557507312
ENSG00000168172.11,47.969405283986,51.8488758684806,42.212446288307,55.8005336260969
ENSG00000168175.18,446.850135708482,437.212142458539,260.94966796408,306.282929014354
ENSG00000168209.8,21.6078402180117,26.6250984189495,48.608271483505,53.3205099093814
ENSG00000168214.24,294.73094057368,238.224564801127,175.245610348426,174.841672028437
ENSG00000168216.15,40.1905828055018,64.4607645932462,133.033164060119,101.680972385332
ENSG00000168228.18,40.1905828055018,25.2237774495311,29.4207958979109,38.440367609089
ENSG00000168237.20,6.91450886976375,7.00660484709198,10.2333203123168,28.5202727422273
ENSG00000168246.8,47.969405283986,26.6250984189495,31.9791259759901,40.9203913258044
ENSG00000168255.20,28.9545058921357,39.2369871437151,110.008193357406,50.840486192666
ENSG00000168256.20,149.526254308641,144.336059850095,133.033164060119,128.961233269202
ENSG00000168259.19,169.405467309212,100.895109798124,103.612368162208,107.881031677121
ENSG00000168264.14,14.2611745438877,19.6184935718575,38.3749511711882,34.7203320340158
ENSG00000168268.13,25.0650946528936,32.2303822966231,46.0499414054258,52.0804980510237
ENSG00000168275.17,7.34666567412398,7.00660484709198,10.2333203123168,16.1201541586502
ENSG00000168280.19,9.07529289156492,8.40792581651037,10.2333203123168,12.4001185835771
ENSG00000168282.7,36.3011715662597,2.80264193883679,10.2333203123168,21.080201592081
ENSG00000168283.16,24.6329378485333,39.2369871437151,20.4666406246337,21.080201592081
ENSG00000168286.3,16.4219585656889,12.6118887247656,11.5124853513564,26.0402490255119
ENSG00000168288.15,241.575653637371,183.57304699381,258.391337886,250.482395388257
ENSG00000168291.15,184.09879865746,179.369084085555,158.616464840911,150.041434861283
ENSG00000168297.18,35.4368579575392,25.2237774495311,44.7707763663862,62.0005929178854
ENSG00000168300.16,22.0399970223719,21.0198145412759,14.0708154294357,32.2403083173004
ENSG00000168303.10,13.3968609351673,18.2171726024391,15.3499804684753,11.1601067252194
ENSG00000168310.14,17.7184289787696,25.2237774495311,38.3749511711882,23.5602253087965
ENSG00000168374.13,865.177922329189,954.299580173927,1393.01072751413,1230.09176349085
ENSG00000168385.20,1521.62410815238,1314.43906931446,1160.20269040892,1278.4522259668
ENSG00000168386.20,32.4117603270176,33.6317032660415,11.5124853513564,18.6001778753656
ENSG00000168389.20,15.9898017613287,12.6118887247656,24.3041357417525,33.4803201756581
ENSG00000168393.15,110.63214191622,105.09907270638,161.17479491899,138.881328136063
ENSG00000168394.15,68.280775088917,47.6449129602254,71.6332421862179,86.8008300850396
ENSG00000168395.18,47.1050916752655,64.4607645932462,76.7499023423763,74.4007115014625
ENSG00000168397.19,90.7529289156492,116.309640461727,134.312329099159,137.641316277706
ENSG00000168404.15,9.07529289156492,18.2171726024391,11.5124853513564,14.8801423002925
ENSG00000168411.16,191.445464331584,173.763800207881,207.224736324416,199.641909195591
ENSG00000168434.15,34.5725443488187,35.0330242354599,37.0957861321486,38.440367609089
ENSG00000168438.17,43.2156804360234,44.8422710213887,29.4207958979109,28.5202727422273
ENSG00000168439.19,753.249309999888,620.785189452349,438.753608390585,514.604921218449
ENSG00000168461.15,32.4117603270176,33.6317032660415,30.6999609369505,34.7203320340158
ENSG00000168476.14,66.1199910671158,60.256801684991,103.612368162208,114.081090968909
ENSG00000168487.21,35.8690147618994,43.4409500519703,39.6541162102278,38.440367609089
ENSG00000168488.21,113.657239546742,166.757195360789,281.416308588713,240.562300521395
ENSG00000168495.15,79.5168520022831,60.256801684991,75.4707373033367,127.721221410844
ENSG00000168496.6,580.386588255794,494.666302204694,382.470346672842,404.243865824613
ENSG00000168502.20,8.64313608720468,15.4145306636024,8.95415527327724,13.6401304419348
ENSG00000168522.15,135.697236569113,126.118887247656,116.404018552604,143.841375569494
ENSG00000168528.14,45.3764644578246,37.8356661742967,37.0957861321486,52.0804980510237
ENSG00000168538.18,181.073701026938,285.869477761353,346.653725579733,391.843747241036
ENSG00000168556.8,23.7686242398129,18.2171726024391,23.0249707027129,17.3601660170079
ENSG00000168564.8,91.6172425243696,91.0858630121957,38.3749511711882,48.3604624759506
ENSG00000168566.15,78.6525383935626,134.526813064166,134.312329099159,137.641316277706
ENSG00000168569.10,13.3968609351673,15.4145306636024,17.9083105465545,13.6401304419348
ENSG00000168575.13,139.586647808356,165.355874391371,116.404018552604,124.001185835771
ENSG00000168591.18,101.556849024655,72.8686904097566,75.4707373033367,120.281150260698
ENSG00000168610.19,131.375668525511,121.9149243394,76.7499023423763,88.0408419433973
ENSG00000168612.7,58.3411685886316,91.0858630121957,52.4457666006238,48.3604624759506
ENSG00000168615.15,1194.48140725169,1107.04356584053,750.869877916248,768.807352181779
ENSG00000168621.17,6.91450886976375,7.00660484709198,15.3499804684753,16.1201541586502
ENSG00000168653.13,78.6525383935626,74.270011379175,70.3540771471783,62.0005929178854
ENSG00000168661.17,5.61803845668304,7.00660484709198,16.6291455075149,2.48002371671542
ENSG00000168672.6,20.311369804931,12.6118887247656,21.7458056636733,24.8002371671542
ENSG00000168685.17,31.1152899139369,35.0330242354599,28.1416308588713,32.2403083173004
ENSG00000168701.20,31.9796035226573,26.6250984189495,69.0749121081387,86.8008300850396
ENSG00000168710.20,169.405467309212,126.118887247656,115.124853513565,107.881031677121
ENSG00000168724.20,15.9898017613287,14.013209694184,11.5124853513564,17.3601660170079
ENSG00000168734.16,13.8290177395275,11.2105677553472,16.6291455075149,22.3202134504387
ENSG00000168758.13,16.8541153700491,36.4343452048783,29.4207958979109,35.9603438923735
ENSG00000168763.18,31.1152899139369,49.0462339296438,179.083105465545,120.281150260698
ENSG00000168778.15,13.8290177395275,19.6184935718575,23.0249707027129,17.3601660170079
ENSG00000168779.21,4.75372484796257,4.20396290825519,5.11666015615842,12.4001185835771
ENSG00000168781.26,19.8792130005708,14.013209694184,49.8874365225446,47.1204506175929
ENSG00000168785.10,86.4313608720468,106.500393675798,110.008193357406,75.6407233598202
ENSG00000168795.7,14.2611745438877,15.4145306636024,8.95415527327724,8.68008300850396
ENSG00000168802.15,134.832922960393,182.171726024391,43.4916113273466,193.441849903802
ENSG00000168803.18,40.1905828055018,42.0396290825519,44.7707763663862,59.52056920117
ENSG00000168806.8,34.1403875444585,26.6250984189495,24.3041357417525,32.2403083173004
ENSG00000168813.19,42.7835236316632,36.4343452048783,43.4916113273466,34.7203320340158
ENSG00000168818.12,41.9192100229427,32.2303822966231,42.212446288307,47.1204506175929
ENSG00000168827.17,246.329378485333,201.790219596249,185.478930660743,220.722110787672
ENSG00000168872.19,105.878417068257,117.710961431145,84.424892576614,88.0408419433973
ENSG00000168876.11,46.240778066545,40.6383081131335,53.7249316396634,37.2003557507312
ENSG00000168883.22,201.817227636229,159.750590513697,163.73312499707,171.121636453364
ENSG00000168884.17,46.240778066545,50.4475548990622,35.816621093109,31.0002964589427
ENSG00000168887.13,55.31607095811,78.4739742874302,121.520678708763,95.4809130935435
ENSG00000168890.16,7.34666567412398,4.20396290825519,12.7916503903961,22.3202134504387
ENSG00000168894.12,101.556849024655,241.027206739964,429.799453117308,312.482988306142
ENSG00000168904.17,16.4219585656889,21.0198145412759,19.1874755855941,17.3601660170079
ENSG00000168906.15,564.828943298826,702.061805678616,725.286577135456,758.887257314917
ENSG00000168917.11,27.2258786746947,25.2237774495311,34.5374560540694,38.440367609089
ENSG00000168924.17,50.5623461101474,37.8356661742967,24.3041357417525,48.3604624759506
ENSG00000168936.14,17.2862721744094,12.6118887247656,20.4666406246337,22.3202134504387
ENSG00000168938.8,25.929408261614,28.0264193883679,42.212446288307,39.6803794674467
ENSG00000168944.18,39.3262691967813,32.2303822966231,52.4457666006238,60.7605810595277
ENSG00000168958.23,118.843121199064,114.908319492308,126.637338864921,121.521162119055
ENSG00000168994.15,12.964704130807,2.80264193883679,11.5124853513564,14.8801423002925
ENSG00000169016.19,56.1803845668304,50.4475548990622,52.4457666006238,70.6806759263894
ENSG00000169018.7,68.280775088917,54.6515178073174,42.212446288307,50.840486192666
ENSG00000169019.13,61.3662662191532,43.4409500519703,44.7707763663862,50.840486192666
ENSG00000169020.12,20.7435266092912,30.8290613272047,33.2582910150297,33.4803201756581
ENSG00000169021.8,134.832922960393,100.895109798124,85.7040576156536,85.5608182266819
ENSG00000169032.13,82.9741064371649,61.6581226544094,58.8415917958219,48.3604624759506
ENSG00000169045.21,111.928612329301,72.8686904097566,17.9083105465545,74.4007115014625
ENSG00000169047.8,61.7984230235135,84.0792581651037,33.2582910150297,29.760284600585
ENSG00000169057.27,40.622739609862,54.6515178073174,47.3291064444654,48.3604624759506
ENSG00000169062.17,57.4768549799111,63.0594436238278,56.2832617177426,59.52056920117
ENSG00000169071.17,12.1003905220866,16.8158516330207,12.7916503903961,14.8801423002925
ENSG00000169084.16,22.9043106310924,21.0198145412759,29.4207958979109,26.0402490255119
ENSG00000169087.13,29.3866626964959,39.2369871437151,93.3790478498912,60.7605810595277
ENSG00000169093.18,17.2862721744094,18.2171726024391,11.5124853513564,22.3202134504387
ENSG00000169100.16,413.574061772744,357.336847201691,584.5784228411,582.805573428123
ENSG00000169105.8,24.6329378485333,46.2435919908071,29.4207958979109,27.2802608838696
ENSG00000169118.20,47.5372484796257,57.4541597461542,44.7707763663862,40.9203913258044
ENSG00000169129.18,6.91450886976375,16.8158516330207,3.83749511711882,7.44007115014625
ENSG00000169131.15,38.4619555880608,42.0396290825519,49.8874365225446,53.3205099093814
ENSG00000169139.14,205.274482071111,207.395503473923,150.941474606673,136.401304419348
ENSG00000169155.12,34.5725443488187,54.6515178073174,46.0499414054258,35.9603438923735
ENSG00000169169.17,50.9945029145076,67.263406532083,53.7249316396634,63.2406047762431
ENSG00000169174.15,45.3764644578246,33.6317032660415,3.83749511711882,7.44007115014625
ENSG00000169180.14,70.0094023063579,107.901714645216,86.9832226546932,70.6806759263894
ENSG00000169188.7,133.536452547312,130.322850155911,129.195668943,138.881328136063
ENSG00000169189.19,38.0297987837006,30.8290613272047,55.004096678703,57.0405454844546
ENSG00000169203.19,4.75372484796257,0,14.0708154294357,0
ENSG00000169213.9,334.489366574821,396.573834345406,408.053647453634,350.923355915231
ENSG00000169217.11,121.003905220866,127.520208217074,99.7748730450892,97.9609368102589
ENSG00000169220.20,9.07529289156492,14.013209694184,7.67499023423763,16.1201541586502
ENSG00000169221.16,9.93960650028538,11.2105677553472,11.5124853513564,12.4001185835771
ENSG00000169223.18,186.691739483621,154.145306636024,235.366367183287,158.721517869787
ENSG00000169228.16,34.1403875444585,46.2435919908071,125.358173825881,104.160996102047
ENSG00000169230.12,213.917618158316,156.94794857486,245.599687495604,225.682158221103
ENSG00000169231.15,39.3262691967813,35.0330242354599,26.8624658198317,38.440367609089
ENSG00000169239.16,14.693331348248,16.8158516330207,8.95415527327724,12.4001185835771
ENSG00000169241.21,27.658035479055,36.4343452048783,39.6541162102278,58.2805573428123
ENSG00000169242.14,12.5325473264468,18.2171726024391,6.39582519519803,7.44007115014625
ENSG00000169246.17,22.4721538267322,16.8158516330207,30.6999609369505,42.1604031841621
ENSG00000169251.15,243.304280854812,213.000787351596,230.249707027129,226.922170079461
ENSG00000169252.6,31.1152899139369,47.6449129602254,44.7707763663862,44.6404269008775
ENSG00000169255.17,21.1756834136515,18.2171726024391,14.0708154294357,24.8002371671542
ENSG00000169258.9,183.666641853099,333.514390721578,232.808037105208,140.121339994421
ENSG00000169288.20,27.658035479055,22.4211355106943,31.9791259759901,22.3202134504387
ENSG00000169299.16,80.3811656110035,84.0792581651037,118.962348630683,111.601067252194
ENSG00000169359.18,63.9592070453146,57.4541597461542,124.079008786842,142.601363711136
ENSG00000169371.16,57.4768549799111,47.6449129602254,55.004096678703,73.1606996431048
ENSG00000169372.15,4.32156804360234,8.40792581651037,16.6291455075149,21.080201592081
ENSG00000169375.19,79.5168520022831,75.6713323485934,47.3291064444654,70.6806759263894
ENSG00000169379.18,49.6980325014269,40.6383081131335,39.6541162102278,39.6803794674467
ENSG00000169398.22,365.604656488758,351.731563324017,168.849785153228,252.962419104972
ENSG00000169410.13,25.0650946528936,32.2303822966231,19.1874755855941,28.5202727422273
ENSG00000169429.14,3.88941123924211,0,30.6999609369505,24.8002371671542
ENSG00000169432.20,14.693331348248,22.4211355106943,15.3499804684753,26.0402490255119
ENSG00000169439.14,121.436062025226,82.6779371956853,20.4666406246337,24.8002371671542
ENSG00000169446.8,308.992115117567,311.093255210884,450.266093741941,352.163367773589
ENSG00000169490.19,120.571748416505,88.2832210733589,85.7040576156536,85.5608182266819
ENSG00000169499.17,12.5325473264468,11.2105677553472,11.5124853513564,14.8801423002925
ENSG00000169504.17,2085.58873784249,1915.60576519495,1293.23585446904,1308.21251056738
ENSG00000169515.9,13.3968609351673,7.00660484709198,6.39582519519803,17.3601660170079
ENSG00000169519.23,62.6627366322339,54.6515178073174,51.1666015615842,49.6004743343083
ENSG00000169554.25,110.19998511186,112.105677553472,76.7499023423763,69.4406640680317
ENSG00000169564.7,305.967017487046,608.173300727584,924.836323225635,695.646652538674
ENSG00000169567.15,149.526254308641,141.533417911258,205.945571285377,167.401600878291
ENSG00000169592.17,10.3717633046456,16.8158516330207,10.2333203123168,6.20005929178854
ENSG00000169594.14,63.0948934365942,57.4541597461542,47.3291064444654,33.4803201756581
ENSG00000169599.15,31.5474467182971,25.2237774495311,25.5833007807921,27.2802608838696
ENSG00000169604.23,62.2305798278737,92.4871839816141,104.891533201248,90.5208656601127
ENSG00000169607.14,132.239982134232,165.355874391371,60.1207568348615,75.6407233598202
ENSG00000169609.15,31.9796035226573,30.8290613272047,46.0499414054258,40.9203913258044
ENSG00000169612.6,35.8690147618994,36.4343452048783,38.3749511711882,45.8804387592352
ENSG00000169627.11,11.6682337177263,11.2105677553472,29.4207958979109,29.760284600585
ENSG00000169629.13,21.6078402180117,23.8224564801127,16.6291455075149,24.8002371671542
ENSG00000169641.16,71.7380295237989,105.09907270638,42.212446288307,43.4004150425198
ENSG00000169679.17,414.438375381464,340.52099556867,244.320522456565,254.20243096333
ENSG00000169682.19,38.8941123924211,30.8290613272047,38.3749511711882,55.8005336260969
ENSG00000169683.10,17.2862721744094,9.80924678592877,7.67499023423763,12.4001185835771
ENSG00000169689.17,43.2156804360234,32.2303822966231,67.7957470690991,29.760284600585
ENSG00000169692.16,41.0548964142222,30.8290613272047,56.2832617177426,42.1604031841621
ENSG00000169696.18,33.276073935738,29.4277403577863,39.6541162102278,54.5605217677392
ENSG00000169710.11,156.872919982765,163.954553421952,58.8415917958219,76.8807352181779
ENSG00000169714.19,624.034425496178,596.962732972236,964.490439435863,855.608182266819
ENSG00000169715.16,4.32156804360234,1.4013209694184,35.816621093109,38.440367609089
ENSG00000169718.20,6.05019526104328,7.00660484709198,12.7916503903961,8.68008300850396
ENSG00000169727.16,408.388180120421,433.008179550284,470.732734366575,465.004446884141
ENSG00000169733.14,18.5827425874901,15.4145306636024,28.1416308588713,38.440367609089
ENSG00000169738.10,80.8133224153638,88.2832210733589,95.9373779279704,95.4809130935435
ENSG00000169740.16,10.3717633046456,12.6118887247656,16.6291455075149,11.1601067252194
ENSG00000169756.19,79.5168520022831,79.8752952568485,57.5624267567823,60.7605810595277
ENSG00000169764.18,233.796831158887,262.04702128124,176.524775387466,157.481506011429
ENSG00000169813.19,662.064224279879,603.969337819329,527.015996084318,566.685419269473
ENSG00000169814.20,27.658035479055,23.8224564801127,26.8624658198317,35.9603438923735
ENSG00000169826.10,47.969405283986,56.0528387767358,75.4707373033367,80.600770793251
ENSG00000169871.15,16.8541153700491,15.4145306636024,2.55833007807921,9.92009486686167
ENSG00000169895.8,145.636843069399,141.533417911258,133.033164060119,99.2009486686166
ENSG00000169902.17,108.039201090059,130.322850155911,74.1915722642971,79.3607589348933
ENSG00000169905.15,29.3866626964959,28.0264193883679,21.7458056636733,23.5602253087965
ENSG00000169908.14,117.114493981623,95.2898259204509,173.966445309386,173.601660170079
ENSG00000169919.19,119.707434807785,106.500393675798,131.753999021079,114.081090968909
ENSG00000169925.19,35.8690147618994,46.2435919908071,30.6999609369505,33.4803201756581
ENSG00000169951.12,12.5325473264468,14.013209694184,14.0708154294357,21.080201592081
ENSG00000169955.10,15.1254881526082,4.20396290825519,14.0708154294357,9.92009486686167
ENSG00000169957.11,18.1505857831298,22.4211355106943,28.1416308588713,37.2003557507312
ENSG00000169964.10,9.50744969592515,9.80924678592877,17.9083105465545,24.8002371671542
ENSG00000169967.19,7.77882247848421,7.00660484709198,14.0708154294357,8.68008300850396
ENSG00000169972.15,24.6329378485333,16.8158516330207,25.5833007807921,35.9603438923735
ENSG00000169976.7,33.276073935738,32.2303822966231,52.4457666006238,29.760284600585
ENSG00000169981.13,20.7435266092912,32.2303822966231,10.2333203123168,4.96004743343083
ENSG00000169994.22,6.91450886976375,15.4145306636024,19.1874755855941,14.8801423002925
ENSG00000170004.20,55.31607095811,81.2766162262669,44.7707763663862,34.7203320340158
ENSG00000170006.15,10.3717633046456,7.00660484709198,33.2582910150297,31.0002964589427
ENSG00000170017.14,830.60537798037,753.910681547097,645.978344715001,654.72626121287
ENSG00000170027.8,36.7333283706199,54.6515178073174,44.7707763663862,43.4004150425198
ENSG00000170035.18,80.3811656110035,67.263406532083,40.9332812492674,40.9203913258044
ENSG00000170037.16,70.8737159150784,65.8620855626646,66.5165820300595,38.440367609089
ENSG00000170043.14,54.8839141537497,51.8488758684806,65.2374169910199,54.5605217677392
ENSG00000170085.20,21.6078402180117,19.6184935718575,16.6291455075149,7.44007115014625
ENSG00000170088.16,35.8690147618994,36.4343452048783,44.7707763663862,55.8005336260969
ENSG00000170100.16,14.2611745438877,11.2105677553472,15.3499804684753,21.080201592081
ENSG00000170113.18,77.3560679804819,75.6713323485934,38.3749511711882,65.7206284929585
ENSG00000170142.14,5.18588165232281,8.40792581651037,14.0708154294357,13.6401304419348
ENSG00000170144.25,189.284680309783,193.382293779739,145.824814450515,156.241494153071
ENSG00000170145.7,36.3011715662597,25.2237774495311,20.4666406246337,35.9603438923735
ENSG00000170175.12,32.8439171313778,29.4277403577863,48.608271483505,31.0002964589427
ENSG00000170185.14,38.4619555880608,33.6317032660415,33.2582910150297,18.6001778753656
ENSG00000170190.18,9.07529289156492,14.013209694184,5.11666015615842,9.92009486686167
ENSG00000170191.6,58.3411685886316,39.2369871437151,24.3041357417525,39.6803794674467
ENSG00000170234.15,25.929408261614,23.8224564801127,24.3041357417525,23.5602253087965
ENSG00000170242.21,226.018008680402,207.395503473923,140.708154294357,179.801719461868
ENSG00000170248.17,263.615650659743,197.586256687994,263.507998042159,217.002075212599
ENSG00000170260.11,37.1654851749801,35.0330242354599,31.9791259759901,43.4004150425198
ENSG00000170264.15,11.2360769133661,5.60528387767358,25.5833007807921,19.8401897337233
ENSG00000170265.14,12.964704130807,16.8158516330207,20.4666406246337,13.6401304419348
ENSG00000170266.17,171.998408135373,163.954553421952,154.778969723792,168.641612736648
ENSG00000170275.17,363.011715662597,491.863660265857,863.436401351734,763.847304748348
ENSG00000170291.19,54.4517573493895,8.40792581651037,63.9582519519803,8.68008300850396
ENSG00000170296.12,226.882322289123,253.63909546473,336.420405267416,265.36253768855
ENSG00000170310.17,10.3717633046456,19.6184935718575,33.2582910150297,23.5602253087965
ENSG00000170312.19,425.674452294831,365.744773018201,272.462153315436,245.522347954826
ENSG00000170315.16,1101.13553750988,916.463913999631,1696.17284176652,1609.53539214831
ENSG00000170322.17,73.8988135456,64.4607645932462,56.2832617177426,42.1604031841621
ENSG00000170325.18,15.9898017613287,14.013209694184,10.2333203123168,11.1601067252194
ENSG00000170340.13,56.6125413711907,75.6713323485934,39.6541162102278,33.4803201756581
ENSG00000170345.13,82.9741064371649,135.928134033584,72.9124072252575,101.680972385332
ENSG00000170348.11,459.382683034929,402.17911822308,538.528481435674,556.765324402611
ENSG00000170364.15,7.77882247848421,14.013209694184,7.67499023423763,7.44007115014625
ENSG00000170365.12,26.3615650659743,30.8290613272047,29.4207958979109,24.8002371671542
ENSG00000170396.9,77.7882247848421,103.697751736961,79.3082324204556,60.7605810595277
ENSG00000170412.20,14.693331348248,12.6118887247656,42.212446288307,33.4803201756581
ENSG00000170417.17,13.3968609351673,5.60528387767358,35.816621093109,28.5202727422273
ENSG00000170421.15,58.7733253929918,63.0594436238278,65.2374169910199,69.4406640680317
ENSG00000170425.5,68.7129318932772,58.8554807155726,181.641435543624,204.601956629022
ENSG00000170430.12,20.311369804931,21.0198145412759,20.4666406246337,21.080201592081
ENSG00000170442.13,16.4219585656889,32.2303822966231,14.0708154294357,18.6001778753656
ENSG00000170445.18,383.323085467528,301.284008424955,337.699570306456,279.002668130484
ENSG00000170448.14,202.68154124495,336.317032660415,839.132265609981,803.527684215795
ENSG00000170456.18,51.8588165232281,89.6845420427773,49.8874365225446,38.440367609089
ENSG00000170464.12,68.280775088917,64.4607645932462,83.1457275375744,89.280853801755
ENSG00000170468.9,6.05019526104328,15.4145306636024,3.83749511711882,2.48002371671542
ENSG00000170471.17,126.189786873188,137.329455003003,101.054038084129,111.601067252194
ENSG00000170473.19,17.7184289787696,22.4211355106943,24.3041357417525,19.8401897337233
ENSG00000170502.15,41.0548964142222,39.2369871437151,37.0957861321486,39.6803794674467
ENSG00000170515.16,855.238315828903,770.726533180118,874.94888670309,818.407826516087
ENSG00000170522.12,20.311369804931,11.2105677553472,37.0957861321486,34.7203320340158
ENSG00000170525.23,18.5827425874901,18.2171726024391,14.0708154294357,8.68008300850396
ENSG00000170540.18,1186.27042796884,999.141851195316,653.653334949238,669.606403513162
ENSG00000170545.19,19.0148993918503,25.2237774495311,42.212446288307,38.440367609089
ENSG00000170558.12,110.63214191622,93.8885049510325,44.7707763663862,55.8005336260969
ENSG00000170571.14,82.9741064371649,99.4937888287061,58.8415917958219,62.0005929178854
ENSG00000170581.17,36.3011715662597,51.8488758684806,63.9582519519803,64.4806166346008
ENSG00000170584.14,40.622739609862,44.8422710213887,51.1666015615842,38.440367609089
ENSG00000170606.18,745.470487521404,641.805003993625,487.36187987409,496.004743343083
ENSG00000170619.12,34.5725443488187,36.4343452048783,25.5833007807921,32.2403083173004
ENSG00000170631.17,31.1152899139369,36.4343452048783,43.4916113273466,29.760284600585
ENSG00000170632.16,8.21097928284445,18.2171726024391,10.2333203123168,11.1601067252194
ENSG00000170633.19,115.818023568543,117.710961431145,101.054038084129,114.081090968909
ENSG00000170638.12,25.929408261614,28.0264193883679,30.6999609369505,26.0402490255119
ENSG00000170653.21,267.505061898985,427.402895672611,445.149433585783,375.723593082386
ENSG00000170677.8,37.1654851749801,42.0396290825519,33.2582910150297,40.9203913258044
ENSG00000170734.14,92.4815561330901,102.296430767543,62.6790869129407,52.0804980510237
ENSG00000170759.13,307.263487900126,298.481366486118,121.520678708763,158.721517869787
ENSG00000170776.24,26.7937218703345,42.0396290825519,21.7458056636733,21.080201592081
ENSG00000170779.13,91.6172425243696,116.309640461727,136.870659177238,135.16129256099
ENSG00000170791.20,44.5121508491041,26.6250984189495,53.7249316396634,44.6404269008775
ENSG00000170802.19,22.4721538267322,25.2237774495311,14.0708154294357,16.1201541586502
ENSG00000170832.15,99.8282218072141,137.329455003003,212.341396480575,128.961233269202
ENSG00000170836.15,68.7129318932772,81.2766162262669,93.3790478498912,68.2006522096739
ENSG00000170848.17,13.8290177395275,7.00660484709198,29.4207958979109,14.8801423002925
ENSG00000170852.14,147.7976270912,270.45494709775,226.41221191001,179.801719461868
ENSG00000170854.20,159.898017613287,117.710961431145,122.799843747802,112.841079110551
ENSG00000170855.6,49.2658756970667,40.6383081131335,46.0499414054258,62.0005929178854
ENSG00000170860.6,96.8031241766924,70.0660484709198,107.449863279327,58.2805573428123
ENSG00000170871.13,15.1254881526082,25.2237774495311,14.0708154294357,19.8401897337233
ENSG00000170873.21,28.0901922834152,53.250196837899,113.845688474525,99.2009486686166
ENSG00000170876.11,192.309777940304,172.362479238463,129.195668943,145.081387427852
ENSG00000170881.7,46.6729348709053,46.2435919908071,47.3291064444654,53.3205099093814
ENSG00000170889.16,57.4768549799111,77.0726533180118,28.1416308588713,68.2006522096739
ENSG00000170892.15,2.5929408261614,15.4145306636024,2.55833007807921,35.9603438923735
ENSG00000170903.14,58.3411685886316,63.0594436238278,86.9832226546932,70.6806759263894
ENSG00000170906.18,4.75372484796257,5.60528387767358,6.39582519519803,13.6401304419348
ENSG00000170915.11,21.1756834136515,16.8158516330207,19.1874755855941,14.8801423002925
ENSG00000170921.17,48.4015620883462,100.895109798124,101.054038084129,109.121043535478
ENSG00000170946.17,15.5576449569684,21.0198145412759,14.0708154294357,16.1201541586502
ENSG00000170949.20,24.2007810441731,29.4277403577863,39.6541162102278,27.2802608838696
ENSG00000170955.12,17.7184289787696,19.6184935718575,25.5833007807921,19.8401897337233
ENSG00000170961.8,8.21097928284445,16.8158516330207,49.8874365225446,57.0405454844546
ENSG00000170989.12,119.707434807785,201.790219596249,254.553842768882,239.322288663038
ENSG00000171017.13,28.9545058921357,28.0264193883679,28.1416308588713,31.0002964589427
ENSG00000171045.18,4.75372484796257,7.00660484709198,10.2333203123168,13.6401304419348
ENSG00000171055.17,24.6329378485333,44.8422710213887,38.3749511711882,22.3202134504387
ENSG00000171067.13,347.454070705628,601.166695880492,992.632070294734,803.527684215795
ENSG00000171097.16,29.8188195008562,36.4343452048783,23.0249707027129,21.080201592081
ENSG00000171100.18,90.3207721112889,117.710961431145,173.966445309386,153.761470436356
ENSG00000171103.13,35.004701153179,33.6317032660415,19.1874755855941,42.1604031841621
ENSG00000171109.21,104.581946655177,92.4871839816141,67.7957470690991,81.8407826516087
ENSG00000171130.21,70.4415591107182,65.8620855626646,47.3291064444654,48.3604624759506
ENSG00000171132.16,179.345073809497,262.04702128124,415.728637687872,319.923059456289
ENSG00000171135.17,29.3866626964959,30.8290613272047,31.9791259759901,49.6004743343083
ENSG00000171148.16,104.581946655177,100.895109798124,92.0998828108516,105.401007960405
ENSG00000171150.11,175.455662570255,224.211355106943,94.6582128889308,69.4406640680317
ENSG00000171155.10,64.8235206540351,64.4607645932462,34.5374560540694,37.2003557507312
ENSG00000171160.20,6.05019526104328,11.2105677553472,19.1874755855941,18.6001778753656
ENSG00000171161.15,31.5474467182971,29.4277403577863,15.3499804684753,24.8002371671542
ENSG00000171163.18,19.0148993918503,23.8224564801127,23.0249707027129,28.5202727422273
ENSG00000171169.10,12.5325473264468,1.4013209694184,5.11666015615842,14.8801423002925
ENSG00000171202.9,22.4721538267322,23.8224564801127,14.0708154294357,11.1601067252194
ENSG00000171204.14,62.6627366322339,68.6647275015014,62.6790869129407,80.600770793251
ENSG00000171206.19,15.5576449569684,14.013209694184,16.6291455075149,28.5202727422273
ENSG00000171208.12,32.4117603270176,51.8488758684806,29.4207958979109,14.8801423002925
ENSG00000171222.13,30.6831331095766,29.4277403577863,31.9791259759901,34.7203320340158
ENSG00000171223.6,11.2360769133661,4.20396290825519,14.0708154294357,6.20005929178854
ENSG00000171234.16,49.6980325014269,58.8554807155726,67.7957470690991,62.0005929178854
ENSG00000171241.11,339.243091422784,309.691934241465,258.391337886,244.282336096468
ENSG00000171246.8,25.0650946528936,30.8290613272047,16.6291455075149,6.20005929178854
ENSG00000171262.12,9.07529289156492,19.6184935718575,11.5124853513564,2.48002371671542
ENSG00000171295.14,17.2862721744094,21.0198145412759,8.95415527327724,4.96004743343083
ENSG00000171298.17,40.1905828055018,33.6317032660415,39.6541162102278,53.3205099093814
ENSG00000171302.19,80.3811656110035,57.4541597461542,49.8874365225446,48.3604624759506
ENSG00000171307.21,117.978807590344,107.901714645216,90.820717771812,97.9609368102589
ENSG00000171311.15,34.1403875444585,33.6317032660415,30.6999609369505,37.2003557507312
ENSG00000171314.11,1312.46021484203,1031.37223349194,662.607490222516,737.807055722836
ENSG00000171316.16,16.4219585656889,23.8224564801127,15.3499804684753,11.1601067252194
ENSG00000171320.16,207.867422897273,163.954553421952,84.424892576614,85.5608182266819
ENSG00000171421.15,31.1152899139369,33.6317032660415,39.6541162102278,27.2802608838696
ENSG00000171425.12,9.07529289156492,15.4145306636024,16.6291455075149,24.8002371671542
ENSG00000171428.17,12.1003905220866,19.6184935718575,7.67499023423763,16.1201541586502
ENSG00000171448.11,24.6329378485333,32.2303822966231,21.7458056636733,22.3202134504387
ENSG00000171451.17,63.5270502409544,51.8488758684806,23.0249707027129,63.2406047762431
ENSG00000171453.22,82.1097928284445,67.263406532083,121.520678708763,115.321102827267
ENSG00000171456.24,108.903514698779,120.513603369982,72.9124072252575,78.1207470765356
ENSG00000171462.17,19.0148993918503,26.6250984189495,38.3749511711882,49.6004743343083
ENSG00000171466.12,12.1003905220866,15.4145306636024,21.7458056636733,22.3202134504387
ENSG00000171467.18,10.8039201090059,19.6184935718575,12.7916503903961,24.8002371671542
ENSG00000171469.13,19.8792130005708,19.6184935718575,19.1874755855941,27.2802608838696
ENSG00000171475.16,29.3866626964959,37.8356661742967,26.8624658198317,23.5602253087965
ENSG00000171488.17,41.9192100229427,40.6383081131335,56.2832617177426,69.4406640680317
ENSG00000171490.15,343.996816270746,285.869477761353,363.282871087248,367.043510073882
ENSG00000171492.16,54.4517573493895,49.0462339296438,43.4916113273466,44.6404269008775
ENSG00000171497.7,70.0094023063579,61.6581226544094,72.9124072252575,86.8008300850396
ENSG00000171503.15,48.4015620883462,54.6515178073174,34.5374560540694,31.0002964589427
ENSG00000171530.17,24.2007810441731,22.4211355106943,43.4916113273466,27.2802608838696
ENSG00000171552.16,487.472875318344,469.442524755162,603.765898426694,632.406047762431
ENSG00000171566.14,218.239186201918,172.362479238463,176.524775387466,207.081980345737
ENSG00000171574.20,27.658035479055,25.2237774495311,37.0957861321486,16.1201541586502
ENSG00000171603.20,22.9043106310924,28.0264193883679,24.3041357417525,28.5202727422273
ENSG00000171604.14,24.2007810441731,23.8224564801127,12.7916503903961,6.20005929178854
ENSG00000171606.20,36.3011715662597,42.0396290825519,47.3291064444654,47.1204506175929
ENSG00000171608.20,38.8941123924211,35.0330242354599,6.39582519519803,29.760284600585
ENSG00000171612.9,9.93960650028538,12.6118887247656,19.1874755855941,4.96004743343083
ENSG00000171617.18,27.658035479055,64.4607645932462,34.5374560540694,33.4803201756581
ENSG00000171621.16,15.5576449569684,11.2105677553472,7.67499023423763,16.1201541586502
ENSG00000171634.20,57.4768549799111,85.4805791345221,90.820717771812,66.9606403513162
ENSG00000171680.25,5.18588165232281,7.00660484709198,10.2333203123168,14.8801423002925
ENSG00000171681.15,1069.58809079158,1702.60497784335,1385.33573727989,1340.45281888468
ENSG00000171700.16,42.3513668273029,26.6250984189495,51.1666015615842,52.0804980510237
ENSG00000171703.19,16.4219585656889,23.8224564801127,25.5833007807921,19.8401897337233
ENSG00000171720.12,304.238390269605,319.501181027394,218.737221675773,275.282632555411
ENSG00000171723.18,31.1152899139369,23.8224564801127,28.1416308588713,34.7203320340158
ENSG00000171729.16,18.5827425874901,14.013209694184,5.11666015615842,14.8801423002925
ENSG00000171735.22,56.1803845668304,68.6647275015014,86.9832226546932,43.4004150425198
ENSG00000171792.13,117.546650785984,85.4805791345221,81.8665624985348,78.1207470765356
ENSG00000171793.19,429.563863534073,438.613463427958,381.191181633802,376.963604940743
ENSG00000171806.14,12.1003905220866,9.80924678592877,12.7916503903961,9.92009486686167
ENSG00000171823.9,5.61803845668304,19.6184935718575,10.2333203123168,7.44007115014625
ENSG00000171824.16,361.715245249516,454.02799409156,629.349199207486,538.165146527245
ENSG00000171843.18,19.4470561962105,15.4145306636024,25.5833007807921,13.6401304419348
ENSG00000171848.18,1154.72298125055,1031.37223349194,707.378266588902,612.565858028708
ENSG00000171853.18,15.1254881526082,29.4277403577863,31.9791259759901,34.7203320340158
ENSG00000171858.20,69.1450886976374,75.6713323485934,106.170698240287,83.0807945099664
ENSG00000171861.13,66.9843046758363,70.0660484709198,69.0749121081387,78.1207470765356
ENSG00000171863.17,232.932517550166,198.987577657412,305.720444330466,221.96212264603
ENSG00000171865.12,104.581946655177,92.4871839816141,133.033164060119,115.321102827267
ENSG00000171867.20,314.61015357425,285.869477761353,693.307451159466,782.447482623714
ENSG00000171877.22,19.4470561962105,9.80924678592877,24.3041357417525,27.2802608838696
ENSG00000171914.19,3.02509763052164,4.20396290825519,15.3499804684753,18.6001778753656
ENSG00000171928.16,121.003905220866,107.901714645216,175.245610348426,117.801126543982
ENSG00000171940.15,8.21097928284445,19.6184935718575,11.5124853513564,14.8801423002925
ENSG00000171943.14,52.7231301319486,42.0396290825519,74.1915722642971,53.3205099093814
ENSG00000171953.17,22.0399970223719,33.6317032660415,25.5833007807921,35.9603438923735
ENSG00000171960.14,15.5576449569684,23.8224564801127,34.5374560540694,21.080201592081
ENSG00000171970.16,9.50744969592515,14.013209694184,2.55833007807921,6.20005929178854
ENSG00000171988.21,57.9090117842714,61.6581226544094,70.3540771471783,94.2409012351858
ENSG00000171992.15,16.4219585656889,21.0198145412759,14.0708154294357,14.8801423002925
ENSG00000172007.9,22.4721538267322,14.013209694184,15.3499804684753,35.9603438923735
ENSG00000172009.17,114.521553155462,79.8752952568485,74.1915722642971,96.7209249519012
ENSG00000172037.16,118.843121199064,166.757195360789,135.591494138198,148.801423002925
ENSG00000172046.22,58.7733253929918,92.4871839816141,144.545649411475,122.761173977413
ENSG00000172053.20,288.248588508276,287.270798730771,299.324619135268,318.683047597931
ENSG00000172057.12,98.5317513941334,88.2832210733589,89.5415527327724,85.5608182266819
ENSG00000172058.18,2.16078402180117,19.6184935718575,15.3499804684753,11.1601067252194
ENSG00000172071.15,24.6329378485333,33.6317032660415,24.3041357417525,23.5602253087965
ENSG00000172081.16,57.0446981755509,37.8356661742967,44.7707763663862,54.5605217677392
ENSG00000172086.11,6.05019526104328,9.80924678592877,12.7916503903961,12.4001185835771
ENSG00000172113.12,47.5372484796257,33.6317032660415,70.3540771471783,59.52056920117
ENSG00000172115.11,168.108996896131,130.322850155911,159.895629879951,131.441256985917
ENSG00000172123.16,126.621943677549,142.934738880676,58.8415917958219,64.4806166346008
ENSG00000172167.10,51.4266597188679,56.0528387767358,51.1666015615842,59.52056920117
ENSG00000172171.13,38.8941123924211,19.6184935718575,19.1874755855941,33.4803201756581
ENSG00000172172.10,113.225082742381,107.901714645216,102.333203123168,102.92098424369
ENSG00000172175.18,19.4470561962105,16.8158516330207,7.67499023423763,13.6401304419348
ENSG00000172197.13,44.5121508491041,46.2435919908071,31.9791259759901,24.8002371671542
ENSG00000172239.16,93.3458697418106,68.6647275015014,62.6790869129407,79.3607589348933
ENSG00000172244.11,54.8839141537497,32.2303822966231,44.7707763663862,49.6004743343083
ENSG00000172260.15,22.4721538267322,26.6250984189495,19.1874755855941,18.6001778753656
ENSG00000172262.14,150.390567917361,210.198145412759,254.553842768882,223.202134504387
ENSG00000172264.20,20.311369804931,15.4145306636024,16.6291455075149,11.1601067252194
ENSG00000172269.22,105.878417068257,100.895109798124,161.17479491899,190.961826187087
ENSG00000172270.24,567.854040929348,671.232744351411,773.894848618961,704.326735547178
ENSG00000172273.15,53.1552869363088,67.263406532083,93.3790478498912,94.2409012351858
ENSG00000172292.17,37.5976419793404,65.8620855626646,55.004096678703,54.5605217677392
ENSG00000172301.12,36.3011715662597,33.6317032660415,29.4207958979109,34.7203320340158
ENSG00000172315.7,76.4917543717614,57.4541597461542,62.6790869129407,80.600770793251
ENSG00000172331.14,49.2658756970667,58.8554807155726,40.9332812492674,26.0402490255119
ENSG00000172336.7,50.5623461101474,37.8356661742967,70.3540771471783,53.3205099093814
ENSG00000172339.12,12.964704130807,12.6118887247656,15.3499804684753,8.68008300850396
ENSG00000172340.17,151.254881526082,154.145306636024,149.662309567634,138.881328136063
ENSG00000172354.12,23.3364674354526,43.4409500519703,61.3999218739011,40.9203913258044
ENSG00000172379.24,30.6831331095766,47.6449129602254,26.8624658198317,12.4001185835771
ENSG00000172380.8,1405.37392777948,1076.21450451333,527.015996084318,546.845229535749
ENSG00000172409.9,69.1450886976374,68.6647275015014,53.7249316396634,76.8807352181779
ENSG00000172428.13,22.9043106310924,19.6184935718575,17.9083105465545,17.3601660170079
ENSG00000172432.21,32.4117603270176,39.2369871437151,205.945571285377,190.961826187087
ENSG00000172456.20,11.2360769133661,14.013209694184,6.39582519519803,6.20005929178854
ENSG00000172465.16,38.0297987837006,35.0330242354599,46.0499414054258,22.3202134504387
ENSG00000172466.18,68.280775088917,68.6647275015014,57.5624267567823,55.8005336260969
ENSG00000172469.19,23.7686242398129,16.8158516330207,10.2333203123168,14.8801423002925
ENSG00000172493.25,60.5019526104328,72.8686904097566,103.612368162208,88.0408419433973
ENSG00000172500.15,82.9741064371649,63.0594436238278,106.170698240287,99.2009486686166
ENSG00000172530.24,17.7184289787696,15.4145306636024,25.5833007807921,31.0002964589427
ENSG00000172531.18,366.468970097479,371.350056895875,328.745415033179,326.123118748077
ENSG00000172534.16,301.213292639083,382.560624651222,262.228833003119,319.923059456289
ENSG00000172548.16,27.658035479055,33.6317032660415,43.4916113273466,48.3604624759506
ENSG00000172575.15,12.964704130807,9.80924678592877,3.83749511711882,13.6401304419348
ENSG00000172586.9,10.3717633046456,15.4145306636024,14.0708154294357,12.4001185835771
ENSG00000172590.20,38.4619555880608,44.8422710213887,56.2832617177426,55.8005336260969
ENSG00000172638.15,97.2352809810527,98.0924678592877,70.3540771471783,59.52056920117
ENSG00000172661.22,101.556849024655,140.13209694184,190.595590816901,204.601956629022
ENSG00000172663.11,8.64313608720468,12.6118887247656,12.7916503903961,7.44007115014625
ENSG00000172667.13,10.3717633046456,9.80924678592877,16.6291455075149,14.8801423002925
ENSG00000172725.16,110.63214191622,103.697751736961,90.820717771812,124.001185835771
ENSG00000172728.18,17.2862721744094,35.0330242354599,34.5374560540694,29.760284600585
ENSG00000172731.17,41.0548964142222,37.8356661742967,43.4916113273466,43.4004150425198
ENSG00000172732.14,71.7380295237989,78.4739742874302,48.608271483505,60.7605810595277
ENSG00000172738.14,7.77882247848421,11.2105677553472,6.39582519519803,13.6401304419348
ENSG00000172757.14,1151.26572681566,1164.49772558669,976.002924787219,807.247719790868
ENSG00000172765.21,10.3717633046456,15.4145306636024,8.95415527327724,7.44007115014625
ENSG00000172766.21,23.7686242398129,29.4277403577863,14.0708154294357,17.3601660170079
ENSG00000172775.20,91.6172425243696,91.0858630121957,72.9124072252575,86.8008300850396
ENSG00000172785.21,67.4164614801965,78.4739742874302,67.7957470690991,84.3208063683242
ENSG00000172795.18,36.7333283706199,42.0396290825519,21.7458056636733,24.8002371671542
ENSG00000172809.15,99.8282218072141,47.6449129602254,97.21654296701,60.7605810595277
ENSG00000172819.19,34.5725443488187,22.4211355106943,34.5374560540694,33.4803201756581
ENSG00000172830.15,29.8188195008562,33.6317032660415,23.0249707027129,24.8002371671542
ENSG00000172831.16,32.8439171313778,36.4343452048783,60.1207568348615,62.0005929178854
ENSG00000172840.9,37.5976419793404,26.6250984189495,17.9083105465545,22.3202134504387
ENSG00000172845.19,111.06429872058,77.0726533180118,43.4916113273466,54.5605217677392
ENSG00000172869.17,35.4368579575392,22.4211355106943,25.5833007807921,32.2403083173004
ENSG00000172878.16,19.4470561962105,19.6184935718575,24.3041357417525,29.760284600585
ENSG00000172888.13,32.8439171313778,30.8290613272047,49.8874365225446,37.2003557507312
ENSG00000172889.18,23.3364674354526,21.0198145412759,30.6999609369505,22.3202134504387
ENSG00000172890.15,46.240778066545,47.6449129602254,51.1666015615842,59.52056920117
ENSG00000172893.20,1149.96925640258,1107.04356584053,612.720053699971,593.965680153342
ENSG00000172922.13,133.536452547312,134.526813064166,131.753999021079,106.641019818763
ENSG00000172932.18,19.4470561962105,18.2171726024391,12.7916503903961,19.8401897337233
ENSG00000172935.12,21.6078402180117,30.8290613272047,6.39582519519803,4.96004743343083
ENSG00000172936.20,58.7733253929918,63.0594436238278,65.2374169910199,48.3604624759506
ENSG00000172939.11,113.225082742381,84.0792581651037,57.5624267567823,99.2009486686166
ENSG00000172943.23,30.6831331095766,43.4409500519703,29.4207958979109,40.9203913258044
ENSG00000172954.16,47.5372484796257,64.4607645932462,65.2374169910199,59.52056920117
ENSG00000172965.18,124.893316460108,131.724171125329,165.012290036109,141.361351852779
ENSG00000172977.15,66.9843046758363,51.8488758684806,65.2374169910199,64.4806166346008
ENSG00000172992.15,11.6682337177263,4.20396290825519,8.95415527327724,16.1201541586502
ENSG00000173020.13,8.21097928284445,12.6118887247656,14.0708154294357,3.72003557507312
ENSG00000173039.22,116.682337177263,112.105677553472,116.404018552604,136.401304419348
ENSG00000173041.14,36.7333283706199,37.8356661742967,24.3041357417525,19.8401897337233
ENSG00000173064.15,29.3866626964959,47.6449129602254,52.4457666006238,47.1204506175929
ENSG00000173065.16,74.7631271543205,128.921529186492,104.891533201248,90.5208656601127
ENSG00000173083.18,28.0901922834152,25.2237774495311,28.1416308588713,23.5602253087965
ENSG00000173085.16,44.0799940447439,44.8422710213887,26.8624658198317,39.6803794674467
ENSG00000173113.10,52.7231301319486,49.0462339296438,80.5873974594952,53.3205099093814
ENSG00000173120.17,96.3709673723322,124.717566278237,159.895629879951,117.801126543982
ENSG00000173137.14,20.7435266092912,19.6184935718575,17.9083105465545,27.2802608838696
ENSG00000173141.7,37.5976419793404,42.0396290825519,43.4916113273466,52.0804980510237
ENSG00000173145.13,109.767828307499,113.50699852289,101.054038084129,116.561114685625
ENSG00000173153.19,9.50744969592515,4.20396290825519,3.83749511711882,12.4001185835771
ENSG00000173163.13,22.0399970223719,21.0198145412759,33.2582910150297,14.8801423002925
ENSG00000173166.20,11.6682337177263,29.4277403577863,29.4207958979109,32.2403083173004
ENSG00000173171.16,63.9592070453146,67.263406532083,94.6582128889308,69.4406640680317
ENSG00000173193.17,55.7482277624702,95.2898259204509,72.9124072252575,76.8807352181779
ENSG00000173207.15,115.818023568543,86.8819001039405,136.870659177238,115.321102827267
ENSG00000173210.22,34.5725443488187,58.8554807155726,39.6541162102278,50.840486192666
ENSG00000173212.7,5.18588165232281,5.60528387767358,23.0249707027129,9.92009486686167
ENSG00000173214.8,12.1003905220866,25.2237774495311,20.4666406246337,7.44007115014625
ENSG00000173218.17,49.6980325014269,42.0396290825519,26.8624658198317,28.5202727422273
ENSG00000173221.16,19.4470561962105,19.6184935718575,47.3291064444654,44.6404269008775
ENSG00000173226.19,51.4266597188679,63.0594436238278,93.3790478498912,93.0008893768281
ENSG00000173230.19,29.8188195008562,32.2303822966231,28.1416308588713,11.1601067252194
ENSG00000173258.15,11.2360769133661,8.40792581651037,15.3499804684753,9.92009486686167
ENSG00000173264.18,21.1756834136515,16.8158516330207,20.4666406246337,19.8401897337233
ENSG00000173272.18,19.4470561962105,15.4145306636024,37.0957861321486,19.8401897337233
ENSG00000173273.19,19.4470561962105,46.2435919908071,40.9332812492674,40.9203913258044
ENSG00000173275.15,18.1505857831298,23.8224564801127,19.1874755855941,21.080201592081
ENSG00000173276.16,64.8235206540351,53.250196837899,66.5165820300595,91.7608775184704
ENSG00000173281.6,22.0399970223719,5.60528387767358,15.3499804684753,16.1201541586502
ENSG00000173327.11,32.4117603270176,35.0330242354599,25.5833007807921,19.8401897337233
ENSG00000173334.5,17.2862721744094,25.2237774495311,6.39582519519803,16.1201541586502
ENSG00000173402.15,117.114493981623,128.921529186492,79.3082324204556,90.5208656601127
ENSG00000173409.16,25.929408261614,21.0198145412759,34.5374560540694,22.3202134504387
ENSG00000173418.14,149.094097504281,145.737380819513,199.549746090178,168.641612736648
ENSG00000173436.17,44.9443076534643,32.2303822966231,35.816621093109,32.2403083173004
ENSG00000173456.5,545.381887102615,599.765374911073,529.574326162397,564.205395552757
ENSG00000173457.13,12.964704130807,7.00660484709198,14.0708154294357,12.4001185835771
ENSG00000173465.10,19.4470561962105,30.8290613272047,35.816621093109,47.1204506175929
ENSG00000173473.13,156.008606374044,107.901714645216,76.7499023423763,79.3607589348933
ENSG00000173480.12,17.2862721744094,23.8224564801127,24.3041357417525,38.440367609089
ENSG00000173482.18,26.7937218703345,40.6383081131335,28.1416308588713,18.6001778753656
ENSG00000173486.15,20.7435266092912,9.80924678592877,39.6541162102278,21.080201592081
ENSG00000173517.13,73.8988135456,93.8885049510325,52.4457666006238,79.3607589348933
ENSG00000173530.8,347.021913901268,336.317032660415,273.741318354476,266.602549546907
ENSG00000173540.16,57.4768549799111,42.0396290825519,79.3082324204556,80.600770793251
ENSG00000173542.10,54.4517573493895,47.6449129602254,34.5374560540694,18.6001778753656
ENSG00000173545.7,76.4917543717614,91.0858630121957,93.3790478498912,111.601067252194
ENSG00000173546.9,34.1403875444585,29.4277403577863,40.9332812492674,48.3604624759506
ENSG00000173548.10,27.658035479055,43.4409500519703,19.1874755855941,23.5602253087965
ENSG00000173559.17,41.4870532185825,46.2435919908071,75.4707373033367,53.3205099093814
ENSG00000173575.25,104.581946655177,154.145306636024,144.545649411475,109.121043535478
ENSG00000173588.18,75.1952839586807,110.704356584053,86.9832226546932,69.4406640680317
ENSG00000173598.16,12.1003905220866,33.6317032660415,14.0708154294357,18.6001778753656
ENSG00000173599.17,31.5474467182971,39.2369871437151,14.0708154294357,28.5202727422273
ENSG00000173611.20,26.3615650659743,33.6317032660415,12.7916503903961,27.2802608838696
ENSG00000173614.16,10.8039201090059,0,12.7916503903961,17.3601660170079
ENSG00000173638.21,62.2305798278737,70.0660484709198,34.5374560540694,55.8005336260969
ENSG00000173653.9,27.658035479055,23.8224564801127,33.2582910150297,28.5202727422273
ENSG00000173660.14,68.7129318932772,63.0594436238278,99.7748730450892,58.2805573428123
ENSG00000173674.13,281.766236442873,332.11306975216,359.445375970129,341.00326104837
ENSG00000173678.15,8.21097928284445,37.8356661742967,23.0249707027129,7.44007115014625
ENSG00000173692.16,729.480685760075,646.00896690188,365.841201165327,403.003853966255
ENSG00000173705.10,22.0399970223719,22.4211355106943,21.7458056636733,23.5602253087965
ENSG00000173706.16,66.1199910671158,162.553232452534,78.0290673814159,99.2009486686166
ENSG00000173715.21,9.07529289156492,16.8158516330207,24.3041357417525,16.1201541586502
ENSG00000173726.13,120.139591612145,93.8885049510325,113.845688474525,122.761173977413
ENSG00000173744.20,7.34666567412398,22.4211355106943,8.95415527327724,4.96004743343083
ENSG00000173757.13,41.0548964142222,25.2237774495311,24.3041357417525,27.2802608838696
ENSG00000173786.18,224.721538267322,169.559837299626,92.0998828108516,94.2409012351858
ENSG00000173801.19,38.0297987837006,42.0396290825519,28.1416308588713,26.0402490255119
ENSG00000173812.13,501.734049862232,484.857055418765,1073.21946775423,982.089391819305
ENSG00000173818.19,29.3866626964959,32.2303822966231,25.5833007807921,26.0402490255119
ENSG00000173821.21,63.5270502409544,68.6647275015014,53.7249316396634,71.9206877847471
ENSG00000173846.16,9.50744969592515,23.8224564801127,12.7916503903961,11.1601067252194
ENSG00000173848.21,69.1450886976374,82.6779371956853,39.6541162102278,60.7605810595277
ENSG00000173875.15,30.2509763052164,25.2237774495311,29.4207958979109,34.7203320340158
ENSG00000173889.18,188.420366701062,262.04702128124,246.878852534644,209.562004062453
ENSG00000173914.14,81.245479219724,72.8686904097566,71.6332421862179,75.6407233598202
ENSG00000173915.18,52.7231301319486,43.4409500519703,55.004096678703,47.1204506175929
ENSG00000173917.12,7.34666567412398,14.013209694184,5.11666015615842,4.96004743343083
ENSG00000173926.8,48.4015620883462,43.4409500519703,37.0957861321486,38.440367609089
ENSG00000173928.6,4.32156804360234,0,12.7916503903961,2.48002371671542
ENSG00000173933.23,203.11369804931,148.54002275835,147.103979489555,152.521458577998
ENSG00000173960.16,44.9443076534643,32.2303822966231,40.9332812492674,32.2403083173004
ENSG00000173992.11,20.311369804931,21.0198145412759,15.3499804684753,14.8801423002925
ENSG00000174007.11,13.3968609351673,14.013209694184,7.67499023423763,4.96004743343083
ENSG00000174010.11,14.2611745438877,21.0198145412759,1.27916503903961,13.6401304419348
ENSG00000174021.14,35.4368579575392,39.2369871437151,56.2832617177426,50.840486192666
ENSG00000174080.14,30.2509763052164,30.8290613272047,21.7458056636733,33.4803201756581
ENSG00000174099.14,63.9592070453146,67.263406532083,60.1207568348615,37.2003557507312
ENSG00000174106.5,22.4721538267322,21.0198145412759,19.1874755855941,18.6001778753656
ENSG00000174109.5,7.77882247848421,8.40792581651037,3.83749511711882,14.8801423002925
ENSG00000174136.15,152.119195134802,166.757195360789,266.066328120238,241.802312379753
ENSG00000174151.17,8.64313608720468,2.80264193883679,8.95415527327724,12.4001185835771
ENSG00000174165.10,15.1254881526082,15.4145306636024,25.5833007807921,27.2802608838696
ENSG00000174173.8,64.8235206540351,60.256801684991,69.0749121081387,54.5605217677392
ENSG00000174177.15,14.693331348248,19.6184935718575,20.4666406246337,22.3202134504387
ENSG00000174197.21,6.91450886976375,15.4145306636024,23.0249707027129,6.20005929178854
ENSG00000174206.15,11.6682337177263,26.6250984189495,24.3041357417525,27.2802608838696
ENSG00000174227.18,107.174887481338,102.296430767543,111.287358396446,97.9609368102589
ENSG00000174231.20,498.27679542735,451.225352152723,336.420405267416,132.681268844275
ENSG00000174233.14,22.4721538267322,15.4145306636024,14.0708154294357,8.68008300850396
ENSG00000174238.17,15.9898017613287,35.0330242354599,31.9791259759901,38.440367609089
ENSG00000174243.13,153.847822352243,184.974367963228,107.449863279327,135.16129256099
ENSG00000174276.7,6.05019526104328,4.20396290825519,15.3499804684753,7.44007115014625
ENSG00000174292.14,5.18588165232281,15.4145306636024,10.2333203123168,13.6401304419348
ENSG00000174306.24,75.1952839586807,124.717566278237,152.220639645713,142.601363711136
ENSG00000174307.8,21.6078402180117,12.6118887247656,20.4666406246337,26.0402490255119
ENSG00000174365.23,14.693331348248,29.4277403577863,46.0499414054258,55.8005336260969
ENSG00000174371.19,202.68154124495,152.743985666605,129.195668943,117.801126543982
ENSG00000174373.18,18.1505857831298,28.0264193883679,11.5124853513564,6.20005929178854
ENSG00000174405.17,32.4117603270176,14.013209694184,17.9083105465545,26.0402490255119
ENSG00000174437.20,55.31607095811,77.0726533180118,53.7249316396634,66.9606403513162
ENSG00000174442.14,243.304280854812,234.020601892872,244.320522456565,177.321695745152
ENSG00000174444.17,1306.84217638535,1301.82718058969,2095.27233394687,1779.41701674331
ENSG00000174446.14,52.7231301319486,37.8356661742967,48.608271483505,48.3604624759506
ENSG00000174483.22,32.4117603270176,25.2237774495311,6.39582519519803,31.0002964589427
ENSG00000174485.18,35.004701153179,29.4277403577863,35.816621093109,21.080201592081
ENSG00000174516.17,14.693331348248,12.6118887247656,6.39582519519803,18.6001778753656
ENSG00000174547.15,59.6376390017123,37.8356661742967,60.1207568348615,52.0804980510237
ENSG00000174574.18,168.108996896131,140.13209694184,115.124853513565,133.921280702632
ENSG00000174579.6,13.3968609351673,11.2105677553472,20.4666406246337,9.92009486686167
ENSG00000174606.16,54.0196005450293,49.0462339296438,56.2832617177426,75.6407233598202
ENSG00000174628.19,6.91450886976375,5.60528387767358,15.3499804684753,14.8801423002925
ENSG00000174652.22,47.5372484796257,77.0726533180118,61.3999218739011,58.2805573428123
ENSG00000174669.14,14.2611745438877,12.6118887247656,15.3499804684753,18.6001778753656
ENSG00000174684.9,64.3913638496749,67.263406532083,49.8874365225446,45.8804387592352
ENSG00000174695.11,194.902718766466,161.151911483115,154.778969723792,183.521755036941
ENSG00000174705.15,12.5325473264468,15.4145306636024,12.7916503903961,12.4001185835771
ENSG00000174720.20,65.6878342627556,60.256801684991,53.7249316396634,66.9606403513162
ENSG00000174738.16,9.07529289156492,9.80924678592877,10.2333203123168,13.6401304419348
ENSG00000174744.16,87.2956744807673,43.4409500519703,58.8415917958219,52.0804980510237
ENSG00000174748.24,798.625774457713,745.502755730586,1276.60670896153,1085.01037606299
ENSG00000174749.7,16.4219585656889,4.20396290825519,24.3041357417525,18.6001778753656
ENSG00000174775.20,9.07529289156492,14.013209694184,8.95415527327724,9.92009486686167
ENSG00000174780.19,95.0744969592515,77.0726533180118,117.683183591644,114.081090968909
ENSG00000174791.13,36.7333283706199,25.2237774495311,26.8624658198317,50.840486192666
ENSG00000174796.14,34.5725443488187,23.8224564801127,46.0499414054258,37.2003557507312
ENSG00000174799.14,17.2862721744094,21.0198145412759,15.3499804684753,9.92009486686167
ENSG00000174840.11,86.4313608720468,78.4739742874302,31.9791259759901,43.4004150425198
ENSG00000174842.19,34.1403875444585,18.2171726024391,23.0249707027129,11.1601067252194
ENSG00000174851.18,86.4313608720468,102.296430767543,209.783066402495,179.801719461868
ENSG00000174886.17,57.0446981755509,51.8488758684806,115.124853513565,68.2006522096739
ENSG00000174891.16,42.3513668273029,60.256801684991,47.3291064444654,27.2802608838696
ENSG00000174903.18,2135.28677034392,3423.42712828914,4052.39484367747,2701.98583936145
ENSG00000174915.14,35.8690147618994,4.20396290825519,31.9791259759901,37.2003557507312
ENSG00000174917.11,15.9898017613287,14.013209694184,31.9791259759901,18.6001778753656
ENSG00000174928.18,9.07529289156492,9.80924678592877,12.7916503903961,18.6001778753656
ENSG00000174938.17,9.50744969592515,9.80924678592877,12.7916503903961,21.080201592081
ENSG00000174943.13,11.2360769133661,12.6118887247656,11.5124853513564,18.6001778753656
ENSG00000174953.16,82.9741064371649,91.0858630121957,58.8415917958219,73.1606996431048
ENSG00000174989.16,19.0148993918503,12.6118887247656,23.0249707027129,40.9203913258044
ENSG00000174996.14,20.311369804931,14.013209694184,20.4666406246337,28.5202727422273
ENSG00000175029.19,87.7278312851275,68.6647275015014,66.5165820300595,54.5605217677392
ENSG00000175054.18,42.7835236316632,22.4211355106943,23.0249707027129,33.4803201756581
ENSG00000175061.21,118.843121199064,106.500393675798,202.108076168258,169.881624595006
ENSG00000175063.19,172.430564939733,218.60607122927,251.995512690802,200.881921053949
ENSG00000175066.17,24.6329378485333,23.8224564801127,20.4666406246337,14.8801423002925
ENSG00000175073.9,49.2658756970667,23.8224564801127,26.8624658198317,24.8002371671542
ENSG00000175087.12,8.21097928284445,15.4145306636024,12.7916503903961,6.20005929178854
ENSG00000175104.17,55.31607095811,68.6647275015014,104.891533201248,71.9206877847471
ENSG00000175105.10,52.2909733275883,42.0396290825519,16.6291455075149,16.1201541586502
ENSG00000175106.17,41.4870532185825,29.4277403577863,52.4457666006238,66.9606403513162
ENSG00000175110.16,81.6776360240842,68.6647275015014,79.3082324204556,84.3208063683242
ENSG00000175115.14,59.6376390017123,93.8885049510325,69.0749121081387,84.3208063683242
ENSG00000175130.9,61.7984230235135,47.6449129602254,24.3041357417525,26.0402490255119
ENSG00000175137.13,12.5325473264468,9.80924678592877,19.1874755855941,12.4001185835771
ENSG00000175166.19,1932.60522909897,1701.20365687393,2233.42215816315,2575.50462980896
ENSG00000175182.17,26.3615650659743,22.4211355106943,37.0957861321486,26.0402490255119
ENSG00000175183.12,38.8941123924211,49.0462339296438,57.5624267567823,49.6004743343083
ENSG00000175193.16,110.19998511186,75.6713323485934,88.2623876937328,85.5608182266819
ENSG00000175197.14,41.0548964142222,49.0462339296438,249.437182612723,269.082573263623
ENSG00000175198.19,44.0799940447439,35.0330242354599,63.9582519519803,64.4806166346008
ENSG00000175203.19,398.880730424496,411.988365009008,400.378657219397,383.163664232532
ENSG00000175213.5,26.3615650659743,28.0264193883679,34.5374560540694,32.2403083173004
ENSG00000175215.12,76.0595975674012,86.8819001039405,80.5873974594952,90.5208656601127
ENSG00000175216.17,526.799144515125,455.429315060979,331.303745111258,332.323178039866
ENSG00000175220.14,156.008606374044,130.322850155911,111.287358396446,143.841375569494
ENSG00000175221.18,146.501156678119,133.125492094748,97.21654296701,112.841079110551
ENSG00000175224.19,270.098002725146,322.303822966231,523.178500967199,494.764731484726
ENSG00000175274.21,74.7631271543205,116.309640461727,51.1666015615842,60.7605810595277
ENSG00000175279.23,25.4972514572538,11.2105677553472,17.9083105465545,22.3202134504387
ENSG00000175283.8,85.9992040676866,96.6911468898693,78.0290673814159,76.8807352181779
ENSG00000175287.21,7.34666567412398,7.00660484709198,12.7916503903961,11.1601067252194
ENSG00000175305.20,164.219585656889,172.362479238463,101.054038084129,74.4007115014625
ENSG00000175309.18,47.1050916752655,29.4277403577863,83.1457275375744,71.9206877847471
ENSG00000175322.13,22.0399970223719,32.2303822966231,34.5374560540694,35.9603438923735
ENSG00000175324.12,41.0548964142222,53.250196837899,46.0499414054258,47.1204506175929
ENSG00000175334.10,170.701937722292,217.204750259851,277.578813471594,179.801719461868
ENSG00000175348.13,104.149789850816,92.4871839816141,62.6790869129407,45.8804387592352
ENSG00000175352.13,43.2156804360234,28.0264193883679,25.5833007807921,32.2403083173004
ENSG00000175354.22,64.8235206540351,74.270011379175,65.2374169910199,79.3607589348933
ENSG00000175376.11,36.7333283706199,37.8356661742967,34.5374560540694,47.1204506175929
ENSG00000175387.18,85.1348904589661,78.4739742874302,71.6332421862179,59.52056920117
ENSG00000175390.17,318.931721617853,339.119674599252,396.541162102278,389.36372352432
ENSG00000175395.18,10.8039201090059,15.4145306636024,23.0249707027129,18.6001778753656
ENSG00000175414.9,14.2611745438877,14.013209694184,16.6291455075149,7.44007115014625
ENSG00000175416.18,41.0548964142222,46.2435919908071,33.2582910150297,33.4803201756581
ENSG00000175455.18,93.3458697418106,64.4607645932462,61.3999218739011,84.3208063683242
ENSG00000175467.17,101.556849024655,67.263406532083,53.7249316396634,59.52056920117
ENSG00000175470.22,11.6682337177263,16.8158516330207,12.7916503903961,7.44007115014625
ENSG00000175482.11,13.3968609351673,19.6184935718575,7.67499023423763,7.44007115014625
ENSG00000175505.12,19.8792130005708,22.4211355106943,11.5124853513564,27.2802608838696
ENSG00000175550.9,37.5976419793404,35.0330242354599,42.212446288307,38.440367609089
ENSG00000175567.14,1246.34022377492,1366.28794518294,821.223955063427,655.966273071228
ENSG00000175573.8,28.5223490877754,29.4277403577863,43.4916113273466,49.6004743343083
ENSG00000175575.15,59.2054821973521,50.4475548990622,71.6332421862179,73.1606996431048
ENSG00000175581.16,36.7333283706199,22.4211355106943,43.4916113273466,49.6004743343083
ENSG00000175582.22,446.417978904122,507.278190929459,564.111782216466,535.68512281053
ENSG00000175592.11,175.023505765895,168.158516330207,468.174404288496,482.364612901148
ENSG00000175595.17,45.3764644578246,71.4673694403382,53.7249316396634,63.2406047762431
ENSG00000175600.18,9.93960650028538,7.00660484709198,12.7916503903961,9.92009486686167
ENSG00000175602.4,11.6682337177263,5.60528387767358,23.0249707027129,11.1601067252194
ENSG00000175606.12,33.7082307400983,37.8356661742967,35.816621093109,28.5202727422273
ENSG00000175634.17,100.260378611574,116.309640461727,95.9373779279704,100.440960526974
ENSG00000175662.21,118.410964394704,107.901714645216,98.4957080060496,94.2409012351858
ENSG00000175711.11,8.21097928284445,7.00660484709198,11.5124853513564,21.080201592081
ENSG00000175727.17,45.3764644578246,67.263406532083,47.3291064444654,44.6404269008775
ENSG00000175756.16,44.0799940447439,36.4343452048783,43.4916113273466,42.1604031841621
ENSG00000175768.15,71.3058727194386,63.0594436238278,75.4707373033367,55.8005336260969
ENSG00000175782.13,45.8086212621848,60.256801684991,40.9332812492674,42.1604031841621
ENSG00000175792.14,224.289381462961,249.435132556474,271.182988276396,248.002371671542
ENSG00000175826.14,16.8541153700491,22.4211355106943,14.0708154294357,17.3601660170079
ENSG00000175832.15,29.3866626964959,25.2237774495311,69.0749121081387,64.4806166346008
ENSG00000175854.16,25.4972514572538,26.6250984189495,37.0957861321486,29.760284600585
ENSG00000175866.18,81.6776360240842,75.6713323485934,62.6790869129407,48.3604624759506
ENSG00000175893.15,29.8188195008562,35.0330242354599,24.3041357417525,27.2802608838696
ENSG00000175895.7,50.1301893057872,49.0462339296438,49.8874365225446,48.3604624759506
ENSG00000175906.7,22.0399970223719,25.2237774495311,17.9083105465545,12.4001185835771
ENSG00000175931.15,19.4470561962105,32.2303822966231,28.1416308588713,28.5202727422273
ENSG00000175970.14,43.2156804360234,42.0396290825519,26.8624658198317,37.2003557507312
ENSG00000176014.15,449.010919730283,404.981760161916,208.503901363456,229.402193796176
ENSG00000176018.15,110.63214191622,91.0858630121957,125.358173825881,136.401304419348
ENSG00000176024.20,18.5827425874901,28.0264193883679,26.8624658198317,31.0002964589427
ENSG00000176055.11,4.75372484796257,14.013209694184,11.5124853513564,13.6401304419348
ENSG00000176087.18,389.373280728571,375.55401980413,321.070424798941,391.843747241036
ENSG00000176095.14,68.280775088917,58.8554807155726,29.4207958979109,29.760284600585
ENSG00000176101.14,34.1403875444585,23.8224564801127,38.3749511711882,45.8804387592352
ENSG00000176102.15,101.989005829015,109.303035614635,120.241513669723,101.680972385332
ENSG00000176105.16,42.3513668273029,44.8422710213887,20.4666406246337,39.6803794674467
ENSG00000176108.10,30.2509763052164,26.6250984189495,55.004096678703,42.1604031841621
ENSG00000176124.16,23.3364674354526,22.4211355106943,19.1874755855941,8.68008300850396
ENSG00000176142.15,90.7529289156492,88.2832210733589,205.945571285377,241.802312379753
ENSG00000176148.18,32.4117603270176,23.8224564801127,34.5374560540694,66.9606403513162
ENSG00000176155.23,10.3717633046456,14.013209694184,20.4666406246337,18.6001778753656
ENSG00000176170.16,179.777230613857,173.763800207881,295.487124018149,276.522644413769
ENSG00000176171.14,130.07919811243,123.316245308819,127.916503903961,127.721221410844
ENSG00000176208.11,20.7435266092912,22.4211355106943,19.1874755855941,21.080201592081
ENSG00000176222.12,19.0148993918503,15.4145306636024,20.4666406246337,6.20005929178854
ENSG00000176225.17,20.311369804931,12.6118887247656,15.3499804684753,11.1601067252194
ENSG00000176248.11,14.693331348248,15.4145306636024,23.0249707027129,18.6001778753656
ENSG00000176261.18,24.2007810441731,16.8158516330207,25.5833007807921,23.5602253087965
ENSG00000176273.17,46.240778066545,37.8356661742967,15.3499804684753,17.3601660170079
ENSG00000176340.5,32.8439171313778,39.2369871437151,38.3749511711882,38.440367609089
ENSG00000176386.11,12.964704130807,7.00660484709198,12.7916503903961,17.3601660170079
ENSG00000176390.14,92.9137129374503,84.0792581651037,65.2374169910199,71.9206877847471
ENSG00000176393.13,135.697236569113,120.513603369982,76.7499023423763,93.0008893768281
ENSG00000176407.20,63.0948934365942,63.0594436238278,34.5374560540694,57.0405454844546
ENSG00000176410.8,14.2611745438877,7.00660484709198,15.3499804684753,18.6001778753656
ENSG00000176422.15,92.0493993287299,89.6845420427773,93.3790478498912,93.0008893768281
ENSG00000176438.15,48.4015620883462,98.0924678592877,110.008193357406,102.92098424369
ENSG00000176444.21,10.8039201090059,5.60528387767358,31.9791259759901,26.0402490255119
ENSG00000176473.16,25.929408261614,12.6118887247656,33.2582910150297,31.0002964589427
ENSG00000176476.11,15.5576449569684,11.2105677553472,20.4666406246337,19.8401897337233
ENSG00000176485.16,41.4870532185825,28.0264193883679,39.6541162102278,37.2003557507312
ENSG00000176542.11,14.693331348248,18.2171726024391,12.7916503903961,17.3601660170079
ENSG00000176619.15,57.4768549799111,64.4607645932462,30.6999609369505,35.9603438923735
ENSG00000176623.14,64.3913638496749,40.6383081131335,53.7249316396634,62.0005929178854
ENSG00000176658.19,4.75372484796257,14.013209694184,2.55833007807921,6.20005929178854
ENSG00000176697.22,68.7129318932772,68.6647275015014,55.004096678703,59.52056920117
ENSG00000176715.19,20.7435266092912,30.8290613272047,26.8624658198317,35.9603438923735
ENSG00000176720.8,84.7027336546059,86.8819001039405,39.6541162102278,55.8005336260969
ENSG00000176731.14,12.1003905220866,11.2105677553472,15.3499804684753,16.1201541586502
ENSG00000176749.11,13.8290177395275,5.60528387767358,16.6291455075149,2.48002371671542
ENSG00000176783.17,36.7333283706199,8.40792581651037,42.212446288307,12.4001185835771
ENSG00000176788.11,39.7584260011415,36.4343452048783,16.6291455075149,26.0402490255119
ENSG00000176834.16,10.8039201090059,14.013209694184,10.2333203123168,13.6401304419348
ENSG00000176853.18,114.089396351102,92.4871839816141,102.333203123168,122.761173977413
ENSG00000176871.11,33.276073935738,30.8290613272047,24.3041357417525,28.5202727422273
ENSG00000176890.18,160.762331222007,169.559837299626,112.566523435485,91.7608775184704
ENSG00000176894.12,20.7435266092912,19.6184935718575,14.0708154294357,14.8801423002925
ENSG00000176903.5,38.8941123924211,51.8488758684806,53.7249316396634,42.1604031841621
ENSG00000176915.16,90.7529289156492,109.303035614635,92.0998828108516,54.5605217677392
ENSG00000176946.15,66.1199910671158,68.6647275015014,67.7957470690991,54.5605217677392
ENSG00000176953.15,71.7380295237989,79.8752952568485,37.0957861321486,65.7206284929585
ENSG00000176974.24,91.1850857200094,37.8356661742967,134.312329099159,65.7206284929585
ENSG00000176978.18,23.7686242398129,11.2105677553472,26.8624658198317,33.4803201756581
ENSG00000176986.18,246.329378485333,187.777009902065,141.987319333396,174.841672028437
ENSG00000176994.12,23.7686242398129,25.2237774495311,15.3499804684753,17.3601660170079
ENSG00000177000.15,16.4219585656889,23.8224564801127,3.83749511711882,19.8401897337233
ENSG00000177030.21,45.8086212621848,53.250196837899,52.4457666006238,57.0405454844546
ENSG00000177034.19,17.2862721744094,11.2105677553472,19.1874755855941,19.8401897337233
ENSG00000177042.18,23.3364674354526,26.6250984189495,26.8624658198317,24.8002371671542
ENSG00000177045.12,6.91450886976375,12.6118887247656,19.1874755855941,12.4001185835771
ENSG00000177054.16,91.6172425243696,72.8686904097566,65.2374169910199,49.6004743343083
ENSG00000177058.14,41.0548964142222,35.0330242354599,43.4916113273466,63.2406047762431
ENSG00000177082.15,100.692535415935,99.4937888287061,116.404018552604,122.761173977413
ENSG00000177084.21,47.969405283986,99.4937888287061,51.1666015615842,53.3205099093814
ENSG00000177105.12,58.7733253929918,56.0528387767358,89.5415527327724,64.4806166346008
ENSG00000177106.19,147.36547028684,105.09907270638,75.4707373033367,76.8807352181779
ENSG00000177119.19,112.792925938021,92.4871839816141,70.3540771471783,83.0807945099664
ENSG00000177150.15,21.6078402180117,14.013209694184,11.5124853513564,7.44007115014625
ENSG00000177156.13,177.184289787696,183.57304699381,228.970541988089,192.201838045445
ENSG00000177169.12,9.07529289156492,14.013209694184,10.2333203123168,14.8801423002925
ENSG00000177189.16,16.4219585656889,18.2171726024391,17.9083105465545,14.8801423002925
ENSG00000177200.19,21.1756834136515,18.2171726024391,14.0708154294357,22.3202134504387
ENSG00000177225.18,26.7937218703345,23.8224564801127,28.1416308588713,26.0402490255119
ENSG00000177239.18,96.3709673723322,78.4739742874302,99.7748730450892,106.641019818763
ENSG00000177302.18,110.63214191622,112.105677553472,89.5415527327724,135.16129256099
ENSG00000177311.14,160.762331222007,155.546627605442,220.016386714812,301.322881580923
ENSG00000177370.7,109.335671503139,126.118887247656,101.054038084129,102.92098424369
ENSG00000177383.6,82.9741064371649,64.4607645932462,80.5873974594952,95.4809130935435
ENSG00000177410.14,52.7231301319486,63.0594436238278,136.870659177238,91.7608775184704
ENSG00000177425.13,52.7231301319486,51.8488758684806,37.0957861321486,26.0402490255119
ENSG00000177426.24,21.6078402180117,12.6118887247656,37.0957861321486,47.1204506175929
ENSG00000177427.15,38.4619555880608,5.60528387767358,31.9791259759901,13.6401304419348
ENSG00000177463.18,6.91450886976375,22.4211355106943,3.83749511711882,12.4001185835771
ENSG00000177469.15,559.643061646503,375.55401980413,90.820717771812,95.4809130935435
ENSG00000177479.22,236.389771985048,231.217959954035,290.37046386199,319.923059456289
ENSG00000177485.9,90.3207721112889,128.921529186492,145.824814450515,119.04113840234
ENSG00000177494.8,36.3011715662597,37.8356661742967,0,3.72003557507312
ENSG00000177542.13,54.8839141537497,61.6581226544094,48.608271483505,44.6404269008775
ENSG00000177556.14,32.8439171313778,23.8224564801127,48.608271483505,38.440367609089
ENSG00000177565.21,178.912917005137,259.244379342403,234.087202144248,190.961826187087
ENSG00000177570.17,5.18588165232281,8.40792581651037,23.0249707027129,17.3601660170079
ENSG00000177576.14,19.0148993918503,15.4145306636024,25.5833007807921,16.1201541586502
ENSG00000177595.20,22.4721538267322,22.4211355106943,15.3499804684753,23.5602253087965
ENSG00000177600.12,93.7780265461708,112.105677553472,150.941474606673,138.881328136063
ENSG00000177602.5,47.1050916752655,39.2369871437151,35.816621093109,31.0002964589427
ENSG00000177606.9,11.2360769133661,19.6184935718575,8.95415527327724,19.8401897337233
ENSG00000177613.9,32.8439171313778,49.0462339296438,29.4207958979109,19.8401897337233
ENSG00000177628.18,207.003109288552,288.672119700189,324.90791991606,355.883403348662
ENSG00000177646.22,230.339576724005,273.257589036587,381.191181633802,326.123118748077
ENSG00000177663.17,27.658035479055,25.2237774495311,10.2333203123168,24.8002371671542
ENSG00000177666.19,117.546650785984,107.901714645216,153.499804684753,150.041434861283
ENSG00000177674.18,19.8792130005708,28.0264193883679,52.4457666006238,38.440367609089
ENSG00000177683.15,36.3011715662597,19.6184935718575,24.3041357417525,42.1604031841621
ENSG00000177697.21,73.0344999368796,102.296430767543,115.124853513565,106.641019818763
ENSG00000177700.8,64.8235206540351,57.4541597461542,49.8874365225446,49.6004743343083
ENSG00000177707.13,33.276073935738,26.6250984189495,17.9083105465545,23.5602253087965
ENSG00000177728.19,89.4564585025685,163.954553421952,148.383144528594,155.001482294714
ENSG00000177731.18,463.272094274171,372.751377865293,367.120366204367,462.524423167425
ENSG00000177738.7,56.1803845668304,54.6515178073174,72.9124072252575,100.440960526974
ENSG00000177788.7,6.91450886976375,4.20396290825519,19.1874755855941,13.6401304419348
ENSG00000177830.20,184.96311226618,141.533417911258,133.033164060119,120.281150260698
ENSG00000177842.14,22.9043106310924,26.6250984189495,37.0957861321486,34.7203320340158
ENSG00000177868.14,14.2611745438877,18.2171726024391,11.5124853513564,11.1601067252194
ENSG00000177879.19,127.918414090629,109.303035614635,110.008193357406,126.481209552486
ENSG00000177885.17,437.774842816917,313.895897149721,269.903823237357,328.603142464793
ENSG00000177889.12,312.449369552449,294.277403577863,180.362270504584,153.761470436356
ENSG00000177917.13,104.581946655177,114.908319492308,89.5415527327724,110.361055393836
ENSG00000177932.9,9.50744969592515,8.40792581651037,3.83749511711882,14.8801423002925
ENSG00000177951.20,433.021117968955,626.390473330023,1427.5481835682,1313.17255800081
ENSG00000177954.16,160.330174417647,154.145306636024,230.249707027129,208.321992204095
ENSG00000177963.17,483.151307274742,476.449129602254,381.191181633802,369.523533790597
ENSG00000177971.9,63.9592070453146,56.0528387767358,88.2623876937328,69.4406640680317
ENSG00000177981.13,67.8486182845567,58.8554807155726,53.7249316396634,50.840486192666
ENSG00000177990.14,59.2054821973521,71.4673694403382,80.5873974594952,65.7206284929585
ENSG00000178028.16,44.5121508491041,54.6515178073174,57.5624267567823,69.4406640680317
ENSG00000178031.20,74.3309703499603,91.0858630121957,184.199765621703,151.28144671964
ENSG00000178035.15,223.425067854241,123.316245308819,200.828911129218,231.882217512891
ENSG00000178053.22,38.8941123924211,54.6515178073174,42.212446288307,42.1604031841621
ENSG00000178057.17,44.5121508491041,50.4475548990622,94.6582128889308,69.4406640680317
ENSG00000178074.7,36.7333283706199,29.4277403577863,23.0249707027129,17.3601660170079
ENSG00000178075.22,11.6682337177263,16.8158516330207,6.39582519519803,16.1201541586502
ENSG00000178096.11,4.32156804360234,7.00660484709198,7.67499023423763,12.4001185835771
ENSG00000178104.23,174.591348961535,140.13209694184,344.095395501654,318.683047597931
ENSG00000178105.14,159.033704004566,151.342664697187,144.545649411475,125.241197694129
ENSG00000178127.15,49.2658756970667,67.263406532083,44.7707763663862,45.8804387592352
ENSG00000178149.19,30.2509763052164,30.8290613272047,47.3291064444654,44.6404269008775
ENSG00000178163.10,70.4415591107182,72.8686904097566,57.5624267567823,89.280853801755
ENSG00000178177.19,24.2007810441731,25.2237774495311,10.2333203123168,23.5602253087965
ENSG00000178202.15,73.0344999368796,91.0858630121957,60.1207568348615,64.4806166346008
ENSG00000178209.19,66.9843046758363,64.4607645932462,37.0957861321486,57.0405454844546
ENSG00000178234.16,95.0744969592515,92.4871839816141,53.7249316396634,73.1606996431048
ENSG00000178252.21,335.353680183542,260.645700311822,191.874755855941,262.882513971834
ENSG00000178295.17,61.3662662191532,58.8554807155726,47.3291064444654,43.4004150425198
ENSG00000178307.12,74.3309703499603,72.8686904097566,72.9124072252575,73.1606996431048
ENSG00000178381.15,11.6682337177263,1.4013209694184,19.1874755855941,9.92009486686167
ENSG00000178385.17,30.2509763052164,35.0330242354599,42.212446288307,35.9603438923735
ENSG00000178386.15,9.93960650028538,2.80264193883679,14.0708154294357,14.8801423002925
ENSG00000178401.18,12.1003905220866,23.8224564801127,10.2333203123168,2.48002371671542
ENSG00000178425.16,18.1505857831298,23.8224564801127,14.0708154294357,21.080201592081
ENSG00000178440.9,11.6682337177263,15.4145306636024,10.2333203123168,7.44007115014625
ENSG00000178449.11,35.4368579575392,35.0330242354599,71.6332421862179,53.3205099093814
ENSG00000178467.20,4.75372484796257,2.80264193883679,6.39582519519803,12.4001185835771
ENSG00000178498.18,7.77882247848421,9.80924678592877,23.0249707027129,12.4001185835771
ENSG00000178502.7,16.4219585656889,14.013209694184,8.95415527327724,9.92009486686167
ENSG00000178537.12,30.6831331095766,32.2303822966231,23.0249707027129,23.5602253087965
ENSG00000178567.8,46.6729348709053,49.0462339296438,23.0249707027129,22.3202134504387
ENSG00000178605.17,1.2964704130807,9.80924678592877,12.7916503903961,13.6401304419348
ENSG00000178607.18,7.34666567412398,7.00660484709198,20.4666406246337,16.1201541586502
ENSG00000178691.14,43.6478372403836,43.4409500519703,17.9083105465545,27.2802608838696
ENSG00000178694.11,33.276073935738,21.0198145412759,29.4207958979109,19.8401897337233
ENSG00000178700.11,7.77882247848421,15.4145306636024,10.2333203123168,13.6401304419348
ENSG00000178719.19,86.4313608720468,176.566442146718,231.528872066169,157.481506011429
ENSG00000178726.7,0.864313608720468,0,12.7916503903961,19.8401897337233
ENSG00000178741.14,86.4313608720468,81.2766162262669,101.054038084129,89.280853801755
ENSG00000178761.17,70.0094023063579,65.8620855626646,63.9582519519803,69.4406640680317
ENSG00000178773.17,19.8792130005708,32.2303822966231,57.5624267567823,29.760284600585
ENSG00000178802.20,100.260378611574,86.8819001039405,143.266484372436,153.761470436356
ENSG00000178896.11,20.311369804931,28.0264193883679,28.1416308588713,27.2802608838696
ENSG00000178904.21,26.7937218703345,37.8356661742967,42.212446288307,40.9203913258044
ENSG00000178913.9,422.649354664309,306.889292302629,392.703666985159,445.164257150417
ENSG00000178921.16,115.385866764182,112.105677553472,92.0998828108516,136.401304419348
ENSG00000178922.20,11.2360769133661,11.2105677553472,14.0708154294357,8.68008300850396
ENSG00000178927.21,212.188990940875,248.033811587056,269.903823237357,252.962419104972
ENSG00000178935.6,7.34666567412398,4.20396290825519,14.0708154294357,7.44007115014625
ENSG00000178950.20,70.8737159150784,56.0528387767358,65.2374169910199,54.5605217677392
ENSG00000178952.13,526.799144515125,491.863660265857,639.582519519803,610.085834311992
ENSG00000178966.18,85.5670472633263,51.8488758684806,52.4457666006238,62.0005929178854
ENSG00000178971.19,116.250180372903,137.329455003003,237.924697261367,199.641909195591
ENSG00000178974.13,113.225082742381,96.6911468898693,58.8415917958219,74.4007115014625
ENSG00000178980.17,22.4721538267322,9.80924678592877,19.1874755855941,11.1601067252194
ENSG00000178982.12,60.934109414793,61.6581226544094,125.358173825881,86.8008300850396
ENSG00000178988.13,72.1701863281591,91.0858630121957,118.962348630683,102.92098424369
ENSG00000178999.15,150.390567917361,162.553232452534,208.503901363456,205.84196848738
ENSG00000179010.18,246.329378485333,180.770405054973,163.73312499707,174.841672028437
ENSG00000179021.12,51.4266597188679,44.8422710213887,34.5374560540694,35.9603438923735
ENSG00000179029.17,15.1254881526082,5.60528387767358,17.9083105465545,12.4001185835771
ENSG00000179041.4,29.3866626964959,25.2237774495311,30.6999609369505,33.4803201756581
ENSG00000179051.16,26.3615650659743,28.0264193883679,25.5833007807921,27.2802608838696
ENSG00000179091.7,185.827425874901,166.757195360789,148.383144528594,183.521755036941
ENSG00000179115.13,171.998408135373,168.158516330207,221.295551753852,209.562004062453
ENSG00000179119.16,80.3811656110035,74.270011379175,79.3082324204556,83.0807945099664
ENSG00000179134.18,35.004701153179,37.8356661742967,31.9791259759901,32.2403083173004
ENSG00000179136.9,8.21097928284445,14.013209694184,0,2.48002371671542
ENSG00000179151.15,181.505857831298,200.388898626831,200.828911129218,188.481802470372
ENSG00000179152.22,30.2509763052164,23.8224564801127,30.6999609369505,43.4004150425198
ENSG00000179163.14,39.7584260011415,57.4541597461542,44.7707763663862,47.1204506175929
ENSG00000179195.18,183.234485048739,252.237774495311,317.232929681822,266.602549546907
ENSG00000179218.17,420.920727446868,379.757982712385,461.778579093298,515.844933076807
ENSG00000179222.20,843.137925306817,814.167483232088,1048.91533201248,1202.81150260698
ENSG00000179241.15,44.9443076534643,43.4409500519703,51.1666015615842,39.6803794674467
ENSG00000179242.17,4.32156804360234,8.40792581651037,29.4207958979109,28.5202727422273
ENSG00000179262.12,111.49645552494,121.9149243394,133.033164060119,152.521458577998
ENSG00000179271.5,58.3411685886316,57.4541597461542,58.8415917958219,58.2805573428123
ENSG00000179295.21,305.967017487046,248.033811587056,205.945571285377,244.282336096468
ENSG00000179304.20,53.587443740669,37.8356661742967,76.7499023423763,83.0807945099664
ENSG00000179335.22,101.124692220295,96.6911468898693,115.124853513565,120.281150260698
ENSG00000179387.12,43.6478372403836,32.2303822966231,42.212446288307,62.0005929178854
ENSG00000179406.11,4.75372484796257,2.80264193883679,16.6291455075149,8.68008300850396
ENSG00000179409.12,266.208591485904,281.665514853097,241.762192378485,235.602253087965
ENSG00000179454.16,13.8290177395275,23.8224564801127,15.3499804684753,13.6401304419348
ENSG00000179455.10,12.964704130807,7.00660484709198,2.55833007807921,12.4001185835771
ENSG00000179523.8,52.7231301319486,88.2832210733589,101.054038084129,99.2009486686166
ENSG00000179526.19,28.0901922834152,22.4211355106943,35.816621093109,38.440367609089
ENSG00000179532.14,4.32156804360234,5.60528387767358,19.1874755855941,13.6401304419348
ENSG00000179562.4,48.8337188927065,37.8356661742967,61.3999218739011,59.52056920117
ENSG00000179604.12,59.6376390017123,57.4541597461542,34.5374560540694,43.4004150425198
ENSG00000179632.13,161.194488026367,133.125492094748,170.128950192268,184.761766895299
ENSG00000179715.15,9.07529289156492,7.00660484709198,11.5124853513564,13.6401304419348
ENSG00000179750.17,98.9639081984936,98.0924678592877,71.6332421862179,50.840486192666
ENSG00000179820.19,35.8690147618994,53.250196837899,49.8874365225446,22.3202134504387
ENSG00000179832.20,33.7082307400983,19.6184935718575,21.7458056636733,42.1604031841621
ENSG00000179833.6,79.5168520022831,96.6911468898693,108.729028318366,90.5208656601127
ENSG00000179841.9,7.34666567412398,16.8158516330207,1.27916503903961,0
ENSG00000179889.23,67.4164614801965,96.6911468898693,129.195668943,164.921577161575
ENSG00000179918.19,93.7780265461708,92.4871839816141,163.73312499707,146.32139928621
ENSG00000179933.8,110.63214191622,128.921529186492,162.45395995803,146.32139928621
ENSG00000179941.11,58.7733253929918,47.6449129602254,43.4916113273466,48.3604624759506
ENSG00000179950.17,382.890928663167,397.975155314824,379.912016594763,403.003853966255
ENSG00000179958.11,66.9843046758363,89.6845420427773,66.5165820300595,52.0804980510237
ENSG00000179988.16,7.77882247848421,8.40792581651037,17.9083105465545,17.3601660170079
ENSG00000180008.11,79.0846951979228,89.6845420427773,25.5833007807921,33.4803201756581
ENSG00000180098.11,22.9043106310924,35.0330242354599,30.6999609369505,18.6001778753656
ENSG00000180104.18,84.2705768502456,53.250196837899,67.7957470690991,66.9606403513162
ENSG00000180182.13,56.6125413711907,75.6713323485934,43.4916113273466,34.7203320340158
ENSG00000180185.14,43.2156804360234,33.6317032660415,71.6332421862179,53.3205099093814
ENSG00000180190.14,20.7435266092912,18.2171726024391,19.1874755855941,6.20005929178854
ENSG00000180198.19,182.370171440019,162.553232452534,172.687280270347,114.081090968909
ENSG00000180228.16,121.436062025226,86.8819001039405,122.799843747802,112.841079110551
ENSG00000180304.15,210.028206919074,184.974367963228,129.195668943,128.961233269202
ENSG00000180329.16,112.792925938021,110.704356584053,65.2374169910199,70.6806759263894
ENSG00000180336.20,7.34666567412398,16.8158516330207,7.67499023423763,4.96004743343083
ENSG00000180340.7,55.31607095811,49.0462339296438,17.9083105465545,31.0002964589427
ENSG00000180346.6,19.0148993918503,9.80924678592877,12.7916503903961,27.2802608838696
ENSG00000180357.12,12.1003905220866,29.4277403577863,34.5374560540694,27.2802608838696
ENSG00000180370.12,328.007014509418,409.185723070171,277.578813471594,239.322288663038
ENSG00000180376.19,36.7333283706199,28.0264193883679,24.3041357417525,19.8401897337233
ENSG00000180398.15,375.544262989043,361.540810109946,470.732734366575,469.964494317571
ENSG00000180423.6,8.64313608720468,16.8158516330207,7.67499023423763,14.8801423002925
ENSG00000180425.11,3.88941123924211,14.013209694184,14.0708154294357,3.72003557507312
ENSG00000180488.19,35.4368579575392,23.8224564801127,35.816621093109,35.9603438923735
ENSG00000180537.15,76.0595975674012,72.8686904097566,33.2582910150297,53.3205099093814
ENSG00000180573.11,45.8086212621848,29.4277403577863,38.3749511711882,58.2805573428123
ENSG00000180596.11,38.8941123924211,40.6383081131335,23.0249707027129,38.440367609089
ENSG00000180611.8,57.0446981755509,36.4343452048783,23.0249707027129,38.440367609089
ENSG00000180626.12,20.7435266092912,15.4145306636024,14.0708154294357,23.5602253087965
ENSG00000180628.17,107.174887481338,126.118887247656,75.4707373033367,74.4007115014625
ENSG00000180667.11,33.7082307400983,22.4211355106943,10.2333203123168,29.760284600585
ENSG00000180694.16,13.8290177395275,23.8224564801127,2.55833007807921,7.44007115014625
ENSG00000180730.6,7.34666567412398,5.60528387767358,30.6999609369505,35.9603438923735
ENSG00000180773.17,93.3458697418106,68.6647275015014,35.816621093109,95.4809130935435
ENSG00000180776.19,76.9239111761217,53.250196837899,34.5374560540694,44.6404269008775
ENSG00000180777.17,9.07529289156492,14.013209694184,11.5124853513564,13.6401304419348
ENSG00000180801.15,195.334875570826,227.01399704578,65.2374169910199,79.3607589348933
ENSG00000180817.14,230.771733528365,179.369084085555,235.366367183287,228.162181937818
ENSG00000180822.14,10.8039201090059,12.6118887247656,16.6291455075149,17.3601660170079
ENSG00000180879.16,43.2156804360234,40.6383081131335,94.6582128889308,89.280853801755
ENSG00000180902.20,12.964704130807,9.80924678592877,11.5124853513564,12.4001185835771
ENSG00000180914.12,231.203890332725,260.645700311822,79.3082324204556,71.9206877847471
ENSG00000180957.20,388.50896711985,371.350056895875,323.62875487702,288.922762997346
ENSG00000180964.19,46.6729348709053,49.0462339296438,88.2623876937328,79.3607589348933
ENSG00000180979.12,48.4015620883462,49.0462339296438,25.5833007807921,45.8804387592352
ENSG00000180992.9,77.7882247848421,72.8686904097566,94.6582128889308,79.3607589348933
ENSG00000181007.11,12.1003905220866,14.013209694184,24.3041357417525,13.6401304419348
ENSG00000181019.14,131.375668525511,128.921529186492,345.374560540693,311.242976447785
ENSG00000181026.17,171.566251331013,100.895109798124,184.199765621703,193.441849903802
ENSG00000181027.13,11.2360769133661,21.0198145412759,5.11666015615842,12.4001185835771
ENSG00000181035.16,19.4470561962105,8.40792581651037,21.7458056636733,12.4001185835771
ENSG00000181038.16,58.3411685886316,91.0858630121957,62.6790869129407,69.4406640680317
ENSG00000181045.18,25.929408261614,32.2303822966231,40.9332812492674,35.9603438923735
ENSG00000181061.16,240.71134002865,243.829848678801,216.178891597693,202.121932912306
ENSG00000181090.23,79.5168520022831,102.296430767543,81.8665624985348,86.8008300850396
ENSG00000181104.8,157.305076787125,165.355874391371,92.0998828108516,124.001185835771
ENSG00000181163.16,1208.74258179557,1136.47130619832,1520.92723141809,1397.49336436914
ENSG00000181191.14,60.0697958060725,46.2435919908071,92.0998828108516,96.7209249519012
ENSG00000181192.14,51.4266597188679,56.0528387767358,21.7458056636733,23.5602253087965
ENSG00000181220.20,9.07529289156492,18.2171726024391,8.95415527327724,4.96004743343083
ENSG00000181222.19,1382.46961714839,1692.79573105742,1196.01931150203,1104.85056579672
ENSG00000181264.11,19.8792130005708,14.013209694184,20.4666406246337,28.5202727422273
ENSG00000181315.13,101.124692220295,61.6581226544094,78.0290673814159,59.52056920117
ENSG00000181381.17,9.07529289156492,22.4211355106943,20.4666406246337,3.72003557507312
ENSG00000181396.15,38.8941123924211,29.4277403577863,26.8624658198317,42.1604031841621
ENSG00000181450.19,15.1254881526082,12.6118887247656,12.7916503903961,16.1201541586502
ENSG00000181458.12,28.0901922834152,19.6184935718575,55.004096678703,37.2003557507312
ENSG00000181472.7,32.8439171313778,37.8356661742967,33.2582910150297,50.840486192666
ENSG00000181481.16,9.93960650028538,4.20396290825519,17.9083105465545,14.8801423002925
ENSG00000181523.15,158.601547200206,211.599466382178,216.178891597693,181.041731320225
ENSG00000181544.18,43.6478372403836,63.0594436238278,37.0957861321486,21.080201592081
ENSG00000181555.24,55.7482277624702,79.8752952568485,26.8624658198317,60.7605810595277
ENSG00000181610.15,45.3764644578246,42.0396290825519,62.6790869129407,49.6004743343083
ENSG00000181619.12,5.61803845668304,11.2105677553472,5.11666015615842,14.8801423002925
ENSG00000181625.20,29.3866626964959,4.20396290825519,21.7458056636733,42.1604031841621
ENSG00000181638.22,25.0650946528936,22.4211355106943,53.7249316396634,47.1204506175929
ENSG00000181649.10,28.0901922834152,42.0396290825519,40.9332812492674,37.2003557507312
ENSG00000181666.21,35.004701153179,32.2303822966231,37.0957861321486,54.5605217677392
ENSG00000181704.14,113.225082742381,105.09907270638,111.287358396446,114.081090968909
ENSG00000181722.20,8.21097928284445,23.8224564801127,15.3499804684753,13.6401304419348
ENSG00000181744.10,34.5725443488187,21.0198145412759,7.67499023423763,12.4001185835771
ENSG00000181751.12,87.2956744807673,77.0726533180118,98.4957080060496,101.680972385332
ENSG00000181773.9,14.693331348248,15.4145306636024,11.5124853513564,11.1601067252194
ENSG00000181789.16,282.630550051593,187.777009902065,292.92879394007,435.244162283556
ENSG00000181817.8,25.0650946528936,29.4277403577863,37.0957861321486,32.2403083173004
ENSG00000181827.18,68.7129318932772,93.8885049510325,52.4457666006238,42.1604031841621
ENSG00000181830.11,32.4117603270176,18.2171726024391,49.8874365225446,69.4406640680317
ENSG00000181852.20,72.1701863281591,70.0660484709198,83.1457275375744,65.7206284929585
ENSG00000181873.15,12.964704130807,11.2105677553472,12.7916503903961,3.72003557507312
ENSG00000181904.11,130.07919811243,120.513603369982,133.033164060119,119.04113840234
ENSG00000181924.10,47.1050916752655,65.8620855626646,102.333203123168,88.0408419433973
ENSG00000181929.14,120.571748416505,106.500393675798,115.124853513565,135.16129256099
ENSG00000181938.16,56.1803845668304,43.4409500519703,56.2832617177426,50.840486192666
ENSG00000181991.18,70.0094023063579,77.0726533180118,157.337299801871,130.201245127559
ENSG00000182004.15,82.5419496328047,65.8620855626646,86.9832226546932,64.4806166346008
ENSG00000182010.13,64.8235206540351,64.4607645932462,25.5833007807921,24.8002371671542
ENSG00000182054.12,299.916822226002,374.152698834712,327.466249994139,295.122822289135
ENSG00000182087.16,27.2258786746947,43.4409500519703,33.2582910150297,34.7203320340158
ENSG00000182093.17,109.767828307499,112.105677553472,110.008193357406,127.721221410844
ENSG00000182108.12,7.34666567412398,0,14.0708154294357,12.4001185835771
ENSG00000182117.8,40.1905828055018,43.4409500519703,53.7249316396634,53.3205099093814
ENSG00000182134.19,93.7780265461708,82.6779371956853,52.4457666006238,48.3604624759506
ENSG00000182141.12,22.9043106310924,16.8158516330207,7.67499023423763,9.92009486686167
ENSG00000182149.23,379.001517423925,554.923103889685,818.665624985348,669.606403513162
ENSG00000182150.22,54.4517573493895,42.0396290825519,35.816621093109,40.9203913258044
ENSG00000182154.9,22.9043106310924,18.2171726024391,24.3041357417525,17.3601660170079
ENSG00000182158.18,532.849339776169,825.378050987435,1038.68201170016,916.368763326346
ENSG00000182173.16,52.2909733275883,64.4607645932462,65.2374169910199,55.8005336260969
ENSG00000182180.16,369.494067728,402.17911822308,478.407724600813,458.804387592352
ENSG00000182185.20,22.9043106310924,19.6184935718575,20.4666406246337,28.5202727422273
ENSG00000182195.10,67.4164614801965,98.0924678592877,115.124853513565,111.601067252194
ENSG00000182196.16,94.210183350531,74.270011379175,86.9832226546932,101.680972385332
ENSG00000182197.14,94.6423401548913,168.158516330207,271.182988276396,205.84196848738
ENSG00000182199.13,356.961520401553,355.935526232272,1037.40284666112,1063.93017447091
ENSG00000182220.17,420.056413838148,397.975155314824,450.266093741941,458.804387592352
ENSG00000182224.13,64.3913638496749,58.8554807155726,98.4957080060496,104.160996102047
ENSG00000182247.13,48.8337188927065,53.250196837899,46.0499414054258,57.0405454844546
ENSG00000182261.5,5.18588165232281,9.80924678592877,11.5124853513564,16.1201541586502
ENSG00000182263.16,29.3866626964959,22.4211355106943,11.5124853513564,9.92009486686167
ENSG00000182287.17,105.014103459537,77.0726533180118,126.637338864921,105.401007960405
ENSG00000182307.16,146.068999873759,130.322850155911,182.920600582664,143.841375569494
ENSG00000182318.9,3.88941123924211,7.00660484709198,12.7916503903961,14.8801423002925
ENSG00000182362.16,11.6682337177263,7.00660484709198,16.6291455075149,12.4001185835771
ENSG00000182372.12,24.2007810441731,25.2237774495311,46.0499414054258,14.8801423002925
ENSG00000182378.17,14.2611745438877,19.6184935718575,19.1874755855941,34.7203320340158
ENSG00000182400.17,68.280775088917,50.4475548990622,61.3999218739011,85.5608182266819
ENSG00000182446.16,288.248588508276,368.547414957038,272.462153315436,256.682454680046
ENSG00000182473.24,354.368579575392,355.935526232272,282.695473627753,317.443035739573
ENSG00000182481.12,2923.10862469262,2518.17378204486,1788.27272457737,1727.33651869229
ENSG00000182492.18,133.536452547312,186.375688932647,133.033164060119,117.801126543982
ENSG00000182504.13,37.5976419793404,40.6383081131335,21.7458056636733,32.2403083173004
ENSG00000182534.15,131.807825329871,228.415318015198,345.374560540693,274.042620697054
ENSG00000182541.20,85.9992040676866,63.0594436238278,30.6999609369505,37.2003557507312
ENSG00000182544.10,276.58035479055,396.573834345406,617.836713856129,504.684826351587
ENSG00000182551.16,339.675248227144,274.658910006005,226.41221191001,248.002371671542
ENSG00000182552.16,110.19998511186,84.0792581651037,78.0290673814159,79.3607589348933
ENSG00000182628.15,83.4062632415252,61.6581226544094,47.3291064444654,32.2403083173004
ENSG00000182667.16,3.45725443488187,16.8158516330207,37.0957861321486,19.8401897337233
ENSG00000182670.15,290.841529334438,284.468156791934,244.320522456565,312.482988306142
ENSG00000182704.10,53.587443740669,88.2832210733589,76.7499023423763,78.1207470765356
ENSG00000182718.20,6661.69713921301,6423.65532381392,6349.7752537926,5909.89651693284
ENSG00000182752.11,10.8039201090059,26.6250984189495,10.2333203123168,14.8801423002925
ENSG00000182768.11,363.011715662597,298.481366486118,222.574716792891,254.20243096333
ENSG00000182774.15,153.415665547883,142.934738880676,188.037260738822,140.121339994421
ENSG00000182809.13,62.6627366322339,65.8620855626646,48.608271483505,33.4803201756581
ENSG00000182810.7,27.658035479055,32.2303822966231,38.3749511711882,39.6803794674467
ENSG00000182827.11,24.2007810441731,14.013209694184,24.3041357417525,16.1201541586502
ENSG00000182831.14,83.4062632415252,42.0396290825519,62.6790869129407,64.4806166346008
ENSG00000182858.16,105.446260263897,134.526813064166,193.15392089498,168.641612736648
ENSG00000182872.18,109.335671503139,98.0924678592877,66.5165820300595,85.5608182266819
ENSG00000182899.19,139.586647808356,106.500393675798,239.203862300406,143.841375569494
ENSG00000182903.17,32.8439171313778,40.6383081131335,25.5833007807921,42.1604031841621
ENSG00000182919.17,36.7333283706199,30.8290613272047,48.608271483505,39.6803794674467
ENSG00000182923.22,42.3513668273029,30.8290613272047,38.3749511711882,29.760284600585
ENSG00000182934.14,323.685446465815,297.0800455167,276.299648432555,352.163367773589
ENSG00000182944.20,564.396786494466,498.870265112949,459.220249015218,467.484470600856
ENSG00000182952.7,141.315275025797,138.730775972421,162.45395995803,174.841672028437
ENSG00000182957.18,5.18588165232281,8.40792581651037,14.0708154294357,16.1201541586502
ENSG00000182963.13,348.318384314349,426.001574703192,410.611977531713,362.083462640451
ENSG00000182973.22,37.5976419793404,44.8422710213887,85.7040576156536,27.2802608838696
ENSG00000182985.21,134.400766156033,117.710961431145,33.2582910150297,28.5202727422273
ENSG00000182986.17,7.34666567412398,8.40792581651037,7.67499023423763,14.8801423002925
ENSG00000183010.19,405.79523929426,323.705143935649,770.057353501843,877.928395717257
ENSG00000183011.16,25.929408261614,25.2237774495311,29.4207958979109,21.080201592081
ENSG00000183020.17,16.4219585656889,12.6118887247656,19.1874755855941,12.4001185835771
ENSG00000183023.21,28.9545058921357,15.4145306636024,23.0249707027129,14.8801423002925
ENSG00000183048.14,130.511354916791,135.928134033584,79.3082324204556,99.2009486686166
ENSG00000183054.15,2.5929408261614,0,56.2832617177426,57.0405454844546
ENSG00000183077.18,22.9043106310924,47.6449129602254,62.6790869129407,40.9203913258044
ENSG00000183087.17,21.1756834136515,43.4409500519703,28.1416308588713,37.2003557507312
ENSG00000183137.18,29.8188195008562,22.4211355106943,10.2333203123168,21.080201592081
ENSG00000183155.7,49.6980325014269,49.0462339296438,44.7707763663862,58.2805573428123
ENSG00000183161.6,17.7184289787696,18.2171726024391,12.7916503903961,17.3601660170079
ENSG00000183172.11,19.8792130005708,26.6250984189495,20.4666406246337,19.8401897337233
ENSG00000183207.17,383.323085467528,466.639882816326,674.119975573872,551.80527696918
ENSG00000183248.13,23.3364674354526,47.6449129602254,26.8624658198317,16.1201541586502
ENSG00000183250.14,25.929408261614,33.6317032660415,80.5873974594952,69.4406640680317
ENSG00000183255.14,719.54107925979,704.864447617453,547.482636708951,500.964790776514
ENSG00000183258.14,108.471357894419,107.901714645216,124.079008786842,111.601067252194
ENSG00000183283.18,1353.94726806061,2612.06228699589,3086.62523920257,2251.8615347776
ENSG00000183287.17,216.078402180117,176.566442146718,75.4707373033367,81.8407826516087
ENSG00000183291.19,308.992115117567,521.291400623643,873.669721664051,615.045881745423
ENSG00000183309.14,13.3968609351673,11.2105677553472,23.0249707027129,17.3601660170079
ENSG00000183311.16,557.050120820342,433.008179550284,552.59929686511,531.965087235457
ENSG00000183337.20,187.556053092342,236.823243831709,253.274677729842,207.081980345737
ENSG00000183340.9,19.8792130005708,18.2171726024391,19.1874755855941,17.3601660170079
ENSG00000183431.14,423.081511468669,357.336847201691,358.16621093109,398.043806532824
ENSG00000183474.18,33.7082307400983,44.8422710213887,74.1915722642971,34.7203320340158
ENSG00000183475.15,44.5121508491041,35.0330242354599,47.3291064444654,44.6404269008775
ENSG00000183495.17,19.8792130005708,22.4211355106943,21.7458056636733,32.2403083173004
ENSG00000183513.11,22.9043106310924,23.8224564801127,34.5374560540694,23.5602253087965
ENSG00000183520.14,63.5270502409544,58.8554807155726,79.3082324204556,63.2406047762431
ENSG00000183527.14,106.742730676978,89.6845420427773,101.054038084129,104.160996102047
ENSG00000183530.16,22.4721538267322,25.2237774495311,31.9791259759901,26.0402490255119
ENSG00000183576.15,106.310573872618,107.901714645216,106.170698240287,111.601067252194
ENSG00000183579.18,4.32156804360234,1.4013209694184,12.7916503903961,6.20005929178854
ENSG00000183597.18,26.3615650659743,35.0330242354599,29.4207958979109,37.2003557507312
ENSG00000183605.19,28.0901922834152,26.6250984189495,39.6541162102278,49.6004743343083
ENSG00000183617.7,10.8039201090059,14.013209694184,14.0708154294357,9.92009486686167
ENSG00000183624.16,80.8133224153638,84.0792581651037,43.4916113273466,50.840486192666
ENSG00000183647.13,17.2862721744094,14.013209694184,10.2333203123168,23.5602253087965
ENSG00000183648.13,17.7184289787696,21.0198145412759,25.5833007807921,6.20005929178854
ENSG00000183665.5,18.5827425874901,12.6118887247656,6.39582519519803,26.0402490255119
ENSG00000183668.19,44.9443076534643,60.256801684991,28.1416308588713,34.7203320340158
ENSG00000183696.16,4.32156804360234,11.2105677553472,28.1416308588713,17.3601660170079
ENSG00000183718.8,12.1003905220866,14.013209694184,17.9083105465545,12.4001185835771
ENSG00000183722.11,53.587443740669,49.0462339296438,40.9332812492674,37.2003557507312
ENSG00000183723.14,6.05019526104328,5.60528387767358,16.6291455075149,6.20005929178854
ENSG00000183726.13,143.908215851958,144.336059850095,102.333203123168,132.681268844275
ENSG00000183735.13,109.767828307499,86.8819001039405,126.637338864921,116.561114685625
ENSG00000183751.18,92.0493993287299,82.6779371956853,85.7040576156536,111.601067252194
ENSG00000183763.11,34.5725443488187,30.8290613272047,46.0499414054258,39.6803794674467
ENSG00000183765.26,21.6078402180117,26.6250984189495,25.5833007807921,33.4803201756581
ENSG00000183808.14,54.8839141537497,56.0528387767358,44.7707763663862,59.52056920117
ENSG00000183814.18,43.2156804360234,26.6250984189495,21.7458056636733,27.2802608838696
ENSG00000183826.21,10.3717633046456,19.6184935718575,5.11666015615842,4.96004743343083
ENSG00000183828.17,23.7686242398129,18.2171726024391,29.4207958979109,37.2003557507312
ENSG00000183853.20,89.0243016982082,102.296430767543,81.8665624985348,63.2406047762431
ENSG00000183856.13,32.8439171313778,40.6383081131335,21.7458056636733,42.1604031841621
ENSG00000183864.8,39.7584260011415,33.6317032660415,25.5833007807921,27.2802608838696
ENSG00000183873.22,15.5576449569684,21.0198145412759,17.9083105465545,24.8002371671542
ENSG00000183889.15,15.1254881526082,0,0,13.6401304419348
ENSG00000183891.8,7.34666567412398,14.013209694184,11.5124853513564,12.4001185835771
ENSG00000183955.15,14.2611745438877,12.6118887247656,23.0249707027129,28.5202727422273
ENSG00000183963.21,323.253289661455,276.060230975424,209.783066402495,214.522051495884
ENSG00000183978.9,48.8337188927065,49.0462339296438,51.1666015615842,39.6803794674467
ENSG00000184007.23,21.6078402180117,12.6118887247656,37.0957861321486,27.2802608838696
ENSG00000184009.15,8747.2858770555,7649.81117205502,2412.5052636287,2730.50611210367
ENSG00000184014.11,222.12859744116,290.073440669608,314.674599603743,368.283521932239
ENSG00000184047.23,106.310573872618,81.2766162262669,121.520678708763,91.7608775184704
ENSG00000184056.17,16.8541153700491,2.80264193883679,25.5833007807921,7.44007115014625
ENSG00000184076.15,67.8486182845567,63.0594436238278,66.5165820300595,55.8005336260969
ENSG00000184083.13,17.7184289787696,19.6184935718575,33.2582910150297,22.3202134504387
ENSG00000184110.17,1477.11195730328,1233.16245308819,1597.67713376047,1799.25720647703
ENSG00000184117.14,186.691739483621,190.579651840902,180.362270504584,161.201541586502
ENSG00000184154.18,17.2862721744094,7.00660484709198,21.7458056636733,14.8801423002925
ENSG00000184162.17,16.8541153700491,11.2105677553472,10.2333203123168,16.1201541586502
ENSG00000184164.17,54.0196005450293,67.263406532083,116.404018552604,104.160996102047
ENSG00000184178.19,34.1403875444585,32.2303822966231,35.816621093109,31.0002964589427
ENSG00000184182.21,51.8588165232281,43.4409500519703,61.3999218739011,59.52056920117
ENSG00000184203.10,147.7976270912,135.928134033584,154.778969723792,157.481506011429
ENSG00000184205.16,59.2054821973521,60.256801684991,80.5873974594952,95.4809130935435
ENSG00000184209.17,9.50744969592515,9.80924678592877,6.39582519519803,13.6401304419348
ENSG00000184216.17,92.4815561330901,86.8819001039405,85.7040576156536,100.440960526974
ENSG00000184220.13,74.7631271543205,78.4739742874302,139.428989255317,120.281150260698
ENSG00000184277.15,28.0901922834152,23.8224564801127,20.4666406246337,31.0002964589427
ENSG00000184281.17,73.8988135456,75.6713323485934,79.3082324204556,78.1207470765356
ENSG00000184357.5,13.3968609351673,9.80924678592877,5.11666015615842,18.6001778753656
ENSG00000184384.16,7.34666567412398,15.4145306636024,7.67499023423763,7.44007115014625
ENSG00000184402.16,12.5325473264468,9.80924678592877,8.95415527327724,16.1201541586502
ENSG00000184428.15,30.6831331095766,19.6184935718575,35.816621093109,27.2802608838696
ENSG00000184432.13,854.806159024543,753.910681547097,886.461372054447,982.089391819305
ENSG00000184436.14,26.3615650659743,15.4145306636024,33.2582910150297,27.2802608838696
ENSG00000184445.13,82.9741064371649,95.2898259204509,47.3291064444654,64.4806166346008
ENSG00000184465.19,15.5576449569684,14.013209694184,24.3041357417525,19.8401897337233
ENSG00000184470.22,45.3764644578246,40.6383081131335,25.5833007807921,42.1604031841621
ENSG00000184500.18,16.4219585656889,16.8158516330207,15.3499804684753,13.6401304419348
ENSG00000184508.13,6.91450886976375,7.00660484709198,35.816621093109,18.6001778753656
ENSG00000184517.14,30.6831331095766,28.0264193883679,29.4207958979109,27.2802608838696
ENSG00000184557.6,48.4015620883462,37.8356661742967,10.2333203123168,14.8801423002925
ENSG00000184575.14,351.775638749231,344.724958476925,704.819936510823,742.767103156267
ENSG00000184584.16,18.5827425874901,16.8158516330207,21.7458056636733,6.20005929178854
ENSG00000184602.8,49.6980325014269,42.0396290825519,38.3749511711882,31.0002964589427
ENSG00000184611.15,52.7231301319486,64.4607645932462,8.95415527327724,7.44007115014625
ENSG00000184619.9,17.2862721744094,11.2105677553472,20.4666406246337,8.68008300850396
ENSG00000184634.19,70.4415591107182,114.908319492308,157.337299801871,107.881031677121
ENSG00000184635.18,51.4266597188679,43.4409500519703,16.6291455075149,19.8401897337233
ENSG00000184640.22,68.7129318932772,46.2435919908071,33.2582910150297,45.8804387592352
ENSG00000184661.16,135.697236569113,124.717566278237,69.0749121081387,66.9606403513162
ENSG00000184677.20,25.0650946528936,19.6184935718575,20.4666406246337,43.4004150425198
ENSG00000184678.11,20.7435266092912,23.8224564801127,25.5833007807921,23.5602253087965
ENSG00000184708.20,66.5521478714761,74.270011379175,40.9332812492674,50.840486192666
ENSG00000184743.15,164.651742461249,127.520208217074,104.891533201248,111.601067252194
ENSG00000184752.16,59.6376390017123,77.0726533180118,78.0290673814159,65.7206284929585
ENSG00000184787.21,166.38036967869,138.730775972421,170.128950192268,179.801719461868
ENSG00000184831.16,19.8792130005708,21.0198145412759,20.4666406246337,17.3601660170079
ENSG00000184838.16,51.4266597188679,43.4409500519703,49.8874365225446,60.7605810595277
ENSG00000184840.14,333.19289616174,302.685329394373,420.84529784403,486.084648476222
ENSG00000184857.10,14.2611745438877,18.2171726024391,21.7458056636733,31.0002964589427
ENSG00000184863.12,38.0297987837006,40.6383081131335,43.4916113273466,52.0804980510237
ENSG00000184867.16,28.5223490877754,29.4277403577863,34.5374560540694,32.2403083173004
ENSG00000184900.18,628.788150344141,580.146881339216,491.199374991209,515.844933076807
ENSG00000184924.8,12.1003905220866,5.60528387767358,8.95415527327724,13.6401304419348
ENSG00000184939.17,17.7184289787696,15.4145306636024,20.4666406246337,23.5602253087965
ENSG00000184967.9,57.9090117842714,36.4343452048783,40.9332812492674,54.5605217677392
ENSG00000184983.13,33.276073935738,67.263406532083,58.8415917958219,35.9603438923735
ENSG00000184988.10,10.8039201090059,11.2105677553472,14.0708154294357,23.5602253087965
ENSG00000184990.15,50.9945029145076,50.4475548990622,76.7499023423763,89.280853801755
ENSG00000184992.14,16.8541153700491,26.6250984189495,26.8624658198317,23.5602253087965
ENSG00000185009.15,285.223490877755,201.790219596249,145.824814450515,195.921873620518
ENSG00000185019.19,28.5223490877754,23.8224564801127,37.0957861321486,27.2802608838696
ENSG00000185022.15,22.0399970223719,14.013209694184,55.004096678703,54.5605217677392
ENSG00000185024.20,12.5325473264468,15.4145306636024,10.2333203123168,8.68008300850396
ENSG00000185033.17,19.0148993918503,25.2237774495311,16.6291455075149,27.2802608838696
ENSG00000185043.15,57.0446981755509,37.8356661742967,116.404018552604,90.5208656601127
ENSG00000185049.18,120.571748416505,190.579651840902,204.666406246337,155.001482294714
ENSG00000185085.3,62.2305798278737,68.6647275015014,43.4916113273466,49.6004743343083
ENSG00000185088.16,66.9843046758363,54.6515178073174,89.5415527327724,80.600770793251
ENSG00000185090.17,8.21097928284445,4.20396290825519,12.7916503903961,8.68008300850396
ENSG00000185104.23,50.9945029145076,58.8554807155726,38.3749511711882,49.6004743343083
ENSG00000185122.13,127.918414090629,124.717566278237,107.449863279327,105.401007960405
ENSG00000185127.7,33.7082307400983,26.6250984189495,23.0249707027129,35.9603438923735
ENSG00000185129.8,9.07529289156492,7.00660484709198,7.67499023423763,13.6401304419348
ENSG00000185133.16,13.8290177395275,23.8224564801127,14.0708154294357,11.1601067252194
ENSG00000185158.15,5.61803845668304,7.00660484709198,7.67499023423763,14.8801423002925
ENSG00000185164.18,168.108996896131,134.526813064166,144.545649411475,269.082573263623
ENSG00000185189.20,11.2360769133661,11.2105677553472,15.3499804684753,9.92009486686167
ENSG00000185201.19,417.895629816346,863.213717161732,816.107294907268,513.364909360091
ENSG00000185219.20,103.717633046456,142.934738880676,173.966445309386,136.401304419348
ENSG00000185220.14,13.8290177395275,12.6118887247656,12.7916503903961,19.8401897337233
ENSG00000185222.12,72.1701863281591,63.0594436238278,145.824814450515,136.401304419348
ENSG00000185236.14,56.1803845668304,86.8819001039405,108.729028318366,115.321102827267
ENSG00000185238.15,77.3560679804819,54.6515178073174,93.3790478498912,73.1606996431048
ENSG00000185246.20,90.3207721112889,75.6713323485934,63.9582519519803,85.5608182266819
ENSG00000185278.18,12.964704130807,14.013209694184,15.3499804684753,13.6401304419348
ENSG00000185298.14,168.973310504852,79.8752952568485,53.7249316396634,91.7608775184704
ENSG00000185324.24,31.5474467182971,37.8356661742967,66.5165820300595,42.1604031841621
ENSG00000185344.17,15.1254881526082,25.2237774495311,47.3291064444654,48.3604624759506
ENSG00000185347.21,12.5325473264468,16.8158516330207,14.0708154294357,7.44007115014625
ENSG00000185359.16,1361.29393373474,2073.95503473923,4217.40713371358,3720.03557507312
ENSG00000185361.11,19.4470561962105,21.0198145412759,3.83749511711882,7.44007115014625
ENSG00000185379.23,48.8337188927065,53.250196837899,33.2582910150297,43.4004150425198
ENSG00000185404.19,42.3513668273029,36.4343452048783,47.3291064444654,39.6803794674467
ENSG00000185414.22,75.627440763041,39.2369871437151,51.1666015615842,55.8005336260969
ENSG00000185418.18,16.8541153700491,22.4211355106943,6.39582519519803,12.4001185835771
ENSG00000185420.20,61.3662662191532,53.250196837899,175.245610348426,138.881328136063
ENSG00000185475.13,49.2658756970667,46.2435919908071,86.9832226546932,71.9206877847471
ENSG00000185480.14,180.209387418218,152.743985666605,139.428989255317,119.04113840234
ENSG00000185504.19,112.792925938021,103.697751736961,74.1915722642971,84.3208063683242
ENSG00000185507.23,13.3968609351673,14.013209694184,29.4207958979109,9.92009486686167
ENSG00000185513.19,11.6682337177263,16.8158516330207,5.11666015615842,13.6401304419348
ENSG00000185515.17,136.129393373474,148.54002275835,111.287358396446,115.321102827267
ENSG00000185551.17,85.5670472633263,120.513603369982,89.5415527327724,90.5208656601127
ENSG00000185591.12,34.5725443488187,53.250196837899,55.004096678703,70.6806759263894
ENSG00000185608.11,50.1301893057872,46.2435919908071,85.7040576156536,76.8807352181779
ENSG00000185619.21,33.276073935738,30.8290613272047,31.9791259759901,28.5202727422273
ENSG00000185621.13,18.5827425874901,19.6184935718575,16.6291455075149,31.0002964589427
ENSG00000185624.18,2596.83023740065,2401.86414158313,2988.12953119652,3449.71298995114
ENSG00000185627.21,276.58035479055,235.42192286229,251.995512690802,246.762359813184
ENSG00000185650.12,519.452478841001,899.64806236661,2214.23468257756,1554.97487038057
ENSG00000185651.18,247.193692094054,253.63909546473,200.828911129218,187.241790612014
ENSG00000185658.16,33.7082307400983,49.0462339296438,34.5374560540694,27.2802608838696
ENSG00000185670.11,7.77882247848421,7.00660484709198,14.0708154294357,8.68008300850396
ENSG00000185697.19,15.1254881526082,25.2237774495311,7.67499023423763,13.6401304419348
ENSG00000185721.16,233.364674354526,222.810034137525,332.582910150297,250.482395388257
ENSG00000185722.20,134.832922960393,106.500393675798,102.333203123168,119.04113840234
ENSG00000185728.19,758.003034847851,993.536567317642,1088.5694482227,979.609368102589
ENSG00000185730.10,12.5325473264468,16.8158516330207,15.3499804684753,9.92009486686167
ENSG00000185745.11,31.9796035226573,49.0462339296438,6.39582519519803,4.96004743343083
ENSG00000185753.15,20.311369804931,26.6250984189495,11.5124853513564,23.5602253087965
ENSG00000185761.13,40.622739609862,61.6581226544094,49.8874365225446,39.6803794674467
ENSG00000185787.18,502.598363470952,472.245166693999,406.774482414595,350.923355915231
ENSG00000185798.10,32.4117603270176,19.6184935718575,30.6999609369505,28.5202727422273
ENSG00000185803.14,112.360769133661,53.250196837899,92.0998828108516,63.2406047762431
ENSG00000185813.13,167.676840091771,149.941343727768,83.1457275375744,79.3607589348933
ENSG00000185825.19,295.16309737804,263.448342250658,393.982832024199,364.563486357166
ENSG00000185829.20,56.1803845668304,60.256801684991,89.5415527327724,59.52056920117
ENSG00000185838.16,15.9898017613287,18.2171726024391,11.5124853513564,18.6001778753656
ENSG00000185842.17,5.61803845668304,5.60528387767358,16.6291455075149,13.6401304419348
ENSG00000185869.17,10.8039201090059,12.6118887247656,17.9083105465545,18.6001778753656
ENSG00000185875.15,11.2360769133661,8.40792581651037,29.4207958979109,13.6401304419348
ENSG00000185883.14,32.4117603270176,46.2435919908071,48.608271483505,42.1604031841621
ENSG00000185900.13,124.461159655747,128.921529186492,89.5415527327724,112.841079110551
ENSG00000185904.13,16.8541153700491,8.40792581651037,23.0249707027129,26.0402490255119
ENSG00000185909.17,7.34666567412398,15.4145306636024,15.3499804684753,12.4001185835771
ENSG00000185917.16,32.4117603270176,30.8290613272047,20.4666406246337,33.4803201756581
ENSG00000185920.19,22.4721538267322,33.6317032660415,49.8874365225446,33.4803201756581
ENSG00000185946.18,165.083899265609,262.04702128124,244.320522456565,244.282336096468
ENSG00000185947.17,47.1050916752655,40.6383081131335,34.5374560540694,38.440367609089
ENSG00000185950.10,12.1003905220866,14.013209694184,24.3041357417525,16.1201541586502
ENSG00000185963.15,53.587443740669,30.8290613272047,25.5833007807921,37.2003557507312
ENSG00000185973.14,25.4972514572538,32.2303822966231,17.9083105465545,17.3601660170079
ENSG00000185989.13,33.7082307400983,32.2303822966231,33.2582910150297,38.440367609089
ENSG00000186001.16,78.6525383935626,81.2766162262669,103.612368162208,89.280853801755
ENSG00000186010.21,56.1803845668304,46.2435919908071,74.1915722642971,83.0807945099664
ENSG00000186017.18,16.4219585656889,12.6118887247656,14.0708154294357,8.68008300850396
ENSG00000186020.15,13.8290177395275,7.00660484709198,17.9083105465545,14.8801423002925
ENSG00000186063.15,79.9490088066433,67.263406532083,57.5624267567823,74.4007115014625
ENSG00000186073.16,17.2862721744094,18.2171726024391,14.0708154294357,16.1201541586502
ENSG00000186088.18,6.05019526104328,5.60528387767358,15.3499804684753,13.6401304419348
ENSG00000186104.13,9.50744969592515,9.80924678592877,14.0708154294357,12.4001185835771
ENSG00000186106.13,7.34666567412398,21.0198145412759,16.6291455075149,14.8801423002925
ENSG00000186111.13,18.1505857831298,23.8224564801127,15.3499804684753,26.0402490255119
ENSG00000186130.7,29.3866626964959,19.6184935718575,17.9083105465545,21.080201592081
ENSG00000186141.12,127.918414090629,128.921529186492,171.408115231307,208.321992204095
ENSG00000186153.20,12.5325473264468,22.4211355106943,35.816621093109,21.080201592081
ENSG00000186166.11,20.311369804931,28.0264193883679,49.8874365225446,37.2003557507312
ENSG00000186174.15,16.8541153700491,25.2237774495311,44.7707763663862,21.080201592081
ENSG00000186184.22,14.693331348248,26.6250984189495,19.1874755855941,11.1601067252194
ENSG00000186185.16,60.934109414793,95.2898259204509,80.5873974594952,60.7605810595277
ENSG00000186230.8,9.93960650028538,4.20396290825519,5.11666015615842,18.6001778753656
ENSG00000186260.19,277.876825203631,325.106464905068,324.90791991606,295.122822289135
ENSG00000186280.8,12.964704130807,9.80924678592877,17.9083105465545,13.6401304419348
ENSG00000186283.16,54.8839141537497,42.0396290825519,34.5374560540694,35.9603438923735
ENSG00000186298.13,385.483869489329,255.040416434148,158.616464840911,217.002075212599
ENSG00000186300.14,7.77882247848421,16.8158516330207,17.9083105465545,9.92009486686167
ENSG00000186314.14,28.9545058921357,22.4211355106943,20.4666406246337,17.3601660170079
ENSG00000186340.19,831.901848393451,1404.12361135723,1894.44342281766,1914.5783093043
ENSG00000186364.14,8.21097928284445,7.00660484709198,15.3499804684753,8.68008300850396
ENSG00000186376.18,15.9898017613287,16.8158516330207,16.6291455075149,11.1601067252194
ENSG00000186395.10,20.311369804931,29.4277403577863,28.1416308588713,32.2403083173004
ENSG00000186432.12,110.19998511186,64.4607645932462,48.608271483505,49.6004743343083
ENSG00000186468.15,273.123100355668,238.224564801127,333.862075189337,260.402490255119
ENSG00000186470.16,14.693331348248,11.2105677553472,14.0708154294357,17.3601660170079
ENSG00000186480.15,1495.26254308641,1324.24831610038,443.870268546743,383.163664232532
ENSG00000186501.17,66.1199910671158,43.4409500519703,53.7249316396634,64.4806166346008
ENSG00000186517.15,14.693331348248,18.2171726024391,38.3749511711882,27.2802608838696
ENSG00000186522.17,265.776434681544,263.448342250658,236.645532222327,233.122229371249
ENSG00000186523.17,5.18588165232281,0,3.83749511711882,17.3601660170079
ENSG00000186532.14,81.245479219724,60.256801684991,80.5873974594952,59.52056920117
ENSG00000186566.15,130.943511721151,183.57304699381,130.47483398204,137.641316277706
ENSG00000186575.22,243.736437659172,294.277403577863,180.362270504584,209.562004062453
ENSG00000186577.16,28.0901922834152,21.0198145412759,101.054038084129,79.3607589348933
ENSG00000186591.15,30.6831331095766,33.6317032660415,31.9791259759901,19.8401897337233
ENSG00000186615.13,21.6078402180117,25.2237774495311,26.8624658198317,26.0402490255119
ENSG00000186625.16,27.2258786746947,30.8290613272047,29.4207958979109,35.9603438923735
ENSG00000186635.18,63.5270502409544,51.8488758684806,43.4916113273466,57.0405454844546
ENSG00000186638.19,47.1050916752655,46.2435919908071,23.0249707027129,26.0402490255119
ENSG00000186660.17,79.5168520022831,65.8620855626646,61.3999218739011,54.5605217677392
ENSG00000186665.12,15.5576449569684,19.6184935718575,16.6291455075149,18.6001778753656
ENSG00000186687.18,37.5976419793404,57.4541597461542,55.004096678703,69.4406640680317
ENSG00000186716.23,11.2360769133661,15.4145306636024,14.0708154294357,6.20005929178854
ENSG00000186767.7,63.5270502409544,60.256801684991,35.816621093109,48.3604624759506
ENSG00000186787.12,14.2611745438877,23.8224564801127,11.5124853513564,17.3601660170079
ENSG00000186792.19,4.75372484796257,4.20396290825519,14.0708154294357,6.20005929178854
ENSG00000186814.17,49.2658756970667,39.2369871437151,61.3999218739011,59.52056920117
ENSG00000186815.15,18.1505857831298,19.6184935718575,16.6291455075149,18.6001778753656
ENSG00000186854.13,29.3866626964959,30.8290613272047,15.3499804684753,21.080201592081
ENSG00000186866.19,22.0399970223719,23.8224564801127,29.4207958979109,33.4803201756581
ENSG00000186871.8,134.400766156033,123.316245308819,56.2832617177426,63.2406047762431
ENSG00000186908.17,74.7631271543205,47.6449129602254,56.2832617177426,65.7206284929585
ENSG00000186918.16,7.77882247848421,4.20396290825519,12.7916503903961,7.44007115014625
ENSG00000186951.19,5.61803845668304,7.00660484709198,10.2333203123168,13.6401304419348
ENSG00000187049.13,9.07529289156492,11.2105677553472,39.6541162102278,19.8401897337233
ENSG00000187051.11,44.9443076534643,54.6515178073174,72.9124072252575,50.840486192666
ENSG00000187079.21,104.149789850816,137.329455003003,76.7499023423763,99.2009486686166
ENSG00000187091.16,26.3615650659743,25.2237774495311,44.7707763663862,48.3604624759506
ENSG00000187097.15,18.5827425874901,28.0264193883679,25.5833007807921,28.5202727422273
ENSG00000187098.20,33.7082307400983,29.4277403577863,30.6999609369505,18.6001778753656
ENSG00000187109.17,367.333283706199,330.711748782741,292.92879394007,332.323178039866
ENSG00000187123.17,23.3364674354526,16.8158516330207,28.1416308588713,8.68008300850396
ENSG00000187147.21,137.858020590915,344.724958476925,386.307841789961,254.20243096333
ENSG00000187164.22,47.1050916752655,35.0330242354599,23.0249707027129,44.6404269008775
ENSG00000187189.11,569.150511342428,923.470518846723,602.486733387654,455.084352017279
ENSG00000187210.16,38.4619555880608,18.2171726024391,30.6999609369505,21.080201592081
ENSG00000187240.19,14.693331348248,12.6118887247656,19.1874755855941,22.3202134504387
ENSG00000187243.19,71.3058727194386,168.158516330207,189.316425777862,186.001778753656
ENSG00000187244.14,33.7082307400983,44.8422710213887,21.7458056636733,38.440367609089
ENSG00000187257.18,19.4470561962105,15.4145306636024,11.5124853513564,22.3202134504387
ENSG00000187266.16,5.18588165232281,4.20396290825519,7.67499023423763,14.8801423002925
ENSG00000187325.7,339.243091422784,340.52099556867,218.737221675773,210.80201592081
ENSG00000187446.14,910.986543591373,1413.93285814316,1446.73565915379,1319.3726172926
ENSG00000187498.19,73.8988135456,74.270011379175,28.1416308588713,18.6001778753656
ENSG00000187514.19,730.344999368796,542.311215164919,598.649238270535,496.004743343083
ENSG00000187522.17,56.1803845668304,58.8554807155726,40.9332812492674,35.9603438923735
ENSG00000187531.16,28.9545058921357,18.2171726024391,24.3041357417525,19.8401897337233
ENSG00000187535.16,19.8792130005708,19.6184935718575,6.39582519519803,14.8801423002925
ENSG00000187550.11,22.4721538267322,16.8158516330207,7.67499023423763,7.44007115014625
ENSG00000187555.19,20.7435266092912,19.6184935718575,16.6291455075149,12.4001185835771
ENSG00000187601.5,16.8541153700491,15.4145306636024,29.4207958979109,23.5602253087965
ENSG00000187607.18,30.2509763052164,28.0264193883679,17.9083105465545,29.760284600585
ENSG00000187608.11,19.0148993918503,19.6184935718575,10.2333203123168,17.3601660170079
ENSG00000187678.12,28.9545058921357,54.6515178073174,173.966445309386,146.32139928621
ENSG00000187713.7,42.7835236316632,23.8224564801127,25.5833007807921,21.080201592081
ENSG00000187720.16,24.6329378485333,39.2369871437151,67.7957470690991,76.8807352181779
ENSG00000187735.18,377.705047010845,295.678724547281,434.916113273466,538.165146527245
ENSG00000187736.16,58.7733253929918,42.0396290825519,66.5165820300595,59.52056920117
ENSG00000187741.18,118.410964394704,140.13209694184,78.0290673814159,100.440960526974
ENSG00000187742.17,50.1301893057872,56.0528387767358,44.7707763663862,55.8005336260969
ENSG00000187778.16,181.938014635659,172.362479238463,226.41221191001,209.562004062453
ENSG00000187790.14,31.1152899139369,21.0198145412759,23.0249707027129,18.6001778753656
ENSG00000187800.16,18.1505857831298,26.6250984189495,24.3041357417525,32.2403083173004
ENSG00000187801.17,8.64313608720468,5.60528387767358,15.3499804684753,19.8401897337233
ENSG00000187815.12,9.93960650028538,4.20396290825519,2.55833007807921,14.8801423002925
ENSG00000187837.5,19.4470561962105,15.4145306636024,33.2582910150297,23.5602253087965
ENSG00000187838.19,395.855632793974,594.1600910334,717.611586901219,649.766213779439
ENSG00000187840.7,93.3458697418106,106.500393675798,431.078618156347,321.163071314646
ENSG00000187866.10,19.8792130005708,22.4211355106943,11.5124853513564,17.3601660170079
ENSG00000187954.16,17.7184289787696,23.8224564801127,46.0499414054258,38.440367609089
ENSG00000187957.10,5.18588165232281,8.40792581651037,66.5165820300595,75.6407233598202
ENSG00000187987.12,7.34666567412398,18.2171726024391,7.67499023423763,17.3601660170079
ENSG00000188010.18,12.964704130807,16.8158516330207,12.7916503903961,12.4001185835771
ENSG00000188021.9,134.400766156033,99.4937888287061,92.0998828108516,93.0008893768281
ENSG00000188042.9,25.4972514572538,30.8290613272047,30.6999609369505,54.5605217677392
ENSG00000188092.17,20.311369804931,18.2171726024391,26.8624658198317,35.9603438923735
ENSG00000188112.10,10.3717633046456,15.4145306636024,16.6291455075149,11.1601067252194
ENSG00000188130.16,17.7184289787696,21.0198145412759,20.4666406246337,11.1601067252194
ENSG00000188153.16,51.4266597188679,51.8488758684806,19.1874755855941,24.8002371671542
ENSG00000188157.17,38.0297987837006,67.263406532083,17.9083105465545,32.2403083173004
ENSG00000188167.10,29.3866626964959,32.2303822966231,19.1874755855941,42.1604031841621
ENSG00000188185.14,8.64313608720468,7.00660484709198,17.9083105465545,7.44007115014625
ENSG00000188186.12,13.3968609351673,23.8224564801127,28.1416308588713,19.8401897337233
ENSG00000188191.18,9.07529289156492,9.80924678592877,21.7458056636733,13.6401304419348
ENSG00000188211.10,6.48235206540351,2.80264193883679,15.3499804684753,24.8002371671542
ENSG00000188223.9,6.91450886976375,7.00660484709198,16.6291455075149,1.24001185835771
ENSG00000188229.8,945.126931135832,870.220322008824,588.415917958219,584.045585286481
ENSG00000188242.4,24.6329378485333,15.4145306636024,10.2333203123168,29.760284600585
ENSG00000188243.16,16.4219585656889,18.2171726024391,16.6291455075149,9.92009486686167
ENSG00000188283.14,13.3968609351673,18.2171726024391,20.4666406246337,16.1201541586502
ENSG00000188295.16,9.07529289156492,12.6118887247656,0,14.8801423002925
ENSG00000188312.16,5.61803845668304,8.40792581651037,20.4666406246337,17.3601660170079
ENSG00000188313.15,41.9192100229427,25.2237774495311,63.9582519519803,68.2006522096739
ENSG00000188321.16,23.3364674354526,40.6383081131335,33.2582910150297,32.2403083173004
ENSG00000188338.17,14.2611745438877,19.6184935718575,46.0499414054258,26.0402490255119
ENSG00000188342.15,41.9192100229427,35.0330242354599,56.2832617177426,50.840486192666
ENSG00000188343.16,23.3364674354526,26.6250984189495,24.3041357417525,29.760284600585
ENSG00000188352.15,101.989005829015,78.4739742874302,98.4957080060496,89.280853801755
ENSG00000188419.16,101.989005829015,110.704356584053,113.845688474525,109.121043535478
ENSG00000188428.22,95.938810567972,85.4805791345221,78.0290673814159,65.7206284929585
ENSG00000188486.4,47.5372484796257,68.6647275015014,53.7249316396634,43.4004150425198
ENSG00000188493.17,34.5725443488187,40.6383081131335,76.7499023423763,43.4004150425198
ENSG00000188522.18,24.6329378485333,18.2171726024391,30.6999609369505,60.7605810595277
ENSG00000188529.17,305.967017487046,283.066835822516,278.857978510634,286.442739280631
ENSG00000188542.11,7.34666567412398,7.00660484709198,11.5124853513564,12.4001185835771
ENSG00000188549.15,18.5827425874901,21.0198145412759,15.3499804684753,28.5202727422273
ENSG00000188554.17,334.921523379181,278.862872914261,269.903823237357,291.402786714061
ENSG00000188559.18,22.0399970223719,22.4211355106943,30.6999609369505,28.5202727422273
ENSG00000188566.17,15.9898017613287,15.4145306636024,17.9083105465545,13.6401304419348
ENSG00000188603.24,46.6729348709053,16.8158516330207,42.212446288307,63.2406047762431
ENSG00000188610.14,24.6329378485333,39.2369871437151,26.8624658198317,13.6401304419348
ENSG00000188612.14,374.679949380323,290.073440669608,254.553842768882,214.522051495884
ENSG00000188636.5,61.7984230235135,53.250196837899,60.1207568348615,84.3208063683242
ENSG00000188641.16,48.8337188927065,46.2435919908071,29.4207958979109,43.4004150425198
ENSG00000188643.13,171.998408135373,201.790219596249,335.141240228377,272.802608838696
ENSG00000188647.15,72.1701863281591,91.0858630121957,89.5415527327724,55.8005336260969
ENSG00000188690.18,58.7733253929918,46.2435919908071,63.9582519519803,59.52056920117
ENSG00000188706.15,97.6674377854129,99.4937888287061,113.845688474525,119.04113840234
ENSG00000188725.10,113.225082742381,106.500393675798,115.124853513565,104.160996102047
ENSG00000188735.14,28.5223490877754,35.0330242354599,44.7707763663862,58.2805573428123
ENSG00000188739.17,121.436062025226,112.105677553472,157.337299801871,105.401007960405
ENSG00000188760.13,6.05019526104328,9.80924678592877,6.39582519519803,13.6401304419348
ENSG00000188785.14,15.9898017613287,12.6118887247656,7.67499023423763,23.5602253087965
ENSG00000188786.12,23.7686242398129,28.0264193883679,23.0249707027129,19.8401897337233
ENSG00000188807.15,53.587443740669,61.6581226544094,63.9582519519803,68.2006522096739
ENSG00000188811.15,11.2360769133661,15.4145306636024,7.67499023423763,14.8801423002925
ENSG00000188846.15,213.485461353956,170.961158269044,381.191181633802,286.442739280631
ENSG00000188878.22,12.5325473264468,14.013209694184,17.9083105465545,14.8801423002925
ENSG00000188895.14,13.3968609351673,22.4211355106943,15.3499804684753,11.1601067252194
ENSG00000188917.17,38.4619555880608,58.8554807155726,39.6541162102278,38.440367609089
ENSG00000188938.18,120.139591612145,92.4871839816141,103.612368162208,109.121043535478
ENSG00000188976.13,171.566251331013,123.316245308819,124.079008786842,172.361648311721
ENSG00000188985.6,98.9639081984936,100.895109798124,93.3790478498912,95.4809130935435
ENSG00000188986.10,44.5121508491041,43.4409500519703,21.7458056636733,24.8002371671542
ENSG00000188994.16,175.887819374615,306.889292302629,225.133046870971,282.722703705557
ENSG00000188997.10,13.8290177395275,25.2237774495311,35.816621093109,7.44007115014625
ENSG00000189007.18,13.8290177395275,14.013209694184,11.5124853513564,13.6401304419348
ENSG00000189042.16,16.4219585656889,22.4211355106943,20.4666406246337,26.0402490255119
ENSG00000189043.12,34.1403875444585,28.0264193883679,40.9332812492674,31.0002964589427
ENSG00000189046.13,15.1254881526082,9.80924678592877,15.3499804684753,24.8002371671542
ENSG00000189050.18,52.7231301319486,50.4475548990622,60.1207568348615,34.7203320340158
ENSG00000189057.13,84.2705768502456,71.4673694403382,25.5833007807921,38.440367609089
ENSG00000189060.6,168.973310504852,144.336059850095,143.266484372436,132.681268844275
ENSG00000189067.17,395.855632793974,372.751377865293,220.016386714812,241.802312379753
ENSG00000189077.13,16.4219585656889,35.0330242354599,25.5833007807921,34.7203320340158
ENSG00000189079.20,32.4117603270176,25.2237774495311,19.1874755855941,21.080201592081
ENSG00000189091.15,587.733253929918,546.515178073174,437.474443351545,414.163960691475
ENSG00000189159.18,242.007810441731,235.42192286229,131.753999021079,112.841079110551
ENSG00000189171.18,32.4117603270176,22.4211355106943,53.7249316396634,54.5605217677392
ENSG00000189180.18,39.3262691967813,42.0396290825519,47.3291064444654,37.2003557507312
ENSG00000189184.13,10.3717633046456,14.013209694184,3.83749511711882,1.24001185835771
ENSG00000189223.16,47.1050916752655,103.697751736961,57.5624267567823,62.0005929178854
ENSG00000189241.9,38.0297987837006,30.8290613272047,12.7916503903961,29.760284600585
ENSG00000189266.15,150.822724721722,138.730775972421,115.124853513565,114.081090968909
ENSG00000189298.16,28.9545058921357,28.0264193883679,52.4457666006238,60.7605810595277
ENSG00000189306.14,210.028206919074,203.191540565667,166.291455075149,187.241790612014
ENSG00000189308.13,45.3764644578246,35.0330242354599,29.4207958979109,34.7203320340158
ENSG00000189319.16,8.64313608720468,19.6184935718575,15.3499804684753,17.3601660170079
ENSG00000189337.17,6.91450886976375,16.8158516330207,1.27916503903961,3.72003557507312
ENSG00000189339.14,54.0196005450293,50.4475548990622,65.2374169910199,84.3208063683242
ENSG00000189362.14,19.0148993918503,25.2237774495311,17.9083105465545,24.8002371671542
ENSG00000189376.14,22.4721538267322,22.4211355106943,23.0249707027129,28.5202727422273
ENSG00000189403.17,596.808546821483,536.705931287245,400.378657219397,343.483284765085
ENSG00000189410.14,21.1756834136515,23.8224564801127,20.4666406246337,23.5602253087965
ENSG00000196072.14,35.8690147618994,36.4343452048783,51.1666015615842,37.2003557507312
ENSG00000196083.13,31.5474467182971,16.8158516330207,34.5374560540694,33.4803201756581
ENSG00000196110.9,32.8439171313778,23.8224564801127,12.7916503903961,6.20005929178854
ENSG00000196116.10,26.3615650659743,23.8224564801127,21.7458056636733,17.3601660170079
ENSG00000196141.16,57.0446981755509,63.0594436238278,85.7040576156536,83.0807945099664
ENSG00000196150.16,16.8541153700491,14.013209694184,30.6999609369505,17.3601660170079
ENSG00000196151.13,17.2862721744094,9.80924678592877,19.1874755855941,26.0402490255119
ENSG00000196152.11,20.311369804931,29.4277403577863,33.2582910150297,19.8401897337233
ENSG00000196159.15,16.4219585656889,15.4145306636024,21.7458056636733,6.20005929178854
ENSG00000196177.15,38.4619555880608,29.4277403577863,31.9791259759901,21.080201592081
ENSG00000196182.13,70.4415591107182,70.0660484709198,71.6332421862179,100.440960526974
ENSG00000196187.14,28.0901922834152,32.2303822966231,29.4207958979109,44.6404269008775
ENSG00000196199.16,46.240778066545,23.8224564801127,24.3041357417525,43.4004150425198
ENSG00000196204.13,19.0148993918503,23.8224564801127,26.8624658198317,33.4803201756581
ENSG00000196214.13,34.5725443488187,35.0330242354599,28.1416308588713,32.2403083173004
ENSG00000196227.13,175.023505765895,288.672119700189,291.64962890103,241.802312379753
ENSG00000196230.16,4949.0597235334,4587.92485387583,3240.12504388732,3390.19242074997
ENSG00000196233.16,49.6980325014269,49.0462339296438,39.6541162102278,40.9203913258044
ENSG00000196235.16,286.952118095195,459.633277969234,555.157626943189,607.605810595277
ENSG00000196236.15,17.2862721744094,15.4145306636024,17.9083105465545,24.8002371671542
ENSG00000196247.15,56.6125413711907,77.0726533180118,79.3082324204556,64.4806166346008
ENSG00000196262.17,920.061836482938,1478.39362273641,1925.14338375461,1318.13260543424
ENSG00000196263.10,12.964704130807,15.4145306636024,5.11666015615842,3.72003557507312
ENSG00000196284.20,16.4219585656889,23.8224564801127,19.1874755855941,27.2802608838696
ENSG00000196290.19,95.5066537636117,71.4673694403382,112.566523435485,79.3607589348933
ENSG00000196299.10,1.72862721744094,0,16.6291455075149,14.8801423002925
ENSG00000196305.21,508.216401927635,241.027206739964,547.482636708951,817.16781465773
ENSG00000196313.14,164.651742461249,242.428527709382,189.316425777862,248.002371671542
ENSG00000196323.16,10.8039201090059,15.4145306636024,10.2333203123168,6.20005929178854
ENSG00000196345.15,12.5325473264468,21.0198145412759,15.3499804684753,24.8002371671542
ENSG00000196352.20,22.4721538267322,22.4211355106943,48.608271483505,53.3205099093814
ENSG00000196363.12,251.515260137656,339.119674599252,281.416308588713,238.08227680468
ENSG00000196365.14,61.7984230235135,50.4475548990622,94.6582128889308,141.361351852779
ENSG00000196367.16,23.7686242398129,15.4145306636024,25.5833007807921,37.2003557507312
ENSG00000196369.14,48.8337188927065,49.0462339296438,46.0499414054258,42.1604031841621
ENSG00000196378.16,9.07529289156492,5.60528387767358,10.2333203123168,12.4001185835771
ENSG00000196387.12,21.1756834136515,16.8158516330207,25.5833007807921,33.4803201756581
ENSG00000196396.12,453.332487773886,575.942918430961,528.295161123357,502.204802634872
ENSG00000196411.12,14.2611745438877,19.6184935718575,12.7916503903961,12.4001185835771
ENSG00000196417.15,23.3364674354526,35.0330242354599,19.1874755855941,18.6001778753656
ENSG00000196419.15,1894.57543031527,1687.19044717975,1467.20229977843,1421.05358967793
ENSG00000196422.13,11.6682337177263,8.40792581651037,15.3499804684753,21.080201592081
ENSG00000196428.15,42.7835236316632,53.250196837899,17.9083105465545,31.0002964589427
ENSG00000196440.13,9.07529289156492,9.80924678592877,11.5124853513564,13.6401304419348
ENSG00000196455.10,168.973310504852,162.553232452534,156.058134762832,121.521162119055
ENSG00000196458.13,15.1254881526082,7.00660484709198,15.3499804684753,33.4803201756581
ENSG00000196459.17,9.50744969592515,8.40792581651037,8.95415527327724,13.6401304419348
ENSG00000196465.13,36.7333283706199,40.6383081131335,46.0499414054258,53.3205099093814
ENSG00000196470.14,39.7584260011415,37.8356661742967,29.4207958979109,35.9603438923735
ENSG00000196476.14,8.21097928284445,21.0198145412759,28.1416308588713,9.92009486686167
ENSG00000196497.19,128.35057089499,100.895109798124,108.729028318366,130.201245127559
ENSG00000196498.17,15.9898017613287,16.8158516330207,7.67499023423763,21.080201592081
ENSG00000196504.23,486.608561709624,431.606858580866,298.045454096228,311.242976447785
ENSG00000196505.13,35.8690147618994,53.250196837899,47.3291064444654,43.4004150425198
ENSG00000196507.13,51.4266597188679,42.0396290825519,29.4207958979109,35.9603438923735
ENSG00000196510.16,202.68154124495,189.178330871483,168.849785153228,200.881921053949
ENSG00000196517.15,15.1254881526082,12.6118887247656,101.054038084129,89.280853801755
ENSG00000196526.13,153.847822352243,183.57304699381,117.683183591644,171.121636453364
ENSG00000196531.16,419.192100229427,320.902501996813,576.903432606862,447.644280867133
ENSG00000196535.22,52.7231301319486,46.2435919908071,14.0708154294357,32.2403083173004
ENSG00000196547.18,25.929408261614,35.0330242354599,31.9791259759901,35.9603438923735
ENSG00000196550.13,9.50744969592515,8.40792581651037,0,14.8801423002925
ENSG00000196576.18,155.144292765324,152.743985666605,102.333203123168,115.321102827267
ENSG00000196584.5,11.6682337177263,9.80924678592877,8.95415527327724,18.6001778753656
ENSG00000196586.19,31.5474467182971,32.2303822966231,30.6999609369505,26.0402490255119
ENSG00000196588.22,347.021913901268,557.725745828521,374.795356438604,254.20243096333
ENSG00000196591.14,280.037609225432,249.435132556474,158.616464840911,187.241790612014
ENSG00000196597.15,9.50744969592515,29.4277403577863,21.7458056636733,19.8401897337233
ENSG00000196611.7,2.16078402180117,2.80264193883679,223.853881831931,198.401897337233
ENSG00000196636.9,6.05019526104328,4.20396290825519,5.11666015615842,13.6401304419348
ENSG00000196639.9,46.240778066545,22.4211355106943,20.4666406246337,18.6001778753656
ENSG00000196652.14,67.8486182845567,58.8554807155726,48.608271483505,57.0405454844546
ENSG00000196655.14,53.587443740669,44.8422710213887,113.845688474525,81.8407826516087
ENSG00000196656.8,98.9639081984936,145.737380819513,153.499804684753,100.440960526974
ENSG00000196663.18,16.4219585656889,21.0198145412759,16.6291455075149,23.5602253087965
ENSG00000196670.15,16.4219585656889,22.4211355106943,37.0957861321486,32.2403083173004
ENSG00000196678.16,45.8086212621848,28.0264193883679,31.9791259759901,29.760284600585
ENSG00000196683.13,12.5325473264468,8.40792581651037,21.7458056636733,21.080201592081
ENSG00000196693.17,24.6329378485333,32.2303822966231,33.2582910150297,47.1204506175929
ENSG00000196696.14,11.6682337177263,56.0528387767358,44.7707763663862,74.4007115014625
ENSG00000196700.11,12.964704130807,19.6184935718575,12.7916503903961,16.1201541586502
ENSG00000196704.16,162.923115243808,144.336059850095,241.762192378485,204.601956629022
ENSG00000196705.10,30.2509763052164,28.0264193883679,17.9083105465545,23.5602253087965
ENSG00000196712.21,41.4870532185825,78.4739742874302,51.1666015615842,43.4004150425198
ENSG00000196715.9,48.4015620883462,53.250196837899,31.9791259759901,32.2403083173004
ENSG00000196730.15,260.158396224861,466.639882816326,239.203862300406,189.721814328729
ENSG00000196739.16,7.34666567412398,9.80924678592877,7.67499023423763,13.6401304419348
ENSG00000196743.11,35.4368579575392,21.0198145412759,24.3041357417525,17.3601660170079
ENSG00000196754.15,6.91450886976375,12.6118887247656,25.5833007807921,7.44007115014625
ENSG00000196756.16,169.405467309212,193.382293779739,304.441279291426,288.922762997346
ENSG00000196757.9,16.4219585656889,25.2237774495311,5.11666015615842,13.6401304419348
ENSG00000196776.19,60.0697958060725,57.4541597461542,74.1915722642971,75.6407233598202
ENSG00000196781.18,28.0901922834152,28.0264193883679,17.9083105465545,19.8401897337233
ENSG00000196787.5,21.6078402180117,8.40792581651037,10.2333203123168,22.3202134504387
ENSG00000196792.14,41.4870532185825,54.6515178073174,21.7458056636733,23.5602253087965
ENSG00000196793.16,12.5325473264468,8.40792581651037,19.1874755855941,14.8801423002925
ENSG00000196812.8,18.5827425874901,8.40792581651037,20.4666406246337,37.2003557507312
ENSG00000196821.12,33.276073935738,36.4343452048783,28.1416308588713,31.0002964589427
ENSG00000196839.16,63.9592070453146,39.2369871437151,29.4207958979109,22.3202134504387
ENSG00000196843.20,28.5223490877754,26.6250984189495,28.1416308588713,24.8002371671542
ENSG00000196865.6,95.938810567972,128.921529186492,150.941474606673,117.801126543982
ENSG00000196867.10,21.6078402180117,15.4145306636024,16.6291455075149,22.3202134504387
ENSG00000196873.18,21.6078402180117,22.4211355106943,38.3749511711882,27.2802608838696
ENSG00000196876.19,38.8941123924211,49.0462339296438,38.3749511711882,50.840486192666
ENSG00000196911.14,6.91450886976375,14.013209694184,10.2333203123168,7.44007115014625
ENSG00000196912.14,6.91450886976375,5.60528387767358,5.11666015615842,12.4001185835771
ENSG00000196914.11,56.1803845668304,56.0528387767358,38.3749511711882,50.840486192666
ENSG00000196923.16,276.58035479055,252.237774495311,135.591494138198,151.28144671964
ENSG00000196924.21,1234.23983325283,1171.50433043378,461.778579093298,613.805869887066
ENSG00000196935.12,54.0196005450293,88.2832210733589,222.574716792891,198.401897337233
ENSG00000196937.14,114.953709959822,124.717566278237,88.2623876937328,116.561114685625
ENSG00000196943.15,25.929408261614,22.4211355106943,16.6291455075149,11.1601067252194
ENSG00000196950.16,267.505061898985,284.468156791934,74.1915722642971,66.9606403513162
ENSG00000196961.15,63.9592070453146,40.6383081131335,29.4207958979109,32.2403083173004
ENSG00000196967.13,12.1003905220866,21.0198145412759,19.1874755855941,11.1601067252194
ENSG00000196968.12,38.4619555880608,35.0330242354599,24.3041357417525,23.5602253087965
ENSG00000196975.18,21.6078402180117,18.2171726024391,34.5374560540694,49.6004743343083
ENSG00000196981.5,17.2862721744094,15.4145306636024,19.1874755855941,33.4803201756581
ENSG00000196998.21,44.5121508491041,43.4409500519703,129.195668943,119.04113840234
ENSG00000197006.17,95.5066537636117,68.6647275015014,58.8415917958219,62.0005929178854
ENSG00000197008.11,13.3968609351673,19.6184935718575,11.5124853513564,21.080201592081
ENSG00000197019.7,8.64313608720468,9.80924678592877,10.2333203123168,12.4001185835771
ENSG00000197020.14,17.2862721744094,18.2171726024391,16.6291455075149,3.72003557507312
ENSG00000197021.11,35.8690147618994,29.4277403577863,51.1666015615842,54.5605217677392
ENSG00000197024.11,12.964704130807,11.2105677553472,16.6291455075149,11.1601067252194
ENSG00000197037.13,39.3262691967813,33.6317032660415,47.3291064444654,60.7605810595277
ENSG00000197043.17,241.575653637371,193.382293779739,141.987319333396,163.681565303217
ENSG00000197045.16,327.142700900697,283.066835822516,205.945571285377,217.002075212599
ENSG00000197046.13,1.72862721744094,1.4013209694184,20.4666406246337,35.9603438923735
ENSG00000197050.13,24.6329378485333,16.8158516330207,15.3499804684753,19.8401897337233
ENSG00000197056.14,57.9090117842714,49.0462339296438,37.0957861321486,42.1604031841621
ENSG00000197061.5,26.3615650659743,42.0396290825519,25.5833007807921,24.8002371671542
ENSG00000197062.14,28.9545058921357,23.8224564801127,55.004096678703,54.5605217677392
ENSG00000197063.13,21.1756834136515,9.80924678592877,14.0708154294357,29.760284600585
ENSG00000197070.16,22.4721538267322,42.0396290825519,26.8624658198317,40.9203913258044
ENSG00000197077.16,9.50744969592515,7.00660484709198,15.3499804684753,3.72003557507312
ENSG00000197081.17,22.9043106310924,7.00660484709198,52.4457666006238,28.5202727422273
ENSG00000197102.16,222.992911049881,337.718353629833,509.107685537763,616.285893603781
ENSG00000197111.18,102.853319437736,95.2898259204509,181.641435543624,128.961233269202
ENSG00000197114.14,92.0493993287299,110.704356584053,98.4957080060496,88.0408419433973
ENSG00000197121.17,50.1301893057872,44.8422710213887,26.8624658198317,43.4004150425198
ENSG00000197122.15,20.7435266092912,30.8290613272047,0,13.6401304419348
ENSG00000197128.14,15.1254881526082,22.4211355106943,7.67499023423763,12.4001185835771
ENSG00000197136.7,87.2956744807673,134.526813064166,162.45395995803,128.961233269202
ENSG00000197150.15,62.6627366322339,67.263406532083,86.9832226546932,59.52056920117
ENSG00000197157.13,634.838345605184,592.758770063981,697.144946276585,741.527091297909
ENSG00000197170.12,264.047807464103,214.402108321015,217.458056636733,178.56170760351
ENSG00000197182.17,6.05019526104328,14.013209694184,11.5124853513564,1.24001185835771
ENSG00000197183.16,9.50744969592515,9.80924678592877,14.0708154294357,0
ENSG00000197217.15,79.9490088066433,86.8819001039405,71.6332421862179,101.680972385332
ENSG00000197223.14,53.1552869363088,43.4409500519703,37.0957861321486,37.2003557507312
ENSG00000197226.15,181.938014635659,180.770405054973,143.266484372436,136.401304419348
ENSG00000197256.13,105.878417068257,113.50699852289,67.7957470690991,53.3205099093814
ENSG00000197265.11,69.1450886976374,60.256801684991,48.608271483505,40.9203913258044
ENSG00000197275.16,93.7780265461708,105.09907270638,55.004096678703,42.1604031841621
ENSG00000197296.7,66.1199910671158,42.0396290825519,44.7707763663862,83.0807945099664
ENSG00000197299.15,86.4313608720468,67.263406532083,44.7707763663862,76.8807352181779
ENSG00000197302.13,9.07529289156492,11.2105677553472,5.11666015615842,14.8801423002925
ENSG00000197312.14,24.2007810441731,29.4277403577863,21.7458056636733,12.4001185835771
ENSG00000197321.18,16.4219585656889,25.2237774495311,11.5124853513564,4.96004743343083
ENSG00000197323.14,12.5325473264468,11.2105677553472,11.5124853513564,16.1201541586502
ENSG00000197324.11,298.188195008562,322.303822966231,281.416308588713,287.682751138988
ENSG00000197329.14,29.3866626964959,29.4277403577863,21.7458056636733,16.1201541586502
ENSG00000197343.13,164.651742461249,133.125492094748,134.312329099159,148.801423002925
ENSG00000197345.15,47.5372484796257,23.8224564801127,49.8874365225446,48.3604624759506
ENSG00000197355.13,7.34666567412398,15.4145306636024,8.95415527327724,14.8801423002925
ENSG00000197361.9,6.91450886976375,2.80264193883679,0,12.4001185835771
ENSG00000197372.12,17.2862721744094,21.0198145412759,17.9083105465545,8.68008300850396
ENSG00000197375.16,15.9898017613287,9.80924678592877,12.7916503903961,26.0402490255119
ENSG00000197381.20,4.32156804360234,12.6118887247656,6.39582519519803,12.4001185835771
ENSG00000197386.15,38.0297987837006,30.8290613272047,49.8874365225446,48.3604624759506
ENSG00000197417.10,105.014103459537,99.4937888287061,85.7040576156536,83.0807945099664
ENSG00000197429.13,27.658035479055,28.0264193883679,19.1874755855941,8.68008300850396
ENSG00000197442.13,7.34666567412398,9.80924678592877,14.0708154294357,18.6001778753656
ENSG00000197444.12,9.50744969592515,7.00660484709198,11.5124853513564,12.4001185835771
ENSG00000197448.16,45.3764644578246,50.4475548990622,48.608271483505,59.52056920117
ENSG00000197451.14,252.379573746377,396.573834345406,392.703666985159,303.802905297639
ENSG00000197457.12,20.7435266092912,12.6118887247656,14.0708154294357,11.1601067252194
ENSG00000197496.8,10.8039201090059,8.40792581651037,19.1874755855941,17.3601660170079
ENSG00000197498.15,80.8133224153638,63.0594436238278,103.612368162208,71.9206877847471
ENSG00000197535.17,37.5976419793404,47.6449129602254,44.7707763663862,31.0002964589427
ENSG00000197548.15,61.7984230235135,78.4739742874302,101.054038084129,90.5208656601127
ENSG00000197555.12,45.3764644578246,26.6250984189495,37.0957861321486,39.6803794674467
ENSG00000197557.7,18.1505857831298,16.8158516330207,17.9083105465545,9.92009486686167
ENSG00000197562.12,20.311369804931,16.8158516330207,16.6291455075149,23.5602253087965
ENSG00000197563.13,77.3560679804819,85.4805791345221,62.6790869129407,47.1204506175929
ENSG00000197568.16,9.50744969592515,7.00660484709198,10.2333203123168,12.4001185835771
ENSG00000197579.10,170.269780917932,152.743985666605,89.5415527327724,99.2009486686166
ENSG00000197586.15,57.4768549799111,51.8488758684806,67.7957470690991,70.6806759263894
ENSG00000197601.17,221.6964406368,232.619280923454,136.870659177238,183.521755036941
ENSG00000197603.18,21.1756834136515,19.6184935718575,17.9083105465545,21.080201592081
ENSG00000197619.17,14.693331348248,19.6184935718575,5.11666015615842,4.96004743343083
ENSG00000197620.13,12.964704130807,7.00660484709198,20.4666406246337,17.3601660170079
ENSG00000197622.15,14.2611745438877,35.0330242354599,26.8624658198317,29.760284600585
ENSG00000197632.11,0,0,19.1874755855941,14.8801423002925
ENSG00000197646.10,29.8188195008562,32.2303822966231,40.9332812492674,38.440367609089
ENSG00000197694.21,225.585851876042,200.388898626831,180.362270504584,186.001778753656
ENSG00000197702.16,282.630550051593,235.42192286229,211.062231441535,203.361944770664
ENSG00000197712.14,203.11369804931,183.57304699381,182.920600582664,207.081980345737
ENSG00000197713.17,207.003109288552,155.546627605442,118.962348630683,141.361351852779
ENSG00000197714.11,38.8941123924211,58.8554807155726,61.3999218739011,64.4806166346008
ENSG00000197728.13,52.7231301319486,77.0726533180118,113.845688474525,73.1606996431048
ENSG00000197746.17,1123.17553453225,1198.12942885273,1611.7479491899,1743.45667285094
ENSG00000197747.11,105.014103459537,116.309640461727,66.5165820300595,69.4406640680317
ENSG00000197756.12,105.446260263897,105.09907270638,159.895629879951,128.961233269202
ENSG00000197763.21,16.8541153700491,9.80924678592877,3.83749511711882,21.080201592081
ENSG00000197771.15,38.8941123924211,39.2369871437151,55.004096678703,26.0402490255119
ENSG00000197779.17,12.5325473264468,14.013209694184,15.3499804684753,16.1201541586502
ENSG00000197780.12,22.9043106310924,22.4211355106943,30.6999609369505,26.0402490255119
ENSG00000197782.17,8.64313608720468,18.2171726024391,12.7916503903961,9.92009486686167
ENSG00000197785.16,93.7780265461708,58.8554807155726,56.2832617177426,79.3607589348933
ENSG00000197798.11,68.280775088917,72.8686904097566,79.3082324204556,78.1207470765356
ENSG00000197818.14,34.1403875444585,29.4277403577863,49.8874365225446,64.4806166346008
ENSG00000197822.14,49.6980325014269,42.0396290825519,72.9124072252575,73.1606996431048
ENSG00000197841.17,19.8792130005708,8.40792581651037,28.1416308588713,18.6001778753656
ENSG00000197852.13,25.4972514572538,23.8224564801127,16.6291455075149,11.1601067252194
ENSG00000197857.18,8.21097928284445,8.40792581651037,11.5124853513564,17.3601660170079
ENSG00000197858.14,154.279979156604,127.520208217074,161.17479491899,157.481506011429
ENSG00000197860.12,26.3615650659743,11.2105677553472,38.3749511711882,39.6803794674467
ENSG00000197872.13,54.4517573493895,49.0462339296438,75.4707373033367,110.361055393836
ENSG00000197879.19,431.292490751514,360.139489140528,245.599687495604,331.083166181508
ENSG00000197885.13,65.6878342627556,81.2766162262669,60.1207568348615,47.1204506175929
ENSG00000197892.14,5.18588165232281,14.013209694184,8.95415527327724,7.44007115014625
ENSG00000197894.14,237.686242398129,198.987577657412,158.616464840911,182.281743178583
ENSG00000197903.11,60.5019526104328,64.4607645932462,98.4957080060496,89.280853801755
ENSG00000197905.11,73.0344999368796,54.6515178073174,47.3291064444654,48.3604624759506
ENSG00000197912.18,75.1952839586807,71.4673694403382,79.3082324204556,38.440367609089
ENSG00000197915.7,16.8541153700491,12.6118887247656,42.212446288307,48.3604624759506
ENSG00000197930.15,34.5725443488187,29.4277403577863,11.5124853513564,29.760284600585
ENSG00000197937.15,13.8290177395275,15.4145306636024,10.2333203123168,8.68008300850396
ENSG00000197943.15,5.18588165232281,5.60528387767358,12.7916503903961,8.68008300850396
ENSG00000197948.13,45.3764644578246,53.250196837899,63.9582519519803,57.0405454844546
ENSG00000197956.12,67.4164614801965,75.6713323485934,102.333203123168,71.9206877847471
ENSG00000197958.15,174.159192157174,166.757195360789,354.328715813971,291.402786714061
ENSG00000197961.13,16.4219585656889,22.4211355106943,17.9083105465545,17.3601660170079
ENSG00000197965.14,252.379573746377,250.836453525893,159.895629879951,164.921577161575
ENSG00000197969.15,19.4470561962105,25.2237774495311,8.95415527327724,14.8801423002925
ENSG00000197976.14,15.5576449569684,8.40792581651037,14.0708154294357,9.92009486686167
ENSG00000197977.6,160.330174417647,151.342664697187,69.0749121081387,52.0804980510237
ENSG00000197982.15,9.50744969592515,7.00660484709198,5.11666015615842,12.4001185835771
ENSG00000198000.14,108.903514698779,58.8554807155726,99.7748730450892,116.561114685625
ENSG00000198001.18,31.1152899139369,22.4211355106943,30.6999609369505,29.760284600585
ENSG00000198015.16,211.324677332154,189.178330871483,158.616464840911,158.721517869787
ENSG00000198018.9,105.014103459537,105.09907270638,89.5415527327724,106.641019818763
ENSG00000198026.10,41.9192100229427,40.6383081131335,47.3291064444654,39.6803794674467
ENSG00000198034.13,302.941919856524,235.42192286229,434.916113273466,347.203320340158
ENSG00000198039.14,18.1505857831298,11.2105677553472,7.67499023423763,12.4001185835771
ENSG00000198040.13,68.280775088917,54.6515178073174,53.7249316396634,69.4406640680317
ENSG00000198042.13,157.737233591485,102.296430767543,144.545649411475,110.361055393836
ENSG00000198046.15,25.4972514572538,25.2237774495311,21.7458056636733,35.9603438923735
ENSG00000198053.14,28.0901922834152,19.6184935718575,12.7916503903961,14.8801423002925
ENSG00000198055.13,19.8792130005708,12.6118887247656,16.6291455075149,19.8401897337233
ENSG00000198056.18,61.3662662191532,65.8620855626646,62.6790869129407,91.7608775184704
ENSG00000198060.12,123.596846047027,88.2832210733589,67.7957470690991,74.4007115014625
ENSG00000198064.17,7.34666567412398,5.60528387767358,15.3499804684753,11.1601067252194
ENSG00000198081.13,11.2360769133661,5.60528387767358,10.2333203123168,12.4001185835771
ENSG00000198087.9,136.993706982194,116.309640461727,57.5624267567823,75.6407233598202
ENSG00000198089.18,31.5474467182971,30.8290613272047,30.6999609369505,35.9603438923735
ENSG00000198105.18,60.5019526104328,67.263406532083,95.9373779279704,69.4406640680317
ENSG00000198121.17,207.867422897273,228.415318015198,324.90791991606,275.282632555411
ENSG00000198130.18,81.6776360240842,71.4673694403382,57.5624267567823,54.5605217677392
ENSG00000198131.17,68.7129318932772,78.4739742874302,86.9832226546932,64.4806166346008
ENSG00000198142.5,10.3717633046456,11.2105677553472,10.2333203123168,12.4001185835771
ENSG00000198146.6,81.6776360240842,155.546627605442,255.833007807921,184.761766895299
ENSG00000198160.16,115.385866764182,119.112282400564,121.520678708763,101.680972385332
ENSG00000198162.13,14.693331348248,19.6184935718575,15.3499804684753,13.6401304419348
ENSG00000198168.10,19.4470561962105,18.2171726024391,19.1874755855941,18.6001778753656
ENSG00000198169.11,16.4219585656889,15.4145306636024,23.0249707027129,17.3601660170079
ENSG00000198171.15,45.8086212621848,33.6317032660415,74.1915722642971,71.9206877847471
ENSG00000198176.15,37.1654851749801,43.4409500519703,28.1416308588713,21.080201592081
ENSG00000198182.15,8.21097928284445,14.013209694184,15.3499804684753,6.20005929178854
ENSG00000198185.14,18.5827425874901,23.8224564801127,31.9791259759901,42.1604031841621
ENSG00000198189.13,22.4721538267322,8.40792581651037,17.9083105465545,21.080201592081
ENSG00000198198.18,30.2509763052164,56.0528387767358,84.424892576614,64.4806166346008
ENSG00000198218.14,148.661940699921,98.0924678592877,129.195668943,127.721221410844
ENSG00000198231.16,100.260378611574,84.0792581651037,66.5165820300595,76.8807352181779
ENSG00000198242.16,287.816431703916,281.665514853097,450.266093741941,348.443332198516
ENSG00000198252.14,60.0697958060725,65.8620855626646,42.212446288307,48.3604624759506
ENSG00000198258.13,39.7584260011415,33.6317032660415,34.5374560540694,23.5602253087965
ENSG00000198265.14,82.5419496328047,91.0858630121957,84.424892576614,64.4806166346008
ENSG00000198270.16,9.50744969592515,16.8158516330207,16.6291455075149,22.3202134504387
ENSG00000198276.18,64.8235206540351,56.0528387767358,92.0998828108516,68.2006522096739
ENSG00000198298.15,6.91450886976375,7.00660484709198,10.2333203123168,13.6401304419348
ENSG00000198301.14,162.923115243808,183.57304699381,147.103979489555,167.401600878291
ENSG00000198315.13,197.063502788267,287.270798730771,486.08271483505,367.043510073882
ENSG00000198331.13,14.2611745438877,15.4145306636024,10.2333203123168,7.44007115014625
ENSG00000198346.13,14.2611745438877,8.40792581651037,7.67499023423763,13.6401304419348
ENSG00000198355.7,9.93960650028538,14.013209694184,8.95415527327724,14.8801423002925
ENSG00000198356.14,95.938810567972,99.4937888287061,115.124853513565,107.881031677121
ENSG00000198363.20,894.564585025685,877.226926855916,836.573935531902,856.848194125176
ENSG00000198369.12,214.349774962676,336.317032660415,402.936987297476,411.683936974759
ENSG00000198373.15,63.5270502409544,57.4541597461542,80.5873974594952,78.1207470765356
ENSG00000198380.15,308.127801508847,253.63909546473,459.220249015218,524.525016085311
ENSG00000198382.11,54.0196005450293,53.250196837899,81.8665624985348,73.1606996431048
ENSG00000198393.10,52.7231301319486,43.4409500519703,57.5624267567823,60.7605810595277
ENSG00000198399.18,38.0297987837006,37.8356661742967,29.4207958979109,32.2403083173004
ENSG00000198408.16,68.280775088917,56.0528387767358,61.3999218739011,42.1604031841621
ENSG00000198420.12,143.043902243237,128.921529186492,28.1416308588713,63.2406047762431
ENSG00000198429.12,14.693331348248,9.80924678592877,20.4666406246337,3.72003557507312
ENSG00000198431.19,494.387384188108,378.356661742967,1119.26940915965,1315.65258171753
ENSG00000198440.11,10.8039201090059,14.013209694184,1.27916503903961,11.1601067252194
ENSG00000198453.17,8.64313608720468,12.6118887247656,23.0249707027129,16.1201541586502
ENSG00000198455.5,27.2258786746947,25.2237774495311,55.004096678703,50.840486192666
ENSG00000198464.16,26.7937218703345,40.6383081131335,53.7249316396634,44.6404269008775
ENSG00000198466.14,18.5827425874901,8.40792581651037,19.1874755855941,18.6001778753656
ENSG00000198467.18,627.49167993106,563.331029706195,368.399531243406,348.443332198516
ENSG00000198492.18,300.348979030363,284.468156791934,245.599687495604,226.922170079461
ENSG00000198498.12,41.0548964142222,58.8554807155726,29.4207958979109,33.4803201756581
ENSG00000198513.17,14.693331348248,21.0198145412759,6.39582519519803,0
ENSG00000198522.16,185.827425874901,159.750590513697,156.058134762832,142.601363711136
ENSG00000198538.13,32.8439171313778,30.8290613272047,11.5124853513564,23.5602253087965
ENSG00000198546.17,35.4368579575392,50.4475548990622,40.9332812492674,54.5605217677392
ENSG00000198551.11,27.2258786746947,12.6118887247656,17.9083105465545,11.1601067252194
ENSG00000198554.14,180.209387418218,197.586256687994,163.73312499707,183.521755036941
ENSG00000198556.16,11.6682337177263,12.6118887247656,20.4666406246337,18.6001778753656
ENSG00000198561.18,311.152899139369,449.824031183305,225.133046870971,212.042027779168
ENSG00000198563.16,133.968609351673,133.125492094748,120.241513669723,193.441849903802
ENSG00000198585.13,36.7333283706199,33.6317032660415,51.1666015615842,44.6404269008775
ENSG00000198586.16,39.7584260011415,32.2303822966231,33.2582910150297,39.6803794674467
ENSG00000198589.17,55.7482277624702,58.8554807155726,55.004096678703,60.7605810595277
ENSG00000198604.13,62.6627366322339,71.4673694403382,48.608271483505,43.4004150425198
ENSG00000198612.13,238.118399202489,257.843058372985,231.528872066169,200.881921053949
ENSG00000198625.17,116.250180372903,177.967763116136,255.833007807921,239.322288663038
ENSG00000198642.9,143.908215851958,102.296430767543,81.8665624985348,91.7608775184704
ENSG00000198646.16,43.2156804360234,82.6779371956853,61.3999218739011,52.0804980510237
ENSG00000198663.19,118.410964394704,105.09907270638,130.47483398204,100.440960526974
ENSG00000198668.16,489.201502535785,447.021389244468,365.841201165327,362.083462640451
ENSG00000198677.15,308.127801508847,285.869477761353,200.828911129218,274.042620697054
ENSG00000198682.15,181.505857831298,183.57304699381,208.503901363456,203.361944770664
ENSG00000198689.15,89.0243016982082,75.6713323485934,34.5374560540694,44.6404269008775
ENSG00000198690.12,52.2909733275883,35.0330242354599,47.3291064444654,88.0408419433973
ENSG00000198695.2,3320.26072789968,5353.04610317827,5646.23448232082,4440.48246477895
ENSG00000198700.12,424.37798188175,489.06101832702,306.999609369505,308.762952731069
ENSG00000198712.1,4163.39865320649,7041.63787132744,8347.83104477247,5687.93439428681
ENSG00000198715.15,29.8188195008562,30.8290613272047,71.6332421862179,43.4004150425198
ENSG00000198718.15,23.3364674354526,28.0264193883679,15.3499804684753,22.3202134504387
ENSG00000198721.15,197.927816396987,176.566442146718,243.041357417525,213.282039637526
ENSG00000198722.17,47.5372484796257,28.0264193883679,44.7707763663862,60.7605810595277
ENSG00000198727.2,953.770067223037,1062.20129481914,1266.37338864921,1050.29004402898
ENSG00000198728.12,48.4015620883462,96.6911468898693,75.4707373033367,70.6806759263894
ENSG00000198730.11,243.736437659172,196.184935718575,165.012290036109,178.56170760351
ENSG00000198736.14,47.5372484796257,43.4409500519703,28.1416308588713,42.1604031841621
ENSG00000198740.11,14.693331348248,23.8224564801127,28.1416308588713,29.760284600585
ENSG00000198742.12,22.4721538267322,18.2171726024391,20.4666406246337,3.72003557507312
ENSG00000198743.8,85.1348904589661,91.0858630121957,65.2374169910199,60.7605810595277
ENSG00000198746.15,23.3364674354526,21.0198145412759,30.6999609369505,22.3202134504387
ENSG00000198752.13,23.3364674354526,35.0330242354599,48.608271483505,39.6803794674467
ENSG00000198753.14,7.77882247848421,5.60528387767358,12.7916503903961,21.080201592081
ENSG00000198755.13,181.505857831298,166.757195360789,391.424501946119,329.84315432315
ENSG00000198763.3,34642.1215943207,56246.2210705156,79294.1616050261,60776.7012136863
ENSG00000198780.15,30.6831331095766,22.4211355106943,5.11666015615842,12.4001185835771
ENSG00000198783.6,21.6078402180117,25.2237774495311,42.212446288307,35.9603438923735
ENSG00000198786.2,15653.5837675364,25478.8178659653,28411.5346821087,23222.9420833232
ENSG00000198791.14,436.910529208197,440.014784397376,493.757705069288,432.76413856684
ENSG00000198792.15,178.912917005137,152.743985666605,154.778969723792,173.601660170079
ENSG00000198793.16,110.19998511186,134.526813064166,154.778969723792,89.280853801755
ENSG00000198796.9,48.8337188927065,74.270011379175,30.6999609369505,28.5202727422273
ENSG00000198799.14,22.0399970223719,22.4211355106943,21.7458056636733,18.6001778753656
ENSG00000198804.2,4092.95709409578,4628.56316198896,4390.09441398393,4126.75946461445
ENSG00000198805.14,77.7882247848421,71.4673694403382,93.3790478498912,121.521162119055
ENSG00000198814.16,31.5474467182971,33.6317032660415,46.0499414054258,55.8005336260969
ENSG00000198815.11,84.2705768502456,65.8620855626646,48.608271483505,68.2006522096739
ENSG00000198818.12,25.0650946528936,23.8224564801127,28.1416308588713,35.9603438923735
ENSG00000198824.10,14.2611745438877,11.2105677553472,29.4207958979109,8.68008300850396
ENSG00000198825.17,32.8439171313778,33.6317032660415,17.9083105465545,18.6001778753656
ENSG00000198826.13,137.858020590915,137.329455003003,44.7707763663862,66.9606403513162
ENSG00000198830.15,11006.6016502508,18416.1601800966,19431.7961080507,14283.6965964224
ENSG00000198832.12,22.9043106310924,18.2171726024391,55.004096678703,38.440367609089
ENSG00000198833.9,70.4415591107182,74.270011379175,67.7957470690991,83.0807945099664
ENSG00000198836.13,225.585851876042,207.395503473923,143.266484372436,153.761470436356
ENSG00000198837.12,31.9796035226573,32.2303822966231,61.3999218739011,45.8804387592352
ENSG00000198839.12,27.2258786746947,21.0198145412759,33.2582910150297,29.760284600585
ENSG00000198840.2,18.1505857831298,22.4211355106943,38.3749511711882,19.8401897337233
ENSG00000198841.4,31.1152899139369,36.4343452048783,38.3749511711882,39.6803794674467
ENSG00000198843.15,274.419570768749,243.829848678801,249.437182612723,221.96212264603
ENSG00000198853.14,169.837624113572,232.619280923454,354.328715813971,375.723593082386
ENSG00000198855.9,38.0297987837006,39.2369871437151,66.5165820300595,80.600770793251
ENSG00000198856.15,86.4313608720468,84.0792581651037,113.845688474525,124.001185835771
ENSG00000198858.12,40.1905828055018,44.8422710213887,46.0499414054258,57.0405454844546
ENSG00000198860.16,110.19998511186,92.4871839816141,124.079008786842,116.561114685625
ENSG00000198862.16,10.3717633046456,70.0660484709198,71.6332421862179,19.8401897337233
ENSG00000198863.10,28.9545058921357,50.4475548990622,16.6291455075149,22.3202134504387
ENSG00000198874.16,160.762331222007,284.468156791934,318.512094720862,292.642798572419
ENSG00000198876.15,117.546650785984,103.697751736961,83.1457275375744,102.92098424369
ENSG00000198885.12,15.9898017613287,18.2171726024391,15.3499804684753,34.7203320340158
ENSG00000198886.2,23049.5153173574,40977.4277877327,45691.7751944947,36566.7096911105
ENSG00000198887.11,63.9592070453146,71.4673694403382,49.8874365225446,43.4004150425198
ENSG00000198888.2,2664.6788556852,4416.96369560678,5382.72648427866,4436.76242920388
ENSG00000198889.6,271.826629942587,319.501181027394,147.103979489555,120.281150260698
ENSG00000198890.9,64.8235206540351,36.4343452048783,33.2582910150297,38.440367609089
ENSG00000198892.9,36.3011715662597,53.250196837899,23.0249707027129,44.6404269008775
ENSG00000198894.10,38.8941123924211,36.4343452048783,47.3291064444654,45.8804387592352
ENSG00000198898.18,460.67915344801,381.159303681804,237.924697261367,274.042620697054
ENSG00000198899.2,1018.16143107271,1342.46548870282,1797.22687985065,1589.69520241458
ENSG00000198900.8,304.238390269605,221.408713168106,280.137143549674,333.563189898223
ENSG00000198901.16,837.087730045773,786.14106384372,413.170307609793,398.043806532824
ENSG00000198908.14,13.3968609351673,5.60528387767358,24.3041357417525,0
ENSG00000198910.16,195.767032375186,186.375688932647,53.7249316396634,69.4406640680317
ENSG00000198911.15,124.029002851387,131.724171125329,57.5624267567823,79.3607589348933
ENSG00000198912.13,13.3968609351673,18.2171726024391,11.5124853513564,18.6001778753656
ENSG00000198917.15,60.934109414793,56.0528387767358,44.7707763663862,52.0804980510237
ENSG00000198918.10,98.5317513941334,51.8488758684806,86.9832226546932,83.0807945099664
ENSG00000198919.15,77.7882247848421,95.2898259204509,42.212446288307,59.52056920117
ENSG00000198920.12,33.7082307400983,37.8356661742967,23.0249707027129,42.1604031841621
ENSG00000198924.10,29.3866626964959,37.8356661742967,30.6999609369505,44.6404269008775
ENSG00000198925.14,167.676840091771,128.921529186492,125.358173825881,153.761470436356
ENSG00000198931.13,43.6478372403836,51.8488758684806,102.333203123168,90.5208656601127
ENSG00000198937.11,12.964704130807,15.4145306636024,14.0708154294357,11.1601067252194
ENSG00000198938.2,666.385792323481,693.653879862106,793.082324204555,693.166628821959
ENSG00000198947.19,65.6878342627556,95.2898259204509,57.5624267567823,39.6803794674467
ENSG00000198951.14,100.692535415935,128.921529186492,80.5873974594952,88.0408419433973
ENSG00000198952.10,151.254881526082,103.697751736961,81.8665624985348,75.6407233598202
ENSG00000198954.11,235.093301571967,234.020601892872,186.758095699782,223.202134504387
ENSG00000198959.14,29.8188195008562,43.4409500519703,81.8665624985348,68.2006522096739
ENSG00000198960.13,43.2156804360234,50.4475548990622,70.3540771471783,62.0005929178854
ENSG00000198961.13,383.755242271888,350.330242354599,321.070424798941,407.963901399686
ENSG00000198964.16,54.8839141537497,85.4805791345221,97.21654296701,89.280853801755
ENSG00000202198.1,309.856428726288,170.961158269044,291.64962890103,218.242087070957
ENSG00000203396.3,156.440763178405,140.13209694184,94.6582128889308,101.680972385332
ENSG00000203485.16,35.8690147618994,40.6383081131335,33.2582910150297,50.840486192666
ENSG00000203666.15,20.311369804931,42.0396290825519,46.0499414054258,48.3604624759506
ENSG00000203667.12,79.5168520022831,81.2766162262669,79.3082324204556,47.1204506175929
ENSG00000203668.4,34.1403875444585,35.0330242354599,17.9083105465545,16.1201541586502
ENSG00000203705.13,21.6078402180117,16.8158516330207,38.3749511711882,11.1601067252194
ENSG00000203760.11,20.7435266092912,26.6250984189495,25.5833007807921,22.3202134504387
ENSG00000203761.5,0,0,20.4666406246337,24.8002371671542
ENSG00000203791.17,19.4470561962105,21.0198145412759,25.5833007807921,9.92009486686167
ENSG00000203875.14,30.6831331095766,25.2237774495311,84.424892576614,66.9606403513162
ENSG00000203879.14,203.54585485367,295.678724547281,309.557939447585,233.122229371249
ENSG00000203880.15,66.1199910671158,70.0660484709198,85.7040576156536,78.1207470765356
ENSG00000203930.15,38.0297987837006,56.0528387767358,61.3999218739011,84.3208063683242
ENSG00000203950.7,256.701141789979,340.52099556867,455.3827538981,336.043213614939
ENSG00000203965.15,7.77882247848421,14.013209694184,12.7916503903961,11.1601067252194
ENSG00000203993.8,14.2611745438877,8.40792581651037,15.3499804684753,14.8801423002925
ENSG00000203995.12,18.5827425874901,35.0330242354599,35.816621093109,26.0402490255119
ENSG00000204054.15,16.8541153700491,8.40792581651037,19.1874755855941,23.5602253087965
ENSG00000204070.12,141.315275025797,100.895109798124,138.149824216277,140.121339994421
ENSG00000204084.16,49.2658756970667,32.2303822966231,44.7707763663862,29.760284600585
ENSG00000204116.13,57.4768549799111,78.4739742874302,99.7748730450892,107.881031677121
ENSG00000204120.18,121.868218829586,165.355874391371,173.966445309386,197.161885478876
ENSG00000204130.16,39.7584260011415,44.8422710213887,42.212446288307,39.6803794674467
ENSG00000204131.12,9.07529289156492,18.2171726024391,3.83749511711882,9.92009486686167
ENSG00000204138.15,401.905828055018,598.364053941655,654.932499988278,530.725075377099
ENSG00000204147.12,15.1254881526082,4.20396290825519,14.0708154294357,24.8002371671542
ENSG00000204149.17,3.88941123924211,15.4145306636024,24.3041357417525,21.080201592081
ENSG00000204152.16,54.0196005450293,53.250196837899,60.1207568348615,75.6407233598202
ENSG00000204178.13,12.964704130807,9.80924678592877,34.5374560540694,16.1201541586502
ENSG00000204186.13,9.93960650028538,50.4475548990622,30.6999609369505,44.6404269008775
ENSG00000204209.15,180.641544222578,332.11306975216,828.898945297664,407.963901399686
ENSG00000204217.17,70.4415591107182,54.6515178073174,52.4457666006238,45.8804387592352
ENSG00000204220.14,12.964704130807,18.2171726024391,16.6291455075149,13.6401304419348
ENSG00000204221.11,41.0548964142222,7.00660484709198,8.95415527327724,13.6401304419348
ENSG00000204227.7,15.1254881526082,15.4145306636024,11.5124853513564,18.6001778753656
ENSG00000204231.13,12.1003905220866,28.0264193883679,2.55833007807921,2.48002371671542
ENSG00000204237.7,10.3717633046456,7.00660484709198,16.6291455075149,22.3202134504387
ENSG00000204256.17,97.6674377854129,183.57304699381,153.499804684753,128.961233269202
ENSG00000204262.16,192.309777940304,177.967763116136,46.0499414054258,44.6404269008775
ENSG00000204264.14,11.6682337177263,8.40792581651037,15.3499804684753,18.6001778753656
ENSG00000204267.21,3.88941123924211,22.4211355106943,61.3999218739011,7.44007115014625
ENSG00000204271.14,25.4972514572538,26.6250984189495,34.5374560540694,24.8002371671542
ENSG00000204272.15,17.2862721744094,7.00660484709198,28.1416308588713,34.7203320340158
ENSG00000204308.10,72.6023431325193,54.6515178073174,57.5624267567823,64.4806166346008
ENSG00000204315.6,9.93960650028538,4.20396290825519,17.9083105465545,16.1201541586502
ENSG00000204316.15,144.340372656318,151.342664697187,162.45395995803,181.041731320225
ENSG00000204344.18,2.5929408261614,16.8158516330207,14.0708154294357,18.6001778753656
ENSG00000204348.12,5.18588165232281,26.6250984189495,0,39.6803794674467
ENSG00000204351.15,15.1254881526082,65.8620855626646,49.8874365225446,50.840486192666
ENSG00000204356.16,243.736437659172,269.053626128332,351.770385735892,269.082573263623
ENSG00000204370.16,136.129393373474,131.724171125329,116.404018552604,93.0008893768281
ENSG00000204371.14,20.311369804931,78.4739742874302,11.5124853513564,50.840486192666
ENSG00000204381.14,212.621147745235,232.619280923454,92.0998828108516,89.280853801755
ENSG00000204386.15,174.591348961535,156.94794857486,166.291455075149,159.961529728144
ENSG00000204387.15,36.7333283706199,36.4343452048783,79.3082324204556,90.5208656601127
ENSG00000204389.11,0,0,16.6291455075149,44.6404269008775
ENSG00000204392.13,28.5223490877754,28.0264193883679,62.6790869129407,57.0405454844546
ENSG00000204394.15,72.1701863281591,30.8290613272047,90.820717771812,91.7608775184704
ENSG00000204410.17,42.7835236316632,63.0594436238278,92.0998828108516,80.600770793251
ENSG00000204427.14,52.2909733275883,40.6383081131335,58.8415917958219,105.401007960405
ENSG00000204435.16,145.636843069399,225.612676076362,276.299648432555,104.160996102047
ENSG00000204438.13,9.07529289156492,8.40792581651037,23.0249707027129,6.20005929178854
ENSG00000204463.16,92.4815561330901,64.4607645932462,58.8415917958219,84.3208063683242
ENSG00000204469.14,12.1003905220866,15.4145306636024,12.7916503903961,0
ENSG00000204514.12,8.64313608720468,22.4211355106943,21.7458056636733,11.1601067252194
ENSG00000204519.12,12.5325473264468,11.2105677553472,14.0708154294357,19.8401897337233
ENSG00000204520.16,8.21097928284445,4.20396290825519,12.7916503903961,11.1601067252194
ENSG00000204524.8,16.4219585656889,7.00660484709198,11.5124853513564,17.3601660170079
ENSG00000204560.12,141.315275025797,102.296430767543,162.45395995803,189.721814328729
ENSG00000204568.14,194.902718766466,183.57304699381,277.578813471594,255.442442821688
ENSG00000204569.12,166.81252648305,148.54002275835,153.499804684753,138.881328136063
ENSG00000204574.16,87.7278312851275,4.20396290825519,15.3499804684753,119.04113840234
ENSG00000204576.14,12.964704130807,4.20396290825519,12.7916503903961,14.8801423002925
ENSG00000204580.16,40.622739609862,32.2303822966231,47.3291064444654,50.840486192666
ENSG00000204588.6,6.91450886976375,15.4145306636024,14.0708154294357,1.24001185835771
ENSG00000204590.15,124.461159655747,128.921529186492,92.0998828108516,156.241494153071
ENSG00000204592.11,92.9137129374503,42.0396290825519,39.6541162102278,90.5208656601127
ENSG00000204599.18,59.2054821973521,51.8488758684806,110.008193357406,107.881031677121
ENSG00000204604.15,54.4517573493895,60.256801684991,25.5833007807921,26.0402490255119
ENSG00000204611.9,22.4721538267322,12.6118887247656,7.67499023423763,19.8401897337233
ENSG00000204619.9,27.658035479055,5.60528387767358,35.816621093109,0
ENSG00000204628.14,971.920653006166,1010.35241895066,1651.40206540013,1638.05566489053
ENSG00000204673.13,27.2258786746947,23.8224564801127,28.1416308588713,26.0402490255119
ENSG00000204681.13,9.93960650028538,42.0396290825519,3.83749511711882,2.48002371671542
ENSG00000204706.15,17.2862721744094,23.8224564801127,16.6291455075149,16.1201541586502
ENSG00000204713.13,134.832922960393,127.520208217074,171.408115231307,26.0402490255119
ENSG00000204745.4,9.50744969592515,2.80264193883679,12.7916503903961,7.44007115014625
ENSG00000204764.16,12.964704130807,14.013209694184,19.1874755855941,13.6401304419348
ENSG00000204767.5,19.4470561962105,15.4145306636024,33.2582910150297,27.2802608838696
ENSG00000204792.3,7.34666567412398,12.6118887247656,21.7458056636733,32.2403083173004
ENSG00000204815.12,7.77882247848421,11.2105677553472,6.39582519519803,12.4001185835771
ENSG00000204822.9,14.2611745438877,11.2105677553472,15.3499804684753,14.8801423002925
ENSG00000204842.20,68.7129318932772,103.697751736961,94.6582128889308,65.7206284929585
ENSG00000204843.15,458.950526230569,442.817426336213,340.257900384535,410.443925116401
ENSG00000204852.19,16.8541153700491,28.0264193883679,33.2582910150297,19.8401897337233
ENSG00000204856.14,79.5168520022831,151.342664697187,360.724541009169,280.242679988842
ENSG00000204859.15,19.4470561962105,11.2105677553472,16.6291455075149,16.1201541586502
ENSG00000204880.9,12.1003905220866,19.6184935718575,66.5165820300595,45.8804387592352
ENSG00000204899.7,70.8737159150784,72.8686904097566,65.2374169910199,59.52056920117
ENSG00000204920.13,17.7184289787696,12.6118887247656,15.3499804684753,12.4001185835771
ENSG00000204922.7,5.61803845668304,2.80264193883679,8.95415527327724,13.6401304419348
ENSG00000204923.6,7.34666567412398,11.2105677553472,17.9083105465545,16.1201541586502
ENSG00000204941.15,114.521553155462,84.0792581651037,129.195668943,114.081090968909
ENSG00000204954.12,10.8039201090059,8.40792581651037,26.8624658198317,21.080201592081
ENSG00000204977.12,16.8541153700491,26.6250984189495,12.7916503903961,16.1201541586502
ENSG00000205060.13,72.1701863281591,65.8620855626646,75.4707373033367,76.8807352181779
ENSG00000205084.14,6.48235206540351,4.20396290825519,8.95415527327724,13.6401304419348
ENSG00000205133.14,39.3262691967813,35.0330242354599,37.0957861321486,45.8804387592352
ENSG00000205138.4,8.64313608720468,1.4013209694184,15.3499804684753,6.20005929178854
ENSG00000205155.10,228.610949506564,665.627460473738,1297.07334958616,781.207470765356
ENSG00000205208.7,117.546650785984,92.4871839816141,89.5415527327724,63.2406047762431
ENSG00000205213.16,18.5827425874901,19.6184935718575,6.39582519519803,12.4001185835771
ENSG00000205220.14,22.9043106310924,22.4211355106943,35.816621093109,24.8002371671542
ENSG00000205250.11,114.521553155462,137.329455003003,110.008193357406,143.841375569494
ENSG00000205268.13,5.61803845668304,14.013209694184,3.83749511711882,11.1601067252194
ENSG00000205302.9,268.801532312066,220.007392198688,296.766289057188,282.722703705557
ENSG00000205323.11,92.9137129374503,91.0858630121957,101.054038084129,85.5608182266819
ENSG00000205339.12,64.8235206540351,77.0726533180118,86.9832226546932,68.2006522096739
ENSG00000205352.13,226.450165484763,173.763800207881,205.945571285377,148.801423002925
ENSG00000205356.12,12.964704130807,9.80924678592877,6.39582519519803,19.8401897337233
ENSG00000205423.14,21.1756834136515,15.4145306636024,8.95415527327724,12.4001185835771
ENSG00000205426.11,22.0399970223719,14.013209694184,26.8624658198317,12.4001185835771
ENSG00000205476.10,15.1254881526082,19.6184935718575,12.7916503903961,17.3601660170079
ENSG00000205531.16,215.214088571397,163.954553421952,39.6541162102278,133.921280702632
ENSG00000205542.13,306.399174291406,309.691934241465,199.549746090178,163.681565303217
ENSG00000205544.6,7.77882247848421,16.8158516330207,10.2333203123168,9.92009486686167
ENSG00000205581.13,440.799940447439,354.534205262854,332.582910150297,332.323178039866
ENSG00000205629.14,59.2054821973521,57.4541597461542,88.2623876937328,85.5608182266819
ENSG00000205643.13,21.1756834136515,23.8224564801127,23.0249707027129,22.3202134504387
ENSG00000205659.14,80.8133224153638,63.0594436238278,72.9124072252575,85.5608182266819
ENSG00000205670.14,10.8039201090059,15.4145306636024,12.7916503903961,17.3601660170079
ENSG00000205683.13,87.7278312851275,103.697751736961,88.2623876937328,65.7206284929585
ENSG00000205707.13,6.48235206540351,4.20396290825519,7.67499023423763,17.3601660170079
ENSG00000205726.17,111.06429872058,114.908319492308,47.3291064444654,64.4806166346008
ENSG00000205758.14,63.9592070453146,43.4409500519703,63.9582519519803,57.0405454844546
ENSG00000205765.12,903.207721112889,1265.39283538481,1538.83554196465,1271.01215481665
ENSG00000205808.7,24.6329378485333,12.6118887247656,17.9083105465545,24.8002371671542
ENSG00000205937.13,324.117603270176,340.52099556867,313.395434564703,342.243272906727
ENSG00000205940.9,22.0399970223719,25.2237774495311,37.0957861321486,38.440367609089
ENSG00000205981.11,27.658035479055,16.8158516330207,31.9791259759901,23.5602253087965
ENSG00000206053.15,206.138795679832,278.862872914261,153.499804684753,164.921577161575
ENSG00000206195.12,118.410964394704,135.928134033584,162.45395995803,159.961529728144
ENSG00000206256.14,5.18588165232281,0,42.212446288307,0
ENSG00000206376.9,58.7733253929918,0,53.7249316396634,0
ENSG00000206406.9,85.5670472633263,18.2171726024391,75.4707373033367,212.042027779168
ENSG00000206408.8,19.0148993918503,11.2105677553472,42.212446288307,21.080201592081
ENSG00000206449.11,62.2305798278737,0,43.4916113273466,0
ENSG00000206478.5,58.3411685886316,0,88.2623876937328,59.52056920117
ENSG00000206527.12,213.485461353956,194.783614749157,90.820717771812,57.0405454844546
ENSG00000206538.11,60.0697958060725,79.8752952568485,23.0249707027129,26.0402490255119
ENSG00000206560.13,121.003905220866,130.322850155911,80.5873974594952,116.561114685625
ENSG00000206562.14,28.5223490877754,23.8224564801127,30.6999609369505,33.4803201756581
ENSG00000206573.12,31.9796035226573,19.6184935718575,17.9083105465545,28.5202727422273
ENSG00000206965.1,35.004701153179,0,53.7249316396634,42.1604031841621
ENSG00000209082.1,16.8541153700491,33.6317032660415,52.4457666006238,23.5602253087965
ENSG00000210077.1,7.77882247848421,8.40792581651037,21.7458056636733,17.3601660170079
ENSG00000210082.2,35058.2885969196,49780.5261176191,54670.2346035137,48765.9463536336
ENSG00000210100.1,12.1003905220866,15.4145306636024,20.4666406246337,19.8401897337233
ENSG00000210107.1,22.9043106310924,21.0198145412759,42.212446288307,32.2403083173004
ENSG00000210112.1,26.7937218703345,58.8554807155726,56.2832617177426,40.9203913258044
ENSG00000210127.1,5.18588165232281,8.40792581651037,11.5124853513564,14.8801423002925
ENSG00000210151.2,29.3866626964959,29.4277403577863,34.5374560540694,28.5202727422273
ENSG00000210176.1,6.91450886976375,15.4145306636024,17.9083105465545,9.92009486686167
ENSG00000210184.1,11.6682337177263,11.2105677553472,16.6291455075149,18.6001778753656
ENSG00000211445.14,94.6423401548913,135.928134033584,58.8415917958219,81.8407826516087
ENSG00000211450.11,9.07529289156492,9.80924678592877,12.7916503903961,9.92009486686167
ENSG00000211455.10,44.0799940447439,25.2237774495311,16.6291455075149,18.6001778753656
ENSG00000211456.16,100.692535415935,91.0858630121957,85.7040576156536,83.0807945099664
ENSG00000211459.2,1535.88528269627,2093.57352831108,2292.26374995897,2249.38151106088
ENSG00000211460.14,558.346591233422,517.087437715388,587.136752919179,528.245051660384
ENSG00000211584.16,12.5325473264468,2.80264193883679,15.3499804684753,11.1601067252194
ENSG00000212443.1,66.5521478714761,61.6581226544094,48.608271483505,29.760284600585
ENSG00000212719.16,88.592144893848,89.6845420427773,162.45395995803,209.562004062453
ENSG00000212724.3,35.004701153179,23.8224564801127,211.062231441535,158.721517869787
ENSG00000212747.5,181.938014635659,266.250984189495,228.970541988089,213.282039637526
ENSG00000212907.2,9777.97985545466,17817.7961261549,19934.5079683932,15691.1100556584
ENSG00000213020.12,23.7686242398129,35.0330242354599,14.0708154294357,19.8401897337233
ENSG00000213024.15,210.892520527794,193.382293779739,139.428989255317,168.641612736648
ENSG00000213064.12,270.962316333867,376.955340773548,264.787163081198,316.203023881216
ENSG00000213066.16,49.6980325014269,79.8752952568485,61.3999218739011,49.6004743343083
ENSG00000213079.12,31.1152899139369,25.2237774495311,21.7458056636733,27.2802608838696
ENSG00000213096.12,18.5827425874901,21.0198145412759,12.7916503903961,16.1201541586502
ENSG00000213160.12,120.571748416505,113.50699852289,93.3790478498912,71.9206877847471
ENSG00000213186.10,73.8988135456,57.4541597461542,44.7707763663862,19.8401897337233
ENSG00000213190.6,17.7184289787696,8.40792581651037,17.9083105465545,7.44007115014625
ENSG00000213246.8,76.0595975674012,78.4739742874302,106.170698240287,84.3208063683242
ENSG00000213281.7,248.922319311495,220.007392198688,143.266484372436,174.841672028437
ENSG00000213297.8,5.61803845668304,15.4145306636024,11.5124853513564,11.1601067252194
ENSG00000213337.11,12.5325473264468,12.6118887247656,16.6291455075149,3.72003557507312
ENSG00000213339.11,23.3364674354526,29.4277403577863,34.5374560540694,33.4803201756581
ENSG00000213341.13,139.154491003995,88.2832210733589,53.7249316396634,70.6806759263894
ENSG00000213380.17,36.7333283706199,32.2303822966231,31.9791259759901,44.6404269008775
ENSG00000213390.13,64.3913638496749,71.4673694403382,37.0957861321486,38.440367609089
ENSG00000213397.14,57.4768549799111,63.0594436238278,63.9582519519803,47.1204506175929
ENSG00000213462.6,4.75372484796257,8.40792581651037,11.5124853513564,13.6401304419348
ENSG00000213463.7,62.2305798278737,57.4541597461542,37.0957861321486,48.3604624759506
ENSG00000213465.10,44.0799940447439,51.8488758684806,76.7499023423763,63.2406047762431
ENSG00000213516.11,34.1403875444585,12.6118887247656,15.3499804684753,22.3202134504387
ENSG00000213523.14,81.245479219724,81.2766162262669,134.312329099159,119.04113840234
ENSG00000213533.15,20.311369804931,14.013209694184,15.3499804684753,7.44007115014625
ENSG00000213551.9,362.147402053876,305.48797133321,315.953764642783,354.643391490305
ENSG00000213585.13,518.156008427921,440.014784397376,420.84529784403,496.004743343083
ENSG00000213593.13,294.298783769319,281.665514853097,410.611977531713,339.763249190012
ENSG00000213614.13,125.757630068828,109.303035614635,138.149824216277,176.081683886795
ENSG00000213619.13,70.4415591107182,86.8819001039405,85.7040576156536,73.1606996431048
ENSG00000213625.10,384.619555880608,491.863660265857,262.228833003119,249.242383529899
ENSG00000213626.14,85.9992040676866,70.0660484709198,12.7916503903961,12.4001185835771
ENSG00000213639.13,149.958411113001,109.303035614635,75.4707373033367,80.600770793251
ENSG00000213672.10,76.9239111761217,72.8686904097566,86.9832226546932,122.761173977413
ENSG00000213676.15,23.7686242398129,25.2237774495311,30.6999609369505,28.5202727422273
ENSG00000213689.14,18.1505857831298,21.0198145412759,25.5833007807921,18.6001778753656
ENSG00000213694.9,16.4219585656889,18.2171726024391,17.9083105465545,12.4001185835771
ENSG00000213699.11,106.310573872618,141.533417911258,127.916503903961,135.16129256099
ENSG00000213719.10,442.096410860519,423.198932764355,535.970151357595,479.884589184433
ENSG00000213722.12,15.1254881526082,12.6118887247656,39.6541162102278,34.7203320340158
ENSG00000213741.13,47.5372484796257,35.0330242354599,52.4457666006238,31.0002964589427
ENSG00000213742.9,8.21097928284445,14.013209694184,7.67499023423763,3.72003557507312
ENSG00000213762.14,50.9945029145076,53.250196837899,40.9332812492674,40.9203913258044
ENSG00000213780.13,23.3364674354526,16.8158516330207,14.0708154294357,26.0402490255119
ENSG00000213782.9,222.992911049881,229.816638984617,126.637338864921,151.28144671964
ENSG00000213799.15,17.2862721744094,19.6184935718575,7.67499023423763,13.6401304419348
ENSG00000213853.12,42.3513668273029,39.2369871437151,39.6541162102278,22.3202134504387
ENSG00000213859.8,19.0148993918503,18.2171726024391,21.7458056636733,35.9603438923735
ENSG00000213904.12,7.77882247848421,23.8224564801127,21.7458056636733,16.1201541586502
ENSG00000213920.11,7.34666567412398,5.60528387767358,14.0708154294357,4.96004743343083
ENSG00000213923.15,28.5223490877754,23.8224564801127,23.0249707027129,21.080201592081
ENSG00000213928.12,31.1152899139369,43.4409500519703,20.4666406246337,26.0402490255119
ENSG00000213930.14,40.1905828055018,43.4409500519703,57.5624267567823,33.4803201756581
ENSG00000213963.7,9.93960650028538,14.013209694184,6.39582519519803,11.1601067252194
ENSG00000213977.10,239.84702641993,205.994182504504,184.199765621703,143.841375569494
ENSG00000213983.14,158.601547200206,255.040416434148,264.787163081198,265.36253768855
ENSG00000213988.12,8.64313608720468,12.6118887247656,14.0708154294357,9.92009486686167
ENSG00000213995.14,46.240778066545,51.8488758684806,39.6541162102278,47.1204506175929
ENSG00000214013.11,53.587443740669,50.4475548990622,110.008193357406,115.321102827267
ENSG00000214021.20,19.4470561962105,60.256801684991,67.7957470690991,40.9203913258044
ENSG00000214026.13,15.1254881526082,18.2171726024391,19.1874755855941,22.3202134504387
ENSG00000214029.8,10.8039201090059,25.2237774495311,21.7458056636733,11.1601067252194
ENSG00000214046.11,51.4266597188679,51.8488758684806,48.608271483505,54.5605217677392
ENSG00000214063.14,64.8235206540351,53.250196837899,85.7040576156536,111.601067252194
ENSG00000214078.15,732.937940194957,707.66708955629,821.223955063427,727.886960855975
ENSG00000214087.11,61.3662662191532,63.0594436238278,67.7957470690991,81.8407826516087
ENSG00000214110.3,35.4368579575392,28.0264193883679,11.5124853513564,9.92009486686167
ENSG00000214113.13,62.2305798278737,78.4739742874302,65.2374169910199,55.8005336260969
ENSG00000214114.11,70.0094023063579,60.256801684991,55.004096678703,39.6803794674467
ENSG00000214160.12,98.0995945897731,98.0924678592877,191.874755855941,171.121636453364
ENSG00000214194.11,34.5725443488187,44.8422710213887,29.4207958979109,35.9603438923735
ENSG00000214253.11,30.2509763052164,37.8356661742967,37.0957861321486,42.1604031841621
ENSG00000214367.11,48.8337188927065,33.6317032660415,29.4207958979109,39.6803794674467
ENSG00000214407.4,6.48235206540351,1.4013209694184,6.39582519519803,13.6401304419348
ENSG00000214413.11,31.5474467182971,29.4277403577863,30.6999609369505,19.8401897337233
ENSG00000214435.11,10.3717633046456,4.20396290825519,12.7916503903961,3.72003557507312
ENSG00000214517.12,2326.7322346755,2554.60812724973,821.223955063427,742.767103156267
ENSG00000214548.20,150.390567917361,173.763800207881,395.261997063238,332.323178039866
ENSG00000214575.12,18.5827425874901,12.6118887247656,15.3499804684753,9.92009486686167
ENSG00000214654.10,16.4219585656889,14.013209694184,19.1874755855941,18.6001778753656
ENSG00000214655.12,14.2611745438877,14.013209694184,8.95415527327724,21.080201592081
ENSG00000214706.14,152.119195134802,194.783614749157,275.020483393515,254.20243096333
ENSG00000214717.14,28.9545058921357,21.0198145412759,12.7916503903961,4.96004743343083
ENSG00000214736.10,59.2054821973521,50.4475548990622,66.5165820300595,47.1204506175929
ENSG00000214753.6,79.5168520022831,194.783614749157,139.428989255317,112.841079110551
ENSG00000214941.10,12.5325473264468,15.4145306636024,14.0708154294357,6.20005929178854
ENSG00000214944.12,307.695644704487,449.824031183305,552.59929686511,492.28470776801
ENSG00000215012.10,45.3764644578246,54.6515178073174,31.9791259759901,37.2003557507312
ENSG00000215021.12,267.072905094625,281.665514853097,477.128559561773,396.803794674467
ENSG00000215041.12,10.3717633046456,8.40792581651037,16.6291455075149,9.92009486686167
ENSG00000215114.12,35.8690147618994,23.8224564801127,31.9791259759901,38.440367609089
ENSG00000215126.14,8.21097928284445,15.4145306636024,6.39582519519803,7.44007115014625
ENSG00000215193.16,22.9043106310924,43.4409500519703,21.7458056636733,19.8401897337233
ENSG00000215251.6,118.410964394704,114.908319492308,63.9582519519803,89.280853801755
ENSG00000215252.14,17.7184289787696,42.0396290825519,14.0708154294357,44.6404269008775
ENSG00000215256.7,22.4721538267322,29.4277403577863,60.1207568348615,64.4806166346008
ENSG00000215301.13,739.852449064721,664.226139504319,521.899335928159,577.845525994692
ENSG00000215305.12,44.0799940447439,43.4409500519703,35.816621093109,34.7203320340158
ENSG00000215386.16,37.5976419793404,50.4475548990622,26.8624658198317,38.440367609089
ENSG00000215424.11,44.5121508491041,61.6581226544094,29.4207958979109,43.4004150425198
ENSG00000215440.14,153.847822352243,127.520208217074,126.637338864921,152.521458577998
ENSG00000215712.13,17.2862721744094,9.80924678592877,14.0708154294357,17.3601660170079
ENSG00000215717.9,46.6729348709053,37.8356661742967,62.6790869129407,59.52056920117
ENSG00000215784.8,23.3364674354526,0,28.1416308588713,0
ENSG00000215883.13,19.0148993918503,12.6118887247656,25.5833007807921,19.8401897337233
ENSG00000216490.6,47.969405283986,63.0594436238278,83.1457275375744,64.4806166346008
ENSG00000217128.15,30.2509763052164,47.6449129602254,65.2374169910199,52.0804980510237
ENSG00000217414.2,18.5827425874901,28.0264193883679,2.55833007807921,1.24001185835771
ENSG00000217555.14,19.4470561962105,21.0198145412759,39.6541162102278,23.5602253087965
ENSG00000217930.10,7.34666567412398,9.80924678592877,8.95415527327724,14.8801423002925
ENSG00000218336.11,36.7333283706199,40.6383081131335,46.0499414054258,43.4004150425198
ENSG00000218510.9,7.34666567412398,7.00660484709198,20.4666406246337,4.96004743343083
ENSG00000218739.12,20.7435266092912,43.4409500519703,29.4207958979109,18.6001778753656
ENSG00000218891.7,44.9443076534643,37.8356661742967,16.6291455075149,9.92009486686167
ENSG00000219200.13,67.8486182845567,46.2435919908071,106.170698240287,65.7206284929585
ENSG00000219481.11,78.6525383935626,79.8752952568485,130.47483398204,130.201245127559
ENSG00000219545.14,17.7184289787696,21.0198145412759,24.3041357417525,28.5202727422273
ENSG00000219626.11,7.34666567412398,14.013209694184,11.5124853513564,4.96004743343083
ENSG00000220205.12,18.5827425874901,16.8158516330207,31.9791259759901,16.1201541586502
ENSG00000220842.6,23.7686242398129,105.09907270638,131.753999021079,62.0005929178854
ENSG00000221817.13,7.34666567412398,15.4145306636024,12.7916503903961,33.4803201756581
ENSG00000221823.12,75.1952839586807,93.8885049510325,106.170698240287,89.280853801755
ENSG00000221829.13,148.22978389556,162.553232452534,138.149824216277,150.041434861283
ENSG00000221838.14,12.964704130807,14.013209694184,30.6999609369505,32.2403083173004
ENSG00000221843.7,9.07529289156492,16.8158516330207,5.11666015615842,13.6401304419348
ENSG00000221878.14,10.3717633046456,0,17.9083105465545,12.4001185835771
ENSG00000221886.6,16.8541153700491,16.8158516330207,3.83749511711882,9.92009486686167
ENSG00000221909.5,17.7184289787696,8.40792581651037,19.1874755855941,18.6001778753656
ENSG00000221914.13,44.9443076534643,40.6383081131335,30.6999609369505,39.6803794674467
ENSG00000221923.11,18.5827425874901,16.8158516330207,24.3041357417525,13.6401304419348
ENSG00000221926.15,26.7937218703345,39.2369871437151,84.424892576614,83.0807945099664
ENSG00000221944.9,15.9898017613287,36.4343452048783,20.4666406246337,22.3202134504387
ENSG00000221968.11,57.9090117842714,51.8488758684806,48.608271483505,62.0005929178854
ENSG00000221978.15,136.129393373474,161.151911483115,179.083105465545,148.801423002925
ENSG00000221983.10,67.4164614801965,61.6581226544094,113.845688474525,69.4406640680317
ENSG00000221988.15,32.8439171313778,11.2105677553472,33.2582910150297,2.48002371671542
ENSG00000222011.11,10.3717633046456,16.8158516330207,14.0708154294357,12.4001185835771
ENSG00000222041.13,32.8439171313778,33.6317032660415,35.816621093109,14.8801423002925
ENSG00000223482.11,54.8839141537497,88.2832210733589,102.333203123168,76.8807352181779
ENSG00000223501.11,152.983508743523,297.0800455167,455.3827538981,203.361944770664
ENSG00000223533.8,45.8086212621848,23.8224564801127,29.4207958979109,37.2003557507312
ENSG00000223546.10,19.0148993918503,22.4211355106943,12.7916503903961,8.68008300850396
ENSG00000223572.12,14.693331348248,0,37.0957861321486,40.9203913258044
ENSG00000223617.4,21.1756834136515,22.4211355106943,23.0249707027129,13.6401304419348
ENSG00000223654.3,69.1450886976374,128.921529186492,0,0
ENSG00000223745.9,7.34666567412398,4.20396290825519,14.0708154294357,7.44007115014625
ENSG00000223749.12,149.094097504281,205.994182504504,46.0499414054258,38.440367609089
ENSG00000223768.5,31.1152899139369,49.0462339296438,65.2374169910199,71.9206877847471
ENSG00000223891.8,7.34666567412398,12.6118887247656,8.95415527327724,12.4001185835771
ENSG00000223932.6,18.5827425874901,8.40792581651037,0,38.440367609089
ENSG00000223980.10,7.34666567412398,18.2171726024391,10.2333203123168,9.92009486686167
ENSG00000224020.4,14.693331348248,26.6250984189495,3.83749511711882,2.48002371671542
ENSG00000224032.10,13.3968609351673,5.60528387767358,20.4666406246337,34.7203320340158
ENSG00000224051.9,25.0650946528936,19.6184935718575,19.1874755855941,26.0402490255119
ENSG00000224078.16,157.305076787125,228.415318015198,216.178891597693,246.762359813184
ENSG00000224086.7,10.3717633046456,15.4145306636024,14.0708154294357,18.6001778753656
ENSG00000224186.8,4.32156804360234,21.0198145412759,14.0708154294357,21.080201592081
ENSG00000224455.9,112.792925938021,72.8686904097566,208.503901363456,308.762952731069
ENSG00000224470.11,34.1403875444585,28.0264193883679,38.3749511711882,35.9603438923735
ENSG00000224531.8,15.1254881526082,9.80924678592877,12.7916503903961,17.3601660170079
ENSG00000224608.10,33.276073935738,0,47.3291064444654,37.2003557507312
ENSG00000224660.2,10.3717633046456,11.2105677553472,39.6541162102278,18.6001778753656
ENSG00000224740.8,74.7631271543205,93.8885049510325,58.8415917958219,7.44007115014625
ENSG00000224843.9,1.2964704130807,4.20396290825519,14.0708154294357,14.8801423002925
ENSG00000224870.10,31.9796035226573,39.2369871437151,46.0499414054258,27.2802608838696
ENSG00000224877.5,9.93960650028538,9.80924678592877,17.9083105465545,11.1601067252194
ENSG00000224910.3,838.816357263214,814.167483232088,465.616074210416,551.80527696918
ENSG00000224941.6,264.047807464103,248.033811587056,250.716347651763,156.241494153071
ENSG00000225073.10,49.2658756970667,22.4211355106943,102.333203123168,2.48002371671542
ENSG00000225164.9,4.75372484796257,8.40792581651037,12.7916503903961,11.1601067252194
ENSG00000225190.14,16.4219585656889,39.2369871437151,60.1207568348615,91.7608775184704
ENSG00000225383.9,15.5576449569684,11.2105677553472,12.7916503903961,13.6401304419348
ENSG00000225439.5,12.964704130807,14.013209694184,5.11666015615842,18.6001778753656
ENSG00000225470.10,38.4619555880608,46.2435919908071,61.3999218739011,42.1604031841621
ENSG00000225484.8,28.9545058921357,30.8290613272047,25.5833007807921,21.080201592081
ENSG00000225553.7,0,26.6250984189495,23.0249707027129,7.44007115014625
ENSG00000225630.1,2682.39728466397,4282.43688254262,5825.31758778636,4568.2036861898
ENSG00000225648.8,12.5325473264468,0,14.0708154294357,0
ENSG00000225663.10,31.5474467182971,23.8224564801127,8.95415527327724,24.8002371671542
ENSG00000225682.6,35.4368579575392,18.2171726024391,44.7707763663862,17.3601660170079
ENSG00000225691.7,10.8039201090059,8.40792581651037,21.7458056636733,9.92009486686167
ENSG00000225697.15,23.7686242398129,21.0198145412759,38.3749511711882,27.2802608838696
ENSG00000225733.8,139.154491003995,121.9149243394,126.637338864921,131.441256985917
ENSG00000225746.15,22.4721538267322,22.4211355106943,51.1666015615842,43.4004150425198
ENSG00000225830.18,90.3207721112889,116.309640461727,125.358173825881,114.081090968909
ENSG00000225840.2,10827.2565764413,13295.7333578417,18399.5099215457,19491.7464015248
ENSG00000225855.8,7.34666567412398,15.4145306636024,6.39582519519803,6.20005929178854
ENSG00000225859.10,56.1803845668304,19.6184935718575,86.9832226546932,17.3601660170079
ENSG00000225880.7,14.2611745438877,12.6118887247656,15.3499804684753,17.3601660170079
ENSG00000225921.9,140.018804612716,107.901714645216,141.987319333396,135.16129256099
ENSG00000226419.10,19.8792130005708,25.2237774495311,30.6999609369505,35.9603438923735
ENSG00000226437.10,28.5223490877754,19.6184935718575,0,9.92009486686167
ENSG00000226467.9,62.2305798278737,0,101.054038084129,0
ENSG00000226479.4,64.8235206540351,35.0330242354599,81.8665624985348,62.0005929178854
ENSG00000226614.11,47.1050916752655,33.6317032660415,0,47.1204506175929
ENSG00000226618.9,81.6776360240842,89.6845420427773,86.9832226546932,78.1207470765356
ENSG00000226634.6,41.0548964142222,21.0198145412759,3.83749511711882,4.96004743343083
ENSG00000226688.10,27.2258786746947,11.2105677553472,42.212446288307,31.0002964589427
ENSG00000226950.8,46.240778066545,39.2369871437151,99.7748730450892,55.8005336260969
ENSG00000227036.11,8.64313608720468,15.4145306636024,5.11666015615842,6.20005929178854
ENSG00000227046.8,208.299579701633,323.705143935649,63.9582519519803,317.443035739573
ENSG00000227051.8,26.3615650659743,21.0198145412759,10.2333203123168,9.92009486686167
ENSG00000227057.11,197.927816396987,201.790219596249,273.741318354476,269.082573263623
ENSG00000227097.5,7.34666567412398,0,7.67499023423763,14.8801423002925
ENSG00000227124.14,8.21097928284445,4.20396290825519,12.7916503903961,11.1601067252194
ENSG00000227322.11,0,15.4145306636024,0,57.0405454844546
ENSG00000227345.11,82.5419496328047,57.4541597461542,71.6332421862179,75.6407233598202
ENSG00000227500.13,67.4164614801965,71.4673694403382,81.8665624985348,102.92098424369
ENSG00000227627.6,6.05019526104328,0,0,22.3202134504387
ENSG00000227642.9,15.1254881526082,78.4739742874302,11.5124853513564,107.881031677121
ENSG00000227656.3,52.2909733275883,39.2369871437151,63.9582519519803,58.2805573428123
ENSG00000227761.10,41.9192100229427,64.4607645932462,90.820717771812,102.92098424369
ENSG00000227772.8,0,72.8686904097566,0,59.52056920117
ENSG00000227888.5,35.4368579575392,49.0462339296438,38.3749511711882,38.440367609089
ENSG00000228049.9,11.6682337177263,19.6184935718575,11.5124853513564,14.8801423002925
ENSG00000228065.14,11.6682337177263,15.4145306636024,12.7916503903961,16.1201541586502
ENSG00000228177.2,62.6627366322339,0,0,57.0405454844546
ENSG00000228186.10,2.5929408261614,21.0198145412759,12.7916503903961,14.8801423002925
ENSG00000228192.11,5.18588165232281,5.60528387767358,8.95415527327724,13.6401304419348
ENSG00000228223.4,31.9796035226573,33.6317032660415,15.3499804684753,27.2802608838696
ENSG00000228253.1,293.002313356239,399.376476284243,486.08271483505,409.203913258044
ENSG00000228300.15,6.91450886976375,22.4211355106943,23.0249707027129,0
ENSG00000228315.13,5.61803845668304,8.40792581651037,8.95415527327724,21.080201592081
ENSG00000228474.8,56.1803845668304,57.4541597461542,76.7499023423763,63.2406047762431
ENSG00000228526.9,4.32156804360234,4.20396290825519,20.4666406246337,8.68008300850396
ENSG00000228544.1,25.4972514572538,29.4277403577863,21.7458056636733,24.8002371671542
ENSG00000228582.9,20.7435266092912,0,0,39.6803794674467
ENSG00000228589.3,51.8588165232281,39.2369871437151,71.6332421862179,55.8005336260969
ENSG00000228624.9,12.5325473264468,19.6184935718575,16.6291455075149,9.92009486686167
ENSG00000228649.12,5.61803845668304,1.4013209694184,17.9083105465545,8.68008300850396
ENSG00000228696.14,30.6831331095766,4.20396290825519,15.3499804684753,26.0402490255119
ENSG00000228716.9,235.093301571967,177.967763116136,95.9373779279704,105.401007960405
ENSG00000228794.13,23.7686242398129,25.2237774495311,25.5833007807921,34.7203320340158
ENSG00000228854.8,15.1254881526082,23.8224564801127,0,0
ENSG00000229117.11,502.166206666592,672.63406532083,938.907138655071,605.125786878562
ENSG00000229647.4,15.1254881526082,15.4145306636024,7.67499023423763,12.4001185835771
ENSG00000229833.13,14.2611745438877,21.0198145412759,12.7916503903961,11.1601067252194
ENSG00000229944.3,33.276073935738,19.6184935718575,17.9083105465545,17.3601660170079
ENSG00000229953.2,8.64313608720468,11.2105677553472,38.3749511711882,27.2802608838696
ENSG00000230124.10,52.7231301319486,32.2303822966231,88.2623876937328,59.52056920117
ENSG00000230309.3,6.05019526104328,15.4145306636024,7.67499023423763,6.20005929178854
ENSG00000230590.13,28.9545058921357,35.0330242354599,34.5374560540694,28.5202727422273
ENSG00000230624.10,45.3764644578246,123.316245308819,104.891533201248,106.641019818763
ENSG00000230660.6,161.626644830728,144.336059850095,230.249707027129,259.162478396761
ENSG00000230844.4,26.3615650659743,19.6184935718575,15.3499804684753,34.7203320340158
ENSG00000230989.10,289.977215725717,252.237774495311,211.062231441535,181.041731320225
ENSG00000231002.7,66.1199910671158,36.4343452048783,108.729028318366,68.2006522096739
ENSG00000231044.10,28.5223490877754,18.2171726024391,81.8665624985348,79.3607589348933
ENSG00000231074.12,335.785836987902,531.100647409572,927.394653303714,648.526201921081
ENSG00000231129.8,0,165.355874391371,25.5833007807921,0
ENSG00000231365.8,81.245479219724,137.329455003003,199.549746090178,198.401897337233
ENSG00000231372.8,82.5419496328047,106.500393675798,0,0
ENSG00000231401.3,54.4517573493895,105.09907270638,14.0708154294357,7.44007115014625
ENSG00000231500.9,478.397582426779,418.9949698561,800.757314438793,691.926616963601
ENSG00000231555.4,111.928612329301,0,78.0290673814159,128.961233269202
ENSG00000231607.16,15.9898017613287,21.0198145412759,5.11666015615842,9.92009486686167
ENSG00000231721.9,123.164689242667,205.994182504504,480.966054678892,385.643687949247
ENSG00000231770.9,4.32156804360234,9.80924678592877,14.0708154294357,24.8002371671542
ENSG00000231834.10,42.7835236316632,14.013209694184,47.3291064444654,44.6404269008775
ENSG00000231924.11,219.103499810639,269.053626128332,525.736831045278,435.244162283556
ENSG00000231925.16,71.7380295237989,85.4805791345221,74.1915722642971,54.5605217677392
ENSG00000231945.8,109.767828307499,133.125492094748,57.5624267567823,114.081090968909
ENSG00000232024.2,43.6478372403836,68.6647275015014,92.0998828108516,95.4809130935435
ENSG00000232040.6,4.75372484796257,4.20396290825519,2.55833007807921,16.1201541586502
ENSG00000232093.2,7.77882247848421,9.80924678592877,21.7458056636733,22.3202134504387
ENSG00000232098.4,5.18588165232281,0,12.7916503903961,13.6401304419348
ENSG00000232110.9,13.3968609351673,29.4277403577863,48.608271483505,28.5202727422273
ENSG00000232112.5,29.3866626964959,33.6317032660415,38.3749511711882,35.9603438923735
ENSG00000232119.10,41.4870532185825,26.6250984189495,49.8874365225446,44.6404269008775
ENSG00000232126.8,18.1505857831298,30.8290613272047,26.8624658198317,19.8401897337233
ENSG00000232388.6,13.3968609351673,16.8158516330207,15.3499804684753,13.6401304419348
ENSG00000232480.4,93.7780265461708,152.743985666605,31.9791259759901,33.4803201756581
ENSG00000232593.10,17.2862721744094,22.4211355106943,16.6291455075149,16.1201541586502
ENSG00000232616.9,153.847822352243,82.6779371956853,69.0749121081387,186.001778753656
ENSG00000232677.12,41.0548964142222,33.6317032660415,49.8874365225446,52.0804980510237
ENSG00000232804.5,0,88.2832210733589,46.0499414054258,57.0405454844546
ENSG00000232838.5,26.7937218703345,53.250196837899,44.7707763663862,50.840486192666
ENSG00000232956.11,29.8188195008562,23.8224564801127,33.2582910150297,29.760284600585
ENSG00000233051.9,222.12859744116,472.245166693999,475.849394522733,353.403379631947
ENSG00000233237.10,14.693331348248,15.4145306636024,7.67499023423763,7.44007115014625
ENSG00000233276.10,74.7631271543205,84.0792581651037,140.708154294357,115.321102827267
ENSG00000233314.6,18.1505857831298,0,0,19.8401897337233
ENSG00000233369.8,0,23.8224564801127,5.11666015615842,24.8002371671542
ENSG00000233426.3,28.9545058921357,29.4277403577863,38.3749511711882,62.0005929178854
ENSG00000233559.3,6.91450886976375,14.013209694184,8.95415527327724,6.20005929178854
ENSG00000233561.6,69.5772455019977,29.4277403577863,31.9791259759901,0
ENSG00000233641.9,10.8039201090059,21.0198145412759,8.95415527327724,0
ENSG00000233822.8,5.18588165232281,2.80264193883679,10.2333203123168,12.4001185835771
ENSG00000233904.6,111.06429872058,142.934738880676,167.570620114188,110.361055393836
ENSG00000233912.2,6.05019526104328,12.6118887247656,12.7916503903961,2.48002371671542
ENSG00000233922.5,10.8039201090059,18.2171726024391,19.1874755855941,21.080201592081
ENSG00000233927.7,23.7686242398129,33.6317032660415,51.1666015615842,39.6803794674467
ENSG00000233948.10,12.1003905220866,2.80264193883679,7.67499023423763,19.8401897337233
ENSG00000234072.2,11.6682337177263,15.4145306636024,15.3499804684753,6.20005929178854
ENSG00000234078.10,32.4117603270176,0,0,21.080201592081
ENSG00000234127.11,75.1952839586807,93.8885049510325,7.67499023423763,13.6401304419348
ENSG00000234171.6,9.50744969592515,5.60528387767358,15.3499804684753,13.6401304419348
ENSG00000234284.9,10.8039201090059,1.4013209694184,16.6291455075149,8.68008300850396
ENSG00000234444.11,14.2611745438877,12.6118887247656,12.7916503903961,16.1201541586502
ENSG00000234456.11,114.953709959822,110.704356584053,92.0998828108516,112.841079110551
ENSG00000234475.5,7.77882247848421,79.8752952568485,0,0
ENSG00000234494.9,9.93960650028538,7.00660484709198,3.83749511711882,14.8801423002925
ENSG00000234545.10,99.3960650028538,92.4871839816141,88.2623876937328,71.9206877847471
ENSG00000234608.10,22.0399970223719,28.0264193883679,30.6999609369505,32.2403083173004
ENSG00000234616.11,49.2658756970667,51.8488758684806,39.6541162102278,24.8002371671542
ENSG00000234630.1,5.18588165232281,9.80924678592877,11.5124853513564,12.4001185835771
ENSG00000234651.10,0,54.6515178073174,103.612368162208,62.0005929178854
ENSG00000234704.9,16.8541153700491,91.0858630121957,134.312329099159,152.521458577998
ENSG00000234741.11,89.4564585025685,107.901714645216,250.716347651763,179.801719461868
ENSG00000234857.2,43.2156804360234,54.6515178073174,113.845688474525,65.7206284929585
ENSG00000234912.12,11.2360769133661,2.80264193883679,10.2333203123168,21.080201592081
ENSG00000235033.8,9.07529289156492,15.4145306636024,1.27916503903961,6.20005929178854
ENSG00000235098.11,10.8039201090059,19.6184935718575,10.2333203123168,6.20005929178854
ENSG00000235106.13,76.4917543717614,51.8488758684806,62.6790869129407,83.0807945099664
ENSG00000235162.11,334.489366574821,308.290613272047,237.924697261367,193.441849903802
ENSG00000235173.8,12.1003905220866,43.4409500519703,46.0499414054258,44.6404269008775
ENSG00000235222.12,10.8039201090059,18.2171726024391,33.2582910150297,37.2003557507312
ENSG00000235233.9,224.289381462961,540.909894195501,579.461762684941,372.003557507312
ENSG00000235238.1,9.07529289156492,0,0,16.1201541586502
ENSG00000235360.2,0,54.6515178073174,43.4916113273466,0
ENSG00000235437.11,80.3811656110035,117.710961431145,237.924697261367,209.562004062453
ENSG00000235560.5,7.34666567412398,18.2171726024391,8.95415527327724,2.48002371671542
ENSG00000235655.3,20.7435266092912,11.2105677553472,10.2333203123168,38.440367609089
ENSG00000235676.9,11.2360769133661,0,17.9083105465545,0
ENSG00000235712.10,36.3011715662597,0,30.6999609369505,0
ENSG00000235823.6,52.2909733275883,84.0792581651037,60.1207568348615,53.3205099093814
ENSG00000235897.2,3.02509763052164,5.60528387767358,19.1874755855941,17.3601660170079
ENSG00000235941.5,97.2352809810527,0,55.004096678703,52.0804980510237
ENSG00000235954.10,11.6682337177263,14.013209694184,19.1874755855941,18.6001778753656
ENSG00000236014.10,9.50744969592515,5.60528387767358,19.1874755855941,19.8401897337233
ENSG00000236088.13,24.2007810441731,16.8158516330207,26.8624658198317,31.0002964589427
ENSG00000236144.10,9.50744969592515,16.8158516330207,11.5124853513564,17.3601660170079
ENSG00000236149.9,197.495659592627,51.8488758684806,167.570620114188,91.7608775184704
ENSG00000236287.10,143.476059047598,177.967763116136,176.524775387466,172.361648311721
ENSG00000236427.3,22.0399970223719,22.4211355106943,51.1666015615842,37.2003557507312
ENSG00000236515.3,93.3458697418106,77.0726533180118,116.404018552604,78.1207470765356
ENSG00000236560.6,67.4164614801965,91.0858630121957,122.799843747802,115.321102827267
ENSG00000236581.10,12.5325473264468,22.4211355106943,33.2582910150297,4.96004743343083
ENSG00000236649.10,5.18588165232281,43.4409500519703,42.212446288307,59.52056920117
ENSG00000236753.8,10.3717633046456,11.2105677553472,15.3499804684753,12.4001185835771
ENSG00000236830.9,9.93960650028538,18.2171726024391,1.27916503903961,0
ENSG00000237022.10,116.250180372903,119.112282400564,111.287358396446,137.641316277706
ENSG00000237051.8,33.7082307400983,67.263406532083,53.7249316396634,58.2805573428123
ENSG00000237155.3,0,77.0726533180118,120.241513669723,119.04113840234
ENSG00000237172.6,12.5325473264468,5.60528387767358,7.67499023423763,16.1201541586502
ENSG00000237187.10,10.8039201090059,7.00660484709198,12.7916503903961,6.20005929178854
ENSG00000237190.5,22.9043106310924,16.8158516330207,16.6291455075149,18.6001778753656
ENSG00000237289.12,9.50744969592515,22.4211355106943,6.39582519519803,1.24001185835771
ENSG00000237296.12,19.8792130005708,12.6118887247656,0,24.8002371671542
ENSG00000237298.12,14.693331348248,14.013209694184,16.6291455075149,23.5602253087965
ENSG00000237441.12,73.0344999368796,70.0660484709198,69.0749121081387,93.0008893768281
ENSG00000237523.3,22.0399970223719,22.4211355106943,7.67499023423763,17.3601660170079
ENSG00000237649.10,124.461159655747,215.803429290433,99.7748730450892,89.280853801755
ENSG00000237651.9,23.3364674354526,26.6250984189495,24.3041357417525,21.080201592081
ENSG00000237765.10,43.6478372403836,42.0396290825519,37.0957861321486,18.6001778753656
ENSG00000237889.11,0,25.2237774495311,15.3499804684753,0
ENSG00000238083.11,22.9043106310924,22.4211355106943,16.6291455075149,14.8801423002925
ENSG00000238113.8,5.61803845668304,4.20396290825519,15.3499804684753,12.4001185835771
ENSG00000238917.1,46.6729348709053,36.4343452048783,74.1915722642971,81.8407826516087
ENSG00000239264.11,8.21097928284445,42.0396290825519,0,57.0405454844546
ENSG00000239305.9,13.8290177395275,19.6184935718575,19.1874755855941,23.5602253087965
ENSG00000239306.7,179.345073809497,109.303035614635,76.7499023423763,65.7206284929585
ENSG00000239322.1,15.5576449569684,32.2303822966231,38.3749511711882,23.5602253087965
ENSG00000239382.13,9.07529289156492,23.8224564801127,11.5124853513564,6.20005929178854
ENSG00000239523.10,19.8792130005708,39.2369871437151,11.5124853513564,24.8002371671542
ENSG00000239569.6,16.4219585656889,25.2237774495311,17.9083105465545,16.1201541586502
ENSG00000239672.10,178.048603396416,138.730775972421,249.437182612723,225.682158221103
ENSG00000239779.9,43.6478372403836,30.8290613272047,29.4207958979109,37.2003557507312
ENSG00000239789.8,22.4721538267322,11.2105677553472,17.9083105465545,21.080201592081
ENSG00000239857.9,115.385866764182,141.533417911258,232.808037105208,164.921577161575
ENSG00000239865.6,9.93960650028538,14.013209694184,23.0249707027129,13.6401304419348
ENSG00000239900.16,252.379573746377,234.020601892872,317.232929681822,347.203320340158
ENSG00000240053.9,9.93960650028538,1.4013209694184,20.4666406246337,7.44007115014625
ENSG00000240065.11,1.2964704130807,16.8158516330207,14.0708154294357,8.68008300850396
ENSG00000240184.8,297.323881399841,330.711748782741,369.678696282446,323.643095031362
ENSG00000240230.7,10.3717633046456,4.20396290825519,6.39582519519803,14.8801423002925
ENSG00000240241.6,12.5325473264468,21.0198145412759,1.27916503903961,0
ENSG00000240303.10,50.5623461101474,60.256801684991,66.5165820300595,39.6803794674467
ENSG00000240342.3,141.315275025797,103.697751736961,152.220639645713,116.561114685625
ENSG00000240344.12,9.50744969592515,14.013209694184,23.0249707027129,26.0402490255119
ENSG00000240476.3,19.0148993918503,29.4277403577863,90.820717771812,69.4406640680317
ENSG00000240498.10,85.1348904589661,113.50699852289,94.6582128889308,66.9606403513162
ENSG00000240682.12,83.8384200458854,96.6911468898693,71.6332421862179,66.9606403513162
ENSG00000240694.11,132.239982134232,116.309640461727,78.0290673814159,90.5208656601127
ENSG00000240747.10,8.21097928284445,1.4013209694184,16.6291455075149,4.96004743343083
ENSG00000240764.5,4.32156804360234,0,7.67499023423763,12.4001185835771
ENSG00000240849.13,205.706638875471,334.915711690997,223.853881831931,214.522051495884
ENSG00000240857.4,12.5325473264468,14.013209694184,28.1416308588713,18.6001778753656
ENSG00000240891.9,49.2658756970667,54.6515178073174,31.9791259759901,53.3205099093814
ENSG00000240972.4,128.78272769935,130.322850155911,283.974638666792,204.601956629022
ENSG00000241058.5,12.964704130807,16.8158516330207,10.2333203123168,17.3601660170079
ENSG00000241127.11,11.6682337177263,16.8158516330207,5.11666015615842,12.4001185835771
ENSG00000241258.10,77.7882247848421,82.6779371956853,65.2374169910199,53.3205099093814
ENSG00000241313.3,6.48235206540351,0,12.7916503903961,11.1601067252194
ENSG00000241316.9,13.3968609351673,16.8158516330207,12.7916503903961,14.8801423002925
ENSG00000241343.12,53.587443740669,70.0660484709198,84.424892576614,81.8407826516087
ENSG00000241399.9,18.1505857831298,7.00660484709198,14.0708154294357,8.68008300850396
ENSG00000241468.10,55.7482277624702,75.6713323485934,62.6790869129407,40.9203913258044
ENSG00000241472.9,27.2258786746947,8.40792581651037,19.1874755855941,35.9603438923735
ENSG00000241553.15,55.7482277624702,54.6515178073174,44.7707763663862,35.9603438923735
ENSG00000241685.12,276.14819798619,228.415318015198,241.762192378485,282.722703705557
ENSG00000241743.5,20.311369804931,32.2303822966231,30.6999609369505,23.5602253087965
ENSG00000241837.9,225.153695071682,189.178330871483,221.295551753852,176.081683886795
ENSG00000241839.12,27.658035479055,19.6184935718575,6.39582519519803,16.1201541586502
ENSG00000241852.13,35.004701153179,25.2237774495311,15.3499804684753,14.8801423002925
ENSG00000241878.14,208.299579701633,276.060230975424,488.641044913129,360.843450782093
ENSG00000241935.11,15.5576449569684,14.013209694184,3.83749511711882,11.1601067252194
ENSG00000241945.10,17.2862721744094,26.6250984189495,24.3041357417525,32.2403083173004
ENSG00000241973.13,79.0846951979228,82.6779371956853,76.7499023423763,81.8407826516087
ENSG00000242028.10,23.3364674354526,16.8158516330207,0,45.8804387592352
ENSG00000242086.9,91.1850857200094,128.921529186492,124.079008786842,106.641019818763
ENSG00000242094.1,12.5325473264468,16.8158516330207,5.11666015615842,6.20005929178854
ENSG00000242110.11,38.8941123924211,23.8224564801127,23.0249707027129,17.3601660170079
ENSG00000242114.8,20.311369804931,23.8224564801127,37.0957861321486,24.8002371671542
ENSG00000242125.3,62.2305798278737,61.6581226544094,108.729028318366,115.321102827267
ENSG00000242221.10,35.004701153179,49.0462339296438,34.5374560540694,35.9603438923735
ENSG00000242242.8,18.5827425874901,16.8158516330207,3.83749511711882,4.96004743343083
ENSG00000242247.13,216.510558984477,162.553232452534,243.041357417525,248.002371671542
ENSG00000242259.11,85.9992040676866,95.2898259204509,90.820717771812,88.0408419433973
ENSG00000242265.6,669.843046758363,646.00896690188,159.895629879951,188.481802470372
ENSG00000242372.11,474.076014383177,404.981760161916,658.769995105397,695.646652538674
ENSG00000242485.8,34.1403875444585,35.0330242354599,33.2582910150297,42.1604031841621
ENSG00000242516.5,15.1254881526082,18.2171726024391,16.6291455075149,44.6404269008775
ENSG00000242588.8,25.4972514572538,33.6317032660415,61.3999218739011,44.6404269008775
ENSG00000242612.9,7.77882247848421,14.013209694184,6.39582519519803,13.6401304419348
ENSG00000242616.6,86.863517676407,98.0924678592877,65.2374169910199,48.3604624759506
ENSG00000242802.11,69.1450886976374,133.125492094748,156.058134762832,177.321695745152
ENSG00000243089.3,29.8188195008562,36.4343452048783,6.39582519519803,3.72003557507312
ENSG00000243137.9,268.369375507705,358.738168171109,326.187084955099,271.562596980338
ENSG00000243147.10,20.311369804931,18.2171726024391,5.11666015615842,6.20005929178854
ENSG00000243156.10,36.3011715662597,74.270011379175,24.3041357417525,28.5202727422273
ENSG00000243279.6,55.31607095811,63.0594436238278,75.4707373033367,88.0408419433973
ENSG00000243317.10,46.240778066545,46.2435919908071,37.0957861321486,38.440367609089
ENSG00000243335.11,65.2556774583953,49.0462339296438,51.1666015615842,49.6004743343083
ENSG00000243414.8,11.6682337177263,15.4145306636024,6.39582519519803,0
ENSG00000243646.13,73.4666567412398,51.8488758684806,25.5833007807921,37.2003557507312
ENSG00000243655.2,14.2611745438877,15.4145306636024,11.5124853513564,22.3202134504387
ENSG00000243667.9,25.929408261614,22.4211355106943,29.4207958979109,45.8804387592352
ENSG00000243678.14,266.640748290264,238.224564801127,473.291064444654,345.963308481801
ENSG00000243701.9,35.8690147618994,32.2303822966231,10.2333203123168,16.1201541586502
ENSG00000243716.14,19.4470561962105,19.6184935718575,19.1874755855941,17.3601660170079
ENSG00000243725.9,97.6674377854129,79.8752952568485,104.891533201248,93.0008893768281
ENSG00000243749.4,9.93960650028538,9.80924678592877,14.0708154294357,28.5202727422273
ENSG00000243789.13,9.93960650028538,5.60528387767358,26.8624658198317,17.3601660170079
ENSG00000243927.8,69.5772455019977,70.0660484709198,79.3082324204556,71.9206877847471
ENSG00000243943.12,93.7780265461708,79.8752952568485,83.1457275375744,107.881031677121
ENSG00000243989.11,48.4015620883462,56.0528387767358,95.9373779279704,96.7209249519012
ENSG00000244005.15,92.0493993287299,84.0792581651037,72.9124072252575,65.7206284929585
ENSG00000244038.12,459.814839839289,470.843845724581,512.945180654882,607.605810595277
ENSG00000244045.15,66.1199910671158,53.250196837899,62.6790869129407,86.8008300850396
ENSG00000244187.10,15.9898017613287,19.6184935718575,33.2582910150297,29.760284600585
ENSG00000244274.11,31.1152899139369,35.0330242354599,31.9791259759901,62.0005929178854
ENSG00000244398.1,36.7333283706199,26.6250984189495,76.7499023423763,44.6404269008775
ENSG00000244405.10,76.9239111761217,68.6647275015014,97.21654296701,136.401304419348
ENSG00000244462.10,302.941919856524,369.948735926456,300.603784174307,282.722703705557
ENSG00000244509.6,76.4917543717614,65.8620855626646,51.1666015615842,52.0804980510237
ENSG00000244563.1,16.4219585656889,12.6118887247656,11.5124853513564,23.5602253087965
ENSG00000244625.8,4.75372484796257,14.013209694184,5.11666015615842,4.96004743343083
ENSG00000244687.15,776.15362063098,476.449129602254,463.057744132337,488.564672192937
ENSG00000244754.11,65.6878342627556,71.4673694403382,34.5374560540694,59.52056920117
ENSG00000244879.11,11.6682337177263,14.013209694184,17.9083105465545,11.1601067252194
ENSG00000244921.2,14.693331348248,15.4145306636024,17.9083105465545,23.5602253087965
ENSG00000245213.8,6.91450886976375,22.4211355106943,5.11666015615842,9.92009486686167
ENSG00000245248.11,8.64313608720468,12.6118887247656,12.7916503903961,12.4001185835771
ENSG00000245532.13,84.2705768502456,107.901714645216,180.362270504584,155.001482294714
ENSG00000245556.6,9.93960650028538,19.6184935718575,7.67499023423763,17.3601660170079
ENSG00000245571.8,9.07529289156492,7.00660484709198,2.55833007807921,13.6401304419348
ENSG00000245694.13,16.4219585656889,32.2303822966231,37.0957861321486,23.5602253087965
ENSG00000245937.11,12.964704130807,12.6118887247656,23.0249707027129,12.4001185835771
ENSG00000246067.11,5.18588165232281,14.013209694184,3.83749511711882,4.96004743343083
ENSG00000246273.10,11.2360769133661,21.0198145412759,15.3499804684753,21.080201592081
ENSG00000246451.2,7.34666567412398,8.40792581651037,12.7916503903961,8.68008300850396
ENSG00000246763.8,6.48235206540351,4.20396290825519,15.3499804684753,6.20005929178854
ENSG00000246859.4,14.693331348248,14.013209694184,5.11666015615842,16.1201541586502
ENSG00000247199.7,16.4219585656889,22.4211355106943,29.4207958979109,23.5602253087965
ENSG00000247240.11,10.3717633046456,15.4145306636024,28.1416308588713,26.0402490255119
ENSG00000247556.8,49.6980325014269,54.6515178073174,52.4457666006238,59.52056920117
ENSG00000247572.10,10.8039201090059,7.00660484709198,15.3499804684753,21.080201592081
ENSG00000247596.12,59.2054821973521,84.0792581651037,117.683183591644,121.521162119055
ENSG00000247626.5,23.7686242398129,32.2303822966231,30.6999609369505,43.4004150425198
ENSG00000247627.2,57.0446981755509,119.112282400564,79.3082324204556,89.280853801755
ENSG00000247809.12,34.5725443488187,39.2369871437151,61.3999218739011,42.1604031841621
ENSG00000247828.11,9.93960650028538,18.2171726024391,8.95415527327724,4.96004743343083
ENSG00000248008.5,15.9898017613287,16.8158516330207,20.4666406246337,24.8002371671542
ENSG00000248049.9,31.5474467182971,29.4277403577863,33.2582910150297,64.4806166346008
ENSG00000248092.9,12.5325473264468,15.4145306636024,16.6291455075149,19.8401897337233
ENSG00000248098.14,25.0650946528936,21.0198145412759,47.3291064444654,47.1204506175929
ENSG00000248275.5,10.3717633046456,9.80924678592877,21.7458056636733,16.1201541586502
ENSG00000248333.11,16.4219585656889,12.6118887247656,14.0708154294357,26.0402490255119
ENSG00000248527.1,150.390567917361,259.244379342403,332.582910150297,223.202134504387
ENSG00000248643.5,8.21097928284445,7.00660484709198,2.55833007807921,17.3601660170079
ENSG00000249115.11,41.9192100229427,50.4475548990622,63.9582519519803,47.1204506175929
ENSG00000249279.7,4.75372484796257,11.2105677553472,28.1416308588713,21.080201592081
ENSG00000249592.8,9.07529289156492,11.2105677553472,42.212446288307,18.6001778753656
ENSG00000249614.2,7.34666567412398,9.80924678592877,0,17.3601660170079
ENSG00000249673.10,24.6329378485333,32.2303822966231,48.608271483505,39.6803794674467
ENSG00000249709.9,8.21097928284445,8.40792581651037,12.7916503903961,3.72003557507312
ENSG00000249859.15,65.2556774583953,77.0726533180118,130.47483398204,97.9609368102589
ENSG00000249867.7,6.91450886976375,11.2105677553472,26.8624658198317,13.6401304419348
ENSG00000249915.11,119.275278003425,116.309640461727,171.408115231307,150.041434861283
ENSG00000250159.8,13.3968609351673,8.40792581651037,24.3041357417525,16.1201541586502
ENSG00000250312.9,22.0399970223719,28.0264193883679,29.4207958979109,24.8002371671542
ENSG00000250317.11,11.6682337177263,8.40792581651037,16.6291455075149,12.4001185835771
ENSG00000250486.6,33.276073935738,54.6515178073174,16.6291455075149,27.2802608838696
ENSG00000250508.1,6.48235206540351,22.4211355106943,1.27916503903961,0
ENSG00000250565.9,6.48235206540351,15.4145306636024,8.95415527327724,6.20005929178854
ENSG00000250634.8,7.77882247848421,4.20396290825519,10.2333203123168,12.4001185835771
ENSG00000250786.5,21.6078402180117,19.6184935718575,17.9083105465545,21.080201592081
ENSG00000250982.2,12.5325473264468,0,15.3499804684753,28.5202727422273
ENSG00000251003.11,8.64313608720468,5.60528387767358,8.95415527327724,13.6401304419348
ENSG00000251022.6,91.1850857200094,65.8620855626646,90.820717771812,83.0807945099664
ENSG00000251136.12,14.693331348248,11.2105677553472,21.7458056636733,14.8801423002925
ENSG00000251192.10,9.50744969592515,14.013209694184,12.7916503903961,17.3601660170079
ENSG00000251201.8,13.3968609351673,0,14.0708154294357,24.8002371671542
ENSG00000251369.11,20.311369804931,22.4211355106943,39.6541162102278,35.9603438923735
ENSG00000251381.8,17.2862721744094,16.8158516330207,37.0957861321486,26.0402490255119
ENSG00000251562.13,55.7482277624702,78.4739742874302,33.2582910150297,45.8804387592352
ENSG00000251602.8,11.2360769133661,7.00660484709198,8.95415527327724,14.8801423002925
ENSG00000253174.2,34.5725443488187,33.6317032660415,30.6999609369505,22.3202134504387
ENSG00000253250.5,14.2611745438877,16.8158516330207,11.5124853513564,12.4001185835771
ENSG00000253352.11,49.6980325014269,70.0660484709198,63.9582519519803,53.3205099093814
ENSG00000253661.4,19.0148993918503,30.8290613272047,12.7916503903961,6.20005929178854
ENSG00000253710.6,56.6125413711907,53.250196837899,42.212446288307,50.840486192666
ENSG00000253719.4,252.811730550737,197.586256687994,168.849785153228,164.921577161575
ENSG00000253729.11,585.572469908117,868.819001039405,1248.46507810266,951.089095360362
ENSG00000253738.4,69.1450886976374,72.8686904097566,57.5624267567823,53.3205099093814
ENSG00000253741.5,6.48235206540351,21.0198145412759,10.2333203123168,8.68008300850396
ENSG00000253861.1,3.02509763052164,28.0264193883679,14.0708154294357,0
ENSG00000253873.7,22.0399970223719,18.2171726024391,10.2333203123168,13.6401304419348
ENSG00000253893.3,5.18588165232281,9.80924678592877,15.3499804684753,11.1601067252194
ENSG00000253982.4,6.91450886976375,2.80264193883679,12.7916503903961,4.96004743343083
ENSG00000254004.9,38.8941123924211,54.6515178073174,33.2582910150297,39.6803794674467
ENSG00000254093.11,19.0148993918503,19.6184935718575,7.67499023423763,32.2403083173004
ENSG00000254300.1,15.9898017613287,23.8224564801127,19.1874755855941,17.3601660170079
ENSG00000254471.1,27.2258786746947,28.0264193883679,2.55833007807921,2.48002371671542
ENSG00000254505.13,30.2509763052164,18.2171726024391,62.6790869129407,55.8005336260969
ENSG00000254685.10,19.0148993918503,14.013209694184,20.4666406246337,13.6401304419348
ENSG00000254721.2,7.34666567412398,15.4145306636024,0,11.1601067252194
ENSG00000254732.2,266.640748290264,417.593648886682,390.14533690708,326.123118748077
ENSG00000254772.12,1659.04997193894,1352.27473548875,1969.91416012099,1997.65910381427
ENSG00000254806.5,13.8290177395275,0,30.6999609369505,0
ENSG00000254858.12,31.5474467182971,23.8224564801127,26.8624658198317,24.8002371671542
ENSG00000254901.10,14.2611745438877,14.013209694184,17.9083105465545,16.1201541586502
ENSG00000254911.3,12.964704130807,26.6250984189495,23.0249707027129,21.080201592081
ENSG00000254986.10,118.410964394704,106.500393675798,89.5415527327724,90.5208656601127
ENSG00000254996.5,55.7482277624702,47.6449129602254,39.6541162102278,0
ENSG00000254999.6,137.425863786554,144.336059850095,122.799843747802,121.521162119055
ENSG00000255072.3,75.1952839586807,78.4739742874302,0,124.001185835771
ENSG00000255112.3,40.622739609862,18.2171726024391,33.2582910150297,33.4803201756581
ENSG00000255154.10,5.18588165232281,32.2303822966231,0,0
ENSG00000255234.7,13.3968609351673,25.2237774495311,23.0249707027129,28.5202727422273
ENSG00000255248.11,50.5623461101474,50.4475548990622,71.6332421862179,69.4406640680317
ENSG00000255302.6,442.52856766488,393.771192406569,305.720444330466,296.362834147492
ENSG00000255508.7,11.2360769133661,16.8158516330207,39.6541162102278,0
ENSG00000255529.10,191.013307527223,162.553232452534,120.241513669723,112.841079110551
ENSG00000255561.9,18.1505857831298,8.40792581651037,14.0708154294357,16.1201541586502
ENSG00000255652.6,76.4917543717614,67.263406532083,62.6790869129407,53.3205099093814
ENSG00000255717.10,49.6980325014269,64.4607645932462,116.404018552604,80.600770793251
ENSG00000255857.9,25.4972514572538,56.0528387767358,46.0499414054258,13.6401304419348
ENSG00000256053.11,24.2007810441731,12.6118887247656,33.2582910150297,28.5202727422273
ENSG00000256083.1,9.07529289156492,11.2105677553472,29.4207958979109,29.760284600585
ENSG00000256087.9,8.64313608720468,5.60528387767358,8.95415527327724,16.1201541586502
ENSG00000256223.8,16.4219585656889,15.4145306636024,16.6291455075149,13.6401304419348
ENSG00000256235.5,26.3615650659743,12.6118887247656,14.0708154294357,14.8801423002925
ENSG00000256269.13,101.556849024655,72.8686904097566,115.124853513565,126.481209552486
ENSG00000256514.1,5.61803845668304,0,25.5833007807921,13.6401304419348
ENSG00000256525.10,13.8290177395275,12.6118887247656,17.9083105465545,17.3601660170079
ENSG00000256646.8,12.964704130807,12.6118887247656,29.4207958979109,21.080201592081
ENSG00000256683.9,6.48235206540351,7.00660484709198,14.0708154294357,4.96004743343083
ENSG00000256806.6,5.61803845668304,8.40792581651037,1.27916503903961,17.3601660170079
ENSG00000257103.11,179.345073809497,134.526813064166,135.591494138198,90.5208656601127
ENSG00000257218.8,81.6776360240842,93.8885049510325,83.1457275375744,120.281150260698
ENSG00000257219.7,2.16078402180117,4.20396290825519,14.0708154294357,26.0402490255119
ENSG00000257261.8,22.0399970223719,46.2435919908071,52.4457666006238,47.1204506175929
ENSG00000257267.6,10.3717633046456,15.4145306636024,33.2582910150297,0
ENSG00000257315.5,226.450165484763,238.224564801127,318.512094720862,267.842561405265
ENSG00000257365.10,59.6376390017123,49.0462339296438,30.6999609369505,79.3607589348933
ENSG00000257379.1,11.2360769133661,78.4739742874302,57.5624267567823,68.2006522096739
ENSG00000257453.1,3.88941123924211,0,25.5833007807921,45.8804387592352
ENSG00000257621.10,36.3011715662597,44.8422710213887,20.4666406246337,26.0402490255119
ENSG00000257702.6,15.1254881526082,22.4211355106943,62.6790869129407,40.9203913258044
ENSG00000257727.8,53.587443740669,25.2237774495311,70.3540771471783,126.481209552486
ENSG00000257790.1,13.8290177395275,15.4145306636024,11.5124853513564,9.92009486686167
ENSG00000257923.14,143.908215851958,220.007392198688,396.541162102278,303.802905297639
ENSG00000257949.9,24.6329378485333,18.2171726024391,39.6541162102278,32.2403083173004
ENSG00000258102.5,10.8039201090059,11.2105677553472,61.3999218739011,34.7203320340158
ENSG00000258289.12,142.179588634517,127.520208217074,113.845688474525,107.881031677121
ENSG00000258315.7,27.658035479055,40.6383081131335,17.9083105465545,31.0002964589427
ENSG00000258366.14,57.0446981755509,85.4805791345221,72.9124072252575,57.0405454844546
ENSG00000258377.2,94.210183350531,121.9149243394,63.9582519519803,75.6407233598202
ENSG00000258429.3,10.3717633046456,14.013209694184,21.7458056636733,9.92009486686167
ENSG00000258441.1,15.9898017613287,21.0198145412759,20.4666406246337,29.760284600585
ENSG00000258555.6,37.5976419793404,21.0198145412759,5.11666015615842,3.72003557507312
ENSG00000258588.3,11.2360769133661,23.8224564801127,16.6291455075149,0
ENSG00000258609.5,10.3717633046456,36.4343452048783,2.55833007807921,16.1201541586502
ENSG00000258644.6,8.64313608720468,7.00660484709198,21.7458056636733,0
ENSG00000258659.9,7.34666567412398,8.40792581651037,12.7916503903961,17.3601660170079
ENSG00000258667.5,17.7184289787696,26.6250984189495,39.6541162102278,43.4004150425198
ENSG00000258727.2,5.18588165232281,2.80264193883679,6.39582519519803,13.6401304419348
ENSG00000258744.4,12.1003905220866,8.40792581651037,2.55833007807921,12.4001185835771
ENSG00000258790.1,109.767828307499,93.8885049510325,76.7499023423763,47.1204506175929
ENSG00000258839.5,9.50744969592515,8.40792581651037,25.5833007807921,14.8801423002925
ENSG00000258890.10,39.7584260011415,42.0396290825519,46.0499414054258,59.52056920117
ENSG00000258947.9,52.2909733275883,43.4409500519703,34.5374560540694,35.9603438923735
ENSG00000259024.7,31.9796035226573,30.8290613272047,63.9582519519803,55.8005336260969
ENSG00000259040.5,45.8086212621848,25.2237774495311,94.6582128889308,23.5602253087965
ENSG00000259075.6,0,16.8158516330207,12.7916503903961,4.96004743343083
ENSG00000259104.4,47.969405283986,58.8554807155726,37.0957861321486,23.5602253087965
ENSG00000259207.11,17.7184289787696,21.0198145412759,7.67499023423763,13.6401304419348
ENSG00000259380.7,11.6682337177263,25.2237774495311,14.0708154294357,7.44007115014625
ENSG00000259431.7,35.004701153179,18.2171726024391,37.0957861321486,33.4803201756581
ENSG00000259494.4,57.4768549799111,36.4343452048783,55.004096678703,48.3604624759506
ENSG00000259956.2,20.7435266092912,23.8224564801127,11.5124853513564,12.4001185835771
ENSG00000260032.3,156.440763178405,113.50699852289,141.987319333396,169.881624595006
ENSG00000260228.7,5.61803845668304,4.20396290825519,2.55833007807921,13.6401304419348
ENSG00000260267.1,6.05019526104328,7.00660484709198,3.83749511711882,16.1201541586502
ENSG00000260280.5,12.1003905220866,15.4145306636024,19.1874755855941,16.1201541586502
ENSG00000260342.2,1.72862721744094,33.6317032660415,24.3041357417525,0
ENSG00000260349.1,27.2258786746947,37.8356661742967,38.3749511711882,28.5202727422273
ENSG00000260565.10,22.9043106310924,23.8224564801127,31.9791259759901,23.5602253087965
ENSG00000260630.10,17.2862721744094,14.013209694184,5.11666015615842,4.96004743343083
ENSG00000260914.3,11.6682337177263,0,23.0249707027129,0
ENSG00000260916.10,96.3709673723322,85.4805791345221,110.008193357406,147.561411144567
ENSG00000261052.8,4.32156804360234,15.4145306636024,12.7916503903961,2.48002371671542
ENSG00000261069.3,4.75372484796257,5.60528387767358,14.0708154294357,9.92009486686167
ENSG00000261071.3,2.16078402180117,7.00660484709198,35.816621093109,14.8801423002925
ENSG00000261115.8,22.9043106310924,28.0264193883679,19.1874755855941,21.080201592081
ENSG00000261236.10,140.018804612716,124.717566278237,120.241513669723,125.241197694129
ENSG00000261408.7,7.77882247848421,11.2105677553472,17.9083105465545,9.92009486686167
ENSG00000261609.11,23.3364674354526,15.4145306636024,6.39582519519803,9.92009486686167
ENSG00000261740.7,37.1654851749801,26.6250984189495,23.0249707027129,48.3604624759506
ENSG00000261786.1,3.88941123924211,16.8158516330207,25.5833007807921,31.0002964589427
ENSG00000261796.1,9.50744969592515,12.6118887247656,6.39582519519803,19.8401897337233
ENSG00000261801.9,184.96311226618,224.211355106943,108.729028318366,80.600770793251
ENSG00000261824.9,26.3615650659743,25.2237774495311,60.1207568348615,35.9603438923735
ENSG00000261832.6,0,30.8290613272047,12.7916503903961,3.72003557507312
ENSG00000261884.2,17.2862721744094,22.4211355106943,10.2333203123168,11.1601067252194
ENSG00000261893.5,9.93960650028538,21.0198145412759,0,0
ENSG00000261971.10,75.1952839586807,117.710961431145,182.920600582664,184.761766895299
ENSG00000262049.3,18.5827425874901,22.4211355106943,39.6541162102278,4.96004743343083
ENSG00000262246.8,8.21097928284445,25.2237774495311,16.6291455075149,22.3202134504387
ENSG00000262327.7,11.2360769133661,16.8158516330207,12.7916503903961,14.8801423002925
ENSG00000262481.5,14.693331348248,33.6317032660415,58.8415917958219,0
ENSG00000262533.1,16.4219585656889,0,15.3499804684753,0
ENSG00000262655.6,8.64313608720468,18.2171726024391,19.1874755855941,14.8801423002925
ENSG00000262664.4,21.1756834136515,7.00660484709198,15.3499804684753,48.3604624759506
ENSG00000262678.2,6.48235206540351,16.8158516330207,10.2333203123168,13.6401304419348
ENSG00000262748.1,6.05019526104328,0,14.0708154294357,55.8005336260969
ENSG00000262771.5,4.75372484796257,30.8290613272047,0,16.1201541586502
ENSG00000262788.3,5.18588165232281,12.6118887247656,0,26.0402490255119
ENSG00000262795.5,58.3411685886316,58.8554807155726,31.9791259759901,58.2805573428123
ENSG00000262814.10,77.3560679804819,84.0792581651037,106.170698240287,97.9609368102589
ENSG00000262860.5,89.0243016982082,81.2766162262669,30.6999609369505,66.9606403513162
ENSG00000262879.8,22.4721538267322,32.2303822966231,49.8874365225446,34.7203320340158
ENSG00000262911.5,32.8439171313778,46.2435919908071,69.0749121081387,55.8005336260969
ENSG00000262919.10,17.2862721744094,9.80924678592877,3.83749511711882,16.1201541586502
ENSG00000263001.11,305.534860682685,295.678724547281,153.499804684753,166.161589019933
ENSG00000263002.10,15.9898017613287,16.8158516330207,19.1874755855941,16.1201541586502
ENSG00000263072.11,42.7835236316632,68.6647275015014,116.404018552604,79.3607589348933
ENSG00000263244.2,0,40.6383081131335,37.0957861321486,29.760284600585
ENSG00000263290.5,195.334875570826,165.355874391371,141.987319333396,350.923355915231
ENSG00000263293.4,10.8039201090059,8.40792581651037,8.95415527327724,12.4001185835771
ENSG00000263465.5,36.3011715662597,26.6250984189495,29.4207958979109,35.9603438923735
ENSG00000263513.8,6.48235206540351,19.6184935718575,0,14.8801423002925
ENSG00000263528.10,17.2862721744094,11.2105677553472,7.67499023423763,13.6401304419348
ENSG00000263753.11,30.6831331095766,29.4277403577863,49.8874365225446,34.7203320340158
ENSG00000263826.1,5.18588165232281,15.4145306636024,3.83749511711882,4.96004743343083
ENSG00000263887.7,7.77882247848421,16.8158516330207,10.2333203123168,18.6001778753656
ENSG00000263934.5,7.34666567412398,14.013209694184,0,0
ENSG00000263956.10,15.5576449569684,22.4211355106943,14.0708154294357,6.20005929178854
ENSG00000264247.3,9.93960650028538,16.8158516330207,58.8415917958219,54.5605217677392
ENSG00000264343.9,54.0196005450293,102.296430767543,129.195668943,135.16129256099
ENSG00000264522.8,10.3717633046456,14.013209694184,8.95415527327724,18.6001778753656
ENSG00000265241.10,247.625848898414,187.777009902065,204.666406246337,229.402193796176
ENSG00000265354.6,1914.02248651148,2953.98460353398,3405.13733392343,2518.46408432451
ENSG00000265401.3,219.535656614999,239.625885770546,466.895239249456,398.043806532824
ENSG00000265458.4,10.3717633046456,11.2105677553472,12.7916503903961,8.68008300850396
ENSG00000265491.7,50.5623461101474,42.0396290825519,46.0499414054258,42.1604031841621
ENSG00000265590.10,13.8290177395275,4.20396290825519,21.7458056636733,1.24001185835771
ENSG00000265681.10,112.360769133661,88.2832210733589,154.778969723792,125.241197694129
ENSG00000265763.6,15.5576449569684,19.6184935718575,2.55833007807921,6.20005929178854
ENSG00000265808.6,127.918414090629,144.336059850095,196.991416012099,230.642205654534
ENSG00000265972.8,86.4313608720468,103.697751736961,141.987319333396,137.641316277706
ENSG00000266028.10,85.1348904589661,107.901714645216,67.7957470690991,80.600770793251
ENSG00000266173.9,31.1152899139369,37.8356661742967,33.2582910150297,42.1604031841621
ENSG00000266338.9,59.2054821973521,43.4409500519703,80.5873974594952,90.5208656601127
ENSG00000266340.1,15.1254881526082,18.2171726024391,24.3041357417525,28.5202727422273
ENSG00000266412.8,617.984230235135,542.311215164919,442.591103507704,429.044102991767
ENSG00000266472.8,62.2305798278737,68.6647275015014,115.124853513565,88.0408419433973
ENSG00000266962.4,18.5827425874901,18.2171726024391,7.67499023423763,28.5202727422273
ENSG00000266967.9,62.2305798278737,63.0594436238278,83.1457275375744,94.2409012351858
ENSG00000267002.5,14.2611745438877,16.8158516330207,28.1416308588713,21.080201592081
ENSG00000267023.6,32.4117603270176,37.8356661742967,56.2832617177426,28.5202727422273
ENSG00000267080.9,15.5576449569684,16.8158516330207,16.6291455075149,16.1201541586502
ENSG00000267100.3,39.3262691967813,25.2237774495311,46.0499414054258,39.6803794674467
ENSG00000267175.6,10.8039201090059,12.6118887247656,42.212446288307,22.3202134504387
ENSG00000267257.1,10.8039201090059,15.4145306636024,8.95415527327724,0
ENSG00000267281.3,0,12.6118887247656,53.7249316396634,44.6404269008775
ENSG00000267368.3,7.34666567412398,16.8158516330207,11.5124853513564,11.1601067252194
ENSG00000267519.7,7.77882247848421,22.4211355106943,23.0249707027129,1.24001185835771
ENSG00000267575.10,10.3717633046456,12.6118887247656,10.2333203123168,12.4001185835771
ENSG00000267680.8,19.8792130005708,21.0198145412759,25.5833007807921,17.3601660170079
ENSG00000267751.7,5.18588165232281,15.4145306636024,12.7916503903961,1.24001185835771
ENSG00000267858.9,37.5976419793404,39.2369871437151,38.3749511711882,58.2805573428123
ENSG00000268350.10,8.64313608720468,12.6118887247656,0,21.080201592081
ENSG00000268362.6,18.5827425874901,9.80924678592877,11.5124853513564,12.4001185835771
ENSG00000268471.7,8.21097928284445,15.4145306636024,10.2333203123168,13.6401304419348
ENSG00000268575.1,9.50744969592515,14.013209694184,2.55833007807921,7.44007115014625
ENSG00000268894.8,47.5372484796257,32.2303822966231,15.3499804684753,12.4001185835771
ENSG00000269190.8,11.2360769133661,8.40792581651037,30.6999609369505,21.080201592081
ENSG00000269335.9,40.1905828055018,37.8356661742967,43.4916113273466,52.0804980510237
ENSG00000269343.10,4.32156804360234,18.2171726024391,17.9083105465545,17.3601660170079
ENSG00000269378.1,55.7482277624702,46.2435919908071,69.0749121081387,26.0402490255119
ENSG00000269556.10,60.0697958060725,116.309640461727,79.3082324204556,57.0405454844546
ENSG00000269604.1,22.9043106310924,16.8158516330207,15.3499804684753,27.2802608838696
ENSG00000269711.1,17.2862721744094,15.4145306636024,17.9083105465545,19.8401897337233
ENSG00000269713.11,144.340372656318,159.750590513697,200.828911129218,208.321992204095
ENSG00000269821.2,29.3866626964959,47.6449129602254,42.212446288307,29.760284600585
ENSG00000269825.6,30.6831331095766,44.8422710213887,43.4916113273466,50.840486192666
ENSG00000269858.8,70.8737159150784,74.270011379175,61.3999218739011,83.0807945099664
ENSG00000269893.11,3.45725443488187,4.20396290825519,14.0708154294357,14.8801423002925
ENSG00000269955.2,19.0148993918503,0,28.1416308588713,16.1201541586502
ENSG00000269968.2,212.621147745235,249.435132556474,387.587006829,370.763545648955
ENSG00000270069.5,19.8792130005708,14.013209694184,33.2582910150297,27.2802608838696
ENSG00000270170.2,21.1756834136515,8.40792581651037,25.5833007807921,18.6001778753656
ENSG00000270231.7,23.7686242398129,28.0264193883679,25.5833007807921,44.6404269008775
ENSG00000270629.8,21.1756834136515,25.2237774495311,28.1416308588713,40.9203913258044
ENSG00000270641.2,18.5827425874901,33.6317032660415,24.3041357417525,8.68008300850396
ENSG00000270647.9,9.07529289156492,8.40792581651037,7.67499023423763,17.3601660170079
ENSG00000270757.1,24.2007810441731,30.8290613272047,8.95415527327724,22.3202134504387
ENSG00000270800.4,25.4972514572538,0,17.9083105465545,19.8401897337233
ENSG00000270866.2,86.4313608720468,110.704356584053,35.816621093109,40.9203913258044
ENSG00000270882.3,3.88941123924211,14.013209694184,5.11666015615842,12.4001185835771
ENSG00000271122.2,10.8039201090059,2.80264193883679,12.7916503903961,11.1601067252194
ENSG00000271303.4,67.8486182845567,71.4673694403382,60.1207568348615,54.5605217677392
ENSG00000271601.6,48.4015620883462,91.0858630121957,121.520678708763,75.6407233598202
ENSG00000271643.3,16.8541153700491,8.40792581651037,14.0708154294357,16.1201541586502
ENSG00000271741.1,16.8541153700491,0,16.6291455075149,0
ENSG00000271793.2,89.0243016982082,88.2832210733589,75.4707373033367,28.5202727422273
ENSG00000272047.6,15.1254881526082,14.013209694184,17.9083105465545,4.96004743343083
ENSG00000272273.4,18.5827425874901,12.6118887247656,24.3041357417525,19.8401897337233
ENSG00000272325.4,38.4619555880608,82.6779371956853,25.5833007807921,29.760284600585
ENSG00000272391.8,133.536452547312,159.750590513697,176.524775387466,176.081683886795
ENSG00000272462.5,11.2360769133661,12.6118887247656,8.95415527327724,12.4001185835771
ENSG00000272501.2,15.5576449569684,26.6250984189495,10.2333203123168,12.4001185835771
ENSG00000272540.1,0,26.6250984189495,14.0708154294357,21.080201592081
ENSG00000272602.7,23.3364674354526,19.6184935718575,11.5124853513564,17.3601660170079
ENSG00000272695.3,18.1505857831298,19.6184935718575,17.9083105465545,12.4001185835771
ENSG00000272734.2,7.34666567412398,9.80924678592877,17.9083105465545,12.4001185835771
ENSG00000272752.7,18.5827425874901,14.013209694184,14.0708154294357,48.3604624759506
ENSG00000272772.2,28.0901922834152,0,84.424892576614,0
ENSG00000272886.8,69.1450886976374,57.4541597461542,81.8665624985348,71.9206877847471
ENSG00000272980.5,13.8290177395275,21.0198145412759,15.3499804684753,0
ENSG00000273136.10,8.21097928284445,12.6118887247656,17.9083105465545,8.68008300850396
ENSG00000273162.2,22.4721538267322,29.4277403577863,31.9791259759901,18.6001778753656
ENSG00000273217.1,156.008606374044,255.040416434148,204.666406246337,250.482395388257
ENSG00000273311.1,21.6078402180117,16.8158516330207,7.67499023423763,6.20005929178854
ENSG00000273329.3,24.6329378485333,25.2237774495311,37.0957861321486,32.2403083173004
ENSG00000273345.6,478.397582426779,378.356661742967,440.032773429624,436.484174141913
ENSG00000273445.2,27.2258786746947,36.4343452048783,35.816621093109,29.760284600585
ENSG00000273451.1,10.8039201090059,18.2171726024391,23.0249707027129,18.6001778753656
ENSG00000273559.7,83.4062632415252,70.0660484709198,88.2623876937328,14.8801423002925
ENSG00000273562.4,294.298783769319,253.63909546473,216.178891597693,184.761766895299
ENSG00000273594.4,109.335671503139,145.737380819513,98.4957080060496,86.8008300850396
ENSG00000273611.7,11.2360769133661,7.00660484709198,66.5165820300595,8.68008300850396
ENSG00000273749.7,138.290177395275,182.171726024391,143.266484372436,71.9206877847471
ENSG00000273761.5,447.282292512842,407.784402100753,153.499804684753,370.763545648955
ENSG00000273772.4,20.311369804931,29.4277403577863,37.0957861321486,9.92009486686167
ENSG00000273784.6,11.2360769133661,5.60528387767358,28.1416308588713,16.1201541586502
ENSG00000273814.4,44.9443076534643,57.4541597461542,126.637338864921,101.680972385332
ENSG00000273841.8,300.781135834723,152.743985666605,244.320522456565,311.242976447785
ENSG00000273899.7,27.658035479055,33.6317032660415,44.7707763663862,40.9203913258044
ENSG00000274012.1,22.4721538267322,47.6449129602254,39.6541162102278,23.5602253087965
ENSG00000274021.1,5.61803845668304,1.4013209694184,6.39582519519803,12.4001185835771
ENSG00000274180.2,10.3717633046456,9.80924678592877,10.2333203123168,18.6001778753656
ENSG00000274276.6,82.1097928284445,46.2435919908071,83.1457275375744,145.081387427852
ENSG00000274333.5,25.4972514572538,9.80924678592877,23.0249707027129,58.2805573428123
ENSG00000274336.2,11.2360769133661,23.8224564801127,0,0
ENSG00000274442.2,37.5976419793404,0,0,302.562893439281
ENSG00000274474.3,156.872919982765,0,57.5624267567823,21.080201592081
ENSG00000274523.7,58.7733253929918,44.8422710213887,20.4666406246337,42.1604031841621
ENSG00000274605.5,7.77882247848421,18.2171726024391,10.2333203123168,11.1601067252194
ENSG00000274611.5,0,0,12.7916503903961,12.4001185835771
ENSG00000274646.4,50.1301893057872,30.8290613272047,103.612368162208,88.0408419433973
ENSG00000274675.4,26.7937218703345,35.0330242354599,0,38.440367609089
ENSG00000274768.2,0,25.2237774495311,28.1416308588713,28.5202727422273
ENSG00000274779.4,151.687038330442,145.737380819513,0,0
ENSG00000274780.2,35.8690147618994,36.4343452048783,2.55833007807921,18.6001778753656
ENSG00000274829.4,11.6682337177263,33.6317032660415,0,0
ENSG00000274891.3,17.7184289787696,14.013209694184,38.3749511711882,16.1201541586502
ENSG00000274950.4,28.5223490877754,21.0198145412759,97.21654296701,34.7203320340158
ENSG00000274958.4,9.93960650028538,16.8158516330207,0,6.20005929178854
ENSG00000275045.4,13.8290177395275,39.2369871437151,0,43.4004150425198
ENSG00000275052.7,137.425863786554,102.296430767543,102.333203123168,99.2009486686166
ENSG00000275066.7,64.3913638496749,64.4607645932462,78.0290673814159,42.1604031841621
ENSG00000275111.7,42.3513668273029,28.0264193883679,46.0499414054258,65.7206284929585
ENSG00000275118.4,29.3866626964959,54.6515178073174,0,53.3205099093814
ENSG00000275125.4,20.7435266092912,35.0330242354599,0,0
ENSG00000275176.4,13.8290177395275,9.80924678592877,80.5873974594952,50.840486192666
ENSG00000275199.4,33.276073935738,35.0330242354599,0,0
ENSG00000275221.3,11.2360769133661,8.40792581651037,15.3499804684753,16.1201541586502
ENSG00000275272.4,12.1003905220866,14.013209694184,0,0
ENSG00000275331.5,14.2611745438877,15.4145306636024,17.9083105465545,9.92009486686167
ENSG00000275349.4,17.2862721744094,25.2237774495311,0,39.6803794674467
ENSG00000275379.2,14.693331348248,28.0264193883679,26.8624658198317,18.6001778753656
ENSG00000275410.8,63.9592070453146,89.6845420427773,0,23.5602253087965
ENSG00000275464.6,105.014103459537,106.500393675798,111.287358396446,115.321102827267
ENSG00000275496.5,9.07529289156492,40.6383081131335,48.608271483505,31.0002964589427
ENSG00000275498.5,269.665845920786,193.382293779739,275.020483393515,301.322881580923
ENSG00000275544.4,14.693331348248,0,0,31.0002964589427
ENSG00000275568.4,24.2007810441731,19.6184935718575,0,7.44007115014625
ENSG00000275600.2,114.089396351102,23.8224564801127,56.2832617177426,42.1604031841621
ENSG00000275616.1,141.315275025797,170.961158269044,246.878852534644,202.121932912306
ENSG00000275618.2,14.693331348248,16.8158516330207,51.1666015615842,0
ENSG00000275700.8,152.119195134802,117.710961431145,156.058134762832,164.921577161575
ENSG00000275740.1,130.511354916791,162.553232452534,141.987319333396,117.801126543982
ENSG00000275779.4,42.7835236316632,46.2435919908071,30.6999609369505,0
ENSG00000275832.6,0.432156804360234,35.0330242354599,26.8624658198317,11.1601067252194
ENSG00000275835.7,101.124692220295,102.296430767543,78.0290673814159,116.561114685625
ENSG00000275837.3,144.340372656318,109.303035614635,115.124853513565,114.081090968909
ENSG00000275851.4,7.34666567412398,7.00660484709198,10.2333203123168,14.8801423002925
ENSG00000275867.3,15.9898017613287,15.4145306636024,52.4457666006238,19.8401897337233
ENSG00000275895.8,54.8839141537497,44.8422710213887,97.21654296701,53.3205099093814
ENSG00000275903.2,0,92.4871839816141,110.008193357406,0
ENSG00000275911.3,12.1003905220866,21.0198145412759,0,0
ENSG00000275932.2,96.3709673723322,44.8422710213887,166.291455075149,54.5605217677392
ENSG00000275947.2,8.21097928284445,16.8158516330207,7.67499023423763,11.1601067252194
ENSG00000275949.5,19.4470561962105,58.8554807155726,8.95415527327724,27.2802608838696
ENSG00000276016.4,41.9192100229427,0,35.816621093109,34.7203320340158
ENSG00000276023.7,123.596846047027,151.342664697187,7.67499023423763,105.401007960405
ENSG00000276043.7,151.254881526082,88.2832210733589,47.3291064444654,64.4806166346008
ENSG00000276077.5,110.63214191622,91.0858630121957,76.7499023423763,33.4803201756581
ENSG00000276107.1,33.276073935738,64.4607645932462,16.6291455075149,11.1601067252194
ENSG00000276111.3,8.21097928284445,21.0198145412759,37.0957861321486,12.4001185835771
ENSG00000276168.1,67.4164614801965,44.8422710213887,90.820717771812,64.4806166346008
ENSG00000276170.7,9.07529289156492,9.80924678592877,2.55833007807921,16.1201541586502
ENSG00000276180.3,6.05019526104328,16.8158516330207,5.11666015615842,1.24001185835771
ENSG00000276194.4,19.8792130005708,0,40.9332812492674,9.92009486686167
ENSG00000276230.4,155.576449569684,0,148.383144528594,270.32258512198
ENSG00000276234.7,27.658035479055,18.2171726024391,23.0249707027129,18.6001778753656
ENSG00000276293.7,72.6023431325193,71.4673694403382,46.0499414054258,52.0804980510237
ENSG00000276340.4,18.1505857831298,12.6118887247656,35.816621093109,22.3202134504387
ENSG00000276463.4,0,77.0726533180118,58.8415917958219,9.92009486686167
ENSG00000276464.4,4.32156804360234,0,14.0708154294357,0
ENSG00000276517.1,9.07529289156492,12.6118887247656,15.3499804684753,4.96004743343083
ENSG00000276561.4,9.50744969592515,8.40792581651037,0,18.6001778753656
ENSG00000276618.4,73.0344999368796,56.0528387767358,47.3291064444654,34.7203320340158
ENSG00000276657.2,47.5372484796257,49.0462339296438,0,75.6407233598202
ENSG00000276709.4,10.8039201090059,0,14.0708154294357,0
ENSG00000276725.4,85.5670472633263,0,111.287358396446,22.3202134504387
ENSG00000276726.4,140.450961417076,155.546627605442,0,223.202134504387
ENSG00000276787.1,5.61803845668304,35.0330242354599,0,0
ENSG00000276802.2,22.4721538267322,36.4343452048783,20.4666406246337,21.080201592081
ENSG00000276886.4,41.4870532185825,51.8488758684806,181.641435543624,193.441849903802
ENSG00000276914.2,107.607044285698,147.138701788932,125.358173825881,84.3208063683242
ENSG00000276935.4,30.6831331095766,21.0198145412759,0,0
ENSG00000276966.3,5.61803845668304,18.2171726024391,14.0708154294357,13.6401304419348
ENSG00000277033.2,9.07529289156492,2.80264193883679,14.0708154294357,6.20005929178854
ENSG00000277111.3,31.5474467182971,26.6250984189495,40.9332812492674,32.2403083173004
ENSG00000277149.7,19.8792130005708,28.0264193883679,20.4666406246337,22.3202134504387
ENSG00000277161.4,48.4015620883462,107.901714645216,98.4957080060496,120.281150260698
ENSG00000277215.3,11.2360769133661,12.6118887247656,24.3041357417525,16.1201541586502
ENSG00000277273.5,56.1803845668304,0,55.004096678703,48.3604624759506
ENSG00000277401.4,185.39526907054,264.849663220077,80.5873974594952,286.442739280631
ENSG00000277424.4,59.6376390017123,39.2369871437151,40.9332812492674,55.8005336260969
ENSG00000277443.5,12.5325473264468,16.8158516330207,6.39582519519803,7.44007115014625
ENSG00000277462.4,15.5576449569684,11.2105677553472,23.0249707027129,18.6001778753656
ENSG00000277564.4,15.1254881526082,81.2766162262669,69.0749121081387,14.8801423002925
ENSG00000277656.3,12.5325473264468,18.2171726024391,12.7916503903961,9.92009486686167
ENSG00000277773.4,54.8839141537497,14.013209694184,34.5374560540694,0
ENSG00000277791.7,99.8282218072141,1.4013209694184,7.67499023423763,114.081090968909
ENSG00000277909.4,32.4117603270176,9.80924678592877,0,19.8401897337233
ENSG00000277936.4,35.004701153179,4.20396290825519,44.7707763663862,42.1604031841621
ENSG00000277972.4,60.5019526104328,64.4607645932462,130.47483398204,93.0008893768281
ENSG00000278032.2,117.546650785984,75.6713323485934,189.316425777862,47.1204506175929
ENSG00000278053.7,195.767032375186,176.566442146718,144.545649411475,133.921280702632
ENSG00000278087.4,65.6878342627556,0,49.8874365225446,1.24001185835771
ENSG00000278174.3,399.745044033217,383.96194562064,217.458056636733,332.323178039866
ENSG00000278191.4,209.596050114714,183.57304699381,364.562036126288,401.763842107897
ENSG00000278229.2,7.34666567412398,9.80924678592877,38.3749511711882,16.1201541586502
ENSG00000278233.1,22.0399970223719,33.6317032660415,12.7916503903961,17.3601660170079
ENSG00000278259.7,163.787428852529,170.961158269044,163.73312499707,71.9206877847471
ENSG00000278268.2,12.964704130807,0,0,42.1604031841621
ENSG00000278275.2,12.964704130807,16.8158516330207,37.0957861321486,27.2802608838696
ENSG00000278311.7,192.309777940304,142.934738880676,129.195668943,161.201541586502
ENSG00000278372.4,57.4768549799111,51.8488758684806,63.9582519519803,186.001778753656
ENSG00000278494.2,0,75.6713323485934,0,28.5202727422273
ENSG00000278535.7,23.3364674354526,15.4145306636024,10.2333203123168,17.3601660170079
ENSG00000278540.6,88.592144893848,105.09907270638,17.9083105465545,32.2403083173004
ENSG00000278550.4,12.964704130807,18.2171726024391,0,2.48002371671542
ENSG00000278574.4,28.9545058921357,28.0264193883679,0,27.2802608838696
ENSG00000278615.6,39.3262691967813,40.6383081131335,83.1457275375744,40.9203913258044
ENSG00000278619.7,30.2509763052164,54.6515178073174,103.612368162208,60.7605810595277
ENSG00000278621.1,51.8588165232281,117.710961431145,29.4207958979109,16.1201541586502
ENSG00000278622.4,64.8235206540351,49.0462339296438,49.8874365225446,12.4001185835771
ENSG00000278730.1,157.305076787125,221.408713168106,216.178891597693,234.362241229607
ENSG00000278741.4,21.6078402180117,1.4013209694184,7.67499023423763,17.3601660170079
ENSG00000278828.2,10.8039201090059,9.80924678592877,15.3499804684753,6.20005929178854
ENSG00000278845.7,117.114493981623,117.710961431145,92.0998828108516,101.680972385332
ENSG00000278903.6,26.3615650659743,28.0264193883679,16.6291455075149,27.2802608838696
ENSG00000278935.1,10.3717633046456,14.013209694184,21.7458056636733,0
ENSG00000278963.1,17.7184289787696,32.2303822966231,31.9791259759901,12.4001185835771
ENSG00000279364.1,16.4219585656889,33.6317032660415,39.6541162102278,34.7203320340158
ENSG00000279453.1,9.07529289156492,9.80924678592877,30.6999609369505,17.3601660170079
ENSG00000279583.2,22.4721538267322,36.4343452048783,12.7916503903961,13.6401304419348
ENSG00000279738.1,7.77882247848421,12.6118887247656,12.7916503903961,9.92009486686167
ENSG00000279786.1,8.64313608720468,15.4145306636024,8.95415527327724,4.96004743343083
ENSG00000280033.1,7.77882247848421,15.4145306636024,30.6999609369505,18.6001778753656
ENSG00000280071.5,45.3764644578246,42.0396290825519,42.212446288307,54.5605217677392
ENSG00000280145.4,7.77882247848421,12.6118887247656,28.1416308588713,11.1601067252194
ENSG00000280195.3,8.21097928284445,12.6118887247656,31.9791259759901,16.1201541586502
ENSG00000280269.1,25.929408261614,30.8290613272047,5.11666015615842,4.96004743343083
ENSG00000280347.1,15.1254881526082,11.2105677553472,10.2333203123168,22.3202134504387
ENSG00000280435.1,13.3968609351673,35.0330242354599,66.5165820300595,50.840486192666
ENSG00000280479.2,12.1003905220866,0,17.9083105465545,0
ENSG00000280495.5,23.7686242398129,23.8224564801127,0,0
ENSG00000280618.2,5.18588165232281,0,37.0957861321486,7.44007115014625
ENSG00000280680.3,22.0399970223719,29.4277403577863,0,0
ENSG00000280682.3,15.5576449569684,191.98097281032,98.4957080060496,184.761766895299
ENSG00000280739.7,10.3717633046456,16.8158516330207,14.0708154294357,7.44007115014625
ENSG00000280789.3,44.0799940447439,36.4343452048783,49.8874365225446,35.9603438923735
ENSG00000280800.1,283015.169607474,387603.978820159,604497.580829025,592581.826919415
ENSG00000281013.5,17.2862721744094,0,12.7916503903961,16.1201541586502
ENSG00000281022.3,70.0094023063579,72.8686904097566,0,66.9606403513162
ENSG00000281089.3,38.0297987837006,30.8290613272047,0,0
ENSG00000281183.1,12.5325473264468,16.8158516330207,14.0708154294357,18.6001778753656
ENSG00000281221.3,52.7231301319486,71.4673694403382,42.212446288307,54.5605217677392
ENSG00000281324.3,120.139591612145,127.520208217074,112.566523435485,105.401007960405
ENSG00000281344.1,21.6078402180117,40.6383081131335,14.0708154294357,24.8002371671542
ENSG00000281383.1,36.7333283706199,5.60528387767358,115.124853513565,110.361055393836
ENSG00000281392.4,4.32156804360234,2.80264193883679,16.6291455075149,8.68008300850396
ENSG00000281398.4,15.9898017613287,37.8356661742967,29.4207958979109,33.4803201756581
ENSG00000281490.1,19.0148993918503,35.0330242354599,17.9083105465545,47.1204506175929
ENSG00000281500.5,60.5019526104328,89.6845420427773,139.428989255317,121.521162119055
ENSG00000281649.4,64.8235206540351,72.8686904097566,116.404018552604,152.521458577998
ENSG00000281690.2,9.07529289156492,7.00660484709198,15.3499804684753,13.6401304419348
ENSG00000281813.4,14.2611745438877,0,17.9083105465545,35.9603438923735
ENSG00000281930.1,62.6627366322339,49.0462339296438,62.6790869129407,42.1604031841621
ENSG00000281950.1,18.1505857831298,29.4277403577863,26.8624658198317,29.760284600585
ENSG00000282034.2,2.16078402180117,29.4277403577863,46.0499414054258,9.92009486686167
ENSG00000282046.3,75.1952839586807,51.8488758684806,207.224736324416,250.482395388257
ENSG00000282057.1,85.5670472633263,168.158516330207,56.2832617177426,39.6803794674467
ENSG00000282092.1,38.4619555880608,36.4343452048783,31.9791259759901,12.4001185835771
ENSG00000282130.1,18.1505857831298,14.013209694184,20.4666406246337,18.6001778753656
ENSG00000282168.4,16.8541153700491,25.2237774495311,19.1874755855941,12.4001185835771
ENSG00000282367.1,8.21097928284445,26.6250984189495,0,1.24001185835771
ENSG00000282393.1,13.3968609351673,23.8224564801127,24.3041357417525,13.6401304419348
ENSG00000282641.1,38.8941123924211,39.2369871437151,31.9791259759901,16.1201541586502
ENSG00000282684.1,10.8039201090059,22.4211355106943,12.7916503903961,12.4001185835771
ENSG00000282800.1,23.7686242398129,14.013209694184,28.1416308588713,29.760284600585
ENSG00000282844.2,63.0948934365942,39.2369871437151,51.1666015615842,0
ENSG00000282947.2,21.1756834136515,435.810821489121,70.3540771471783,132.681268844275
ENSG00000282958.5,456.357585404407,339.119674599252,272.462153315436,244.282336096468
ENSG00000283009.3,15.5576449569684,21.0198145412759,0,28.5202727422273
ENSG00000283018.1,24.2007810441731,11.2105677553472,37.0957861321486,31.0002964589427
ENSG00000283228.1,9.07529289156492,0,24.3041357417525,0
ENSG00000283391.3,20.311369804931,0,0,21.080201592081
ENSG00000283447.3,124.029002851387,79.8752952568485,158.616464840911,171.121636453364
ENSG00000283448.2,0,0,24.3041357417525,40.9203913258044
ENSG00000283515.1,8.64313608720468,0,8.95415527327724,21.080201592081
ENSG00000283674.5,14.2611745438877,21.0198145412759,26.8624658198317,18.6001778753656
ENSG00000283761.1,13.3968609351673,2.80264193883679,6.39582519519803,22.3202134504387
ENSG00000283777.2,1489.21234782537,1107.04356584053,1605.3521239947,1862.49781125328
ENSG00000283780.3,53.587443740669,84.0792581651037,74.1915722642971,104.160996102047
ENSG00000283847.2,101.124692220295,0,181.641435543624,120.281150260698
ENSG00000283868.2,24.2007810441731,18.2171726024391,7.67499023423763,0
ENSG00000283883.2,19.0148993918503,14.013209694184,1.27916503903961,3.72003557507312
ENSG00000284009.2,10.8039201090059,0,34.5374560540694,59.52056920117
ENSG00000284024.5,35.8690147618994,28.0264193883679,35.816621093109,24.8002371671542
ENSG00000284194.5,20.311369804931,2.80264193883679,24.3041357417525,19.8401897337233
ENSG00000284254.4,0,26.6250984189495,71.6332421862179,3.72003557507312
ENSG00000284260.2,8.21097928284445,29.4277403577863,3.83749511711882,43.4004150425198
ENSG00000284320.4,191.013307527223,243.829848678801,0,42.1604031841621
ENSG00000284369.3,33.276073935738,0,70.3540771471783,38.440367609089
ENSG00000284428.1,6.05019526104328,14.013209694184,5.11666015615842,6.20005929178854
ENSG00000284495.2,0,30.8290613272047,0,21.080201592081
ENSG00000284548.3,33.276073935738,33.6317032660415,26.8624658198317,11.1601067252194
ENSG00000284571.3,25.4972514572538,0,28.1416308588713,0
ENSG00000284634.2,6.91450886976375,16.8158516330207,19.1874755855941,12.4001185835771
ENSG00000284752.3,63.0948934365942,26.6250984189495,0,81.8407826516087
ENSG00000284753.4,6.48235206540351,11.2105677553472,28.1416308588713,17.3601660170079
ENSG00000284764.2,6.91450886976375,12.6118887247656,19.1874755855941,0
ENSG00000284770.4,71.3058727194386,60.256801684991,69.0749121081387,58.2805573428123
ENSG00000284796.3,35.4368579575392,91.0858630121957,89.5415527327724,45.8804387592352
ENSG00000284807.3,34.1403875444585,26.6250984189495,39.6541162102278,37.2003557507312
ENSG00000284820.1,0,18.2171726024391,10.2333203123168,16.1201541586502
ENSG00000284832.2,621.441484670017,1087.42507226867,771.336518540882,744.007115014625
ENSG00000284869.2,6.91450886976375,0,14.0708154294357,19.8401897337233
ENSG00000284879.1,6.48235206540351,16.8158516330207,6.39582519519803,19.8401897337233
ENSG00000284906.3,18.5827425874901,26.6250984189495,6.39582519519803,4.96004743343083
ENSG00000284916.2,6.91450886976375,4.20396290825519,0,12.4001185835771
ENSG00000284946.1,38.4619555880608,57.4541597461542,24.3041357417525,31.0002964589427
ENSG00000284967.3,1881.1785693801,2506.96321428951,1371.26492185046,1062.69016261256
ENSG00000284969.1,36.3011715662597,0,39.6541162102278,35.9603438923735
ENSG00000285000.1,44.5121508491041,61.6581226544094,78.0290673814159,79.3607589348933
ENSG00000285043.4,22.4721538267322,43.4409500519703,14.0708154294357,22.3202134504387
ENSG00000285121.2,60.0697958060725,42.0396290825519,15.3499804684753,0
ENSG00000285132.3,25.929408261614,50.4475548990622,72.9124072252575,73.1606996431048
ENSG00000285241.2,3.45725443488187,12.6118887247656,15.3499804684753,17.3601660170079
ENSG00000285282.2,6.91450886976375,0,37.0957861321486,39.6803794674467
ENSG00000285339.2,10.3717633046456,12.6118887247656,10.2333203123168,27.2802608838696
ENSG00000285343.2,0,5.60528387767358,12.7916503903961,16.1201541586502
ENSG00000285377.2,1.2964704130807,0,24.3041357417525,12.4001185835771
ENSG00000285390.2,172.862721744094,215.803429290433,171.408115231307,169.881624595006
ENSG00000285426.4,4.32156804360234,0,0,13.6401304419348
ENSG00000285437.4,37.5976419793404,35.0330242354599,39.6541162102278,42.1604031841621
ENSG00000285443.2,280.037609225432,292.876082608445,615.27838377805,598.925727586773
ENSG00000285465.2,0,16.8158516330207,39.6541162102278,29.760284600585
ENSG00000285485.2,40.1905828055018,28.0264193883679,15.3499804684753,8.68008300850396
ENSG00000285517.3,8.64313608720468,15.4145306636024,31.9791259759901,31.0002964589427
ENSG00000285723.3,13.3968609351673,0,15.3499804684753,0
ENSG00000285725.2,30.2509763052164,40.6383081131335,65.2374169910199,39.6803794674467
ENSG00000285756.3,49.6980325014269,43.4409500519703,43.4916113273466,34.7203320340158
ENSG00000285816.1,15.5576449569684,11.2105677553472,0,24.8002371671542
ENSG00000285920.2,11.2360769133661,46.2435919908071,31.9791259759901,40.9203913258044
ENSG00000285943.1,5.18588165232281,5.60528387767358,0,45.8804387592352
ENSG00000285972.2,24.2007810441731,26.6250984189495,7.67499023423763,8.68008300850396
ENSG00000286019.5,15.5576449569684,11.2105677553472,31.9791259759901,17.3601660170079
ENSG00000286075.4,24.2007810441731,25.2237774495311,6.39582519519803,35.9603438923735
ENSG00000286129.1,15.5576449569684,23.8224564801127,14.0708154294357,16.1201541586502
ENSG00000286132.1,6.48235206540351,4.20396290825519,10.2333203123168,12.4001185835771
ENSG00000286140.3,69.5772455019977,56.0528387767358,149.662309567634,26.0402490255119
ENSG00000286162.5,6.05019526104328,7.00660484709198,12.7916503903961,4.96004743343083
ENSG00000286190.4,38.8941123924211,40.6383081131335,16.6291455075149,21.080201592081
ENSG00000286214.1,10.3717633046456,14.013209694184,3.83749511711882,11.1601067252194
ENSG00000286219.3,12.5325473264468,14.013209694184,23.0249707027129,16.1201541586502
ENSG00000286235.1,12.1003905220866,26.6250984189495,23.0249707027129,8.68008300850396
ENSG00000286288.3,22.0399970223719,44.8422710213887,31.9791259759901,19.8401897337233
ENSG00000286341.1,14.2611745438877,30.8290613272047,21.7458056636733,18.6001778753656
ENSG00000286366.2,20.7435266092912,28.0264193883679,31.9791259759901,21.080201592081
ENSG00000286431.2,10.3717633046456,9.80924678592877,8.95415527327724,14.8801423002925
ENSG00000286546.2,19.8792130005708,26.6250984189495,14.0708154294357,14.8801423002925
ENSG00000286619.1,7.77882247848421,15.4145306636024,3.83749511711882,1.24001185835771
ENSG00000286746.2,3.45725443488187,12.6118887247656,19.1874755855941,13.6401304419348
ENSG00000286834.1,34.1403875444585,64.4607645932462,26.8624658198317,34.7203320340158
ENSG00000287117.2,4.32156804360234,2.80264193883679,2.55833007807921,13.6401304419348
ENSG00000287151.2,41.0548964142222,53.250196837899,55.004096678703,62.0005929178854
ENSG00000287160.1,6.91450886976375,11.2105677553472,15.3499804684753,0
ENSG00000287238.3,13.8290177395275,15.4145306636024,33.2582910150297,19.8401897337233
ENSG00000287697.2,9.50744969592515,14.013209694184,11.5124853513564,12.4001185835771
ENSG00000287769.2,9.50744969592515,15.4145306636024,21.7458056636733,19.8401897337233
ENSG00000287979.2,5.61803845668304,14.013209694184,19.1874755855941,8.68008300850396
ENSG00000288012.3,3.88941123924211,25.2237774495311,24.3041357417525,21.080201592081
ENSG00000288075.2,16.4219585656889,26.6250984189495,20.4666406246337,14.8801423002925
ENSG00000288114.1,10.3717633046456,30.8290613272047,0,136.401304419348
ENSG00000288145.1,71.7380295237989,26.6250984189495,26.8624658198317,17.3601660170079
ENSG00000288187.2,14.693331348248,14.013209694184,5.11666015615842,3.72003557507312
ENSG00000288353.1,84.2705768502456,0,72.9124072252575,0
ENSG00000288408.1,101.556849024655,260.645700311822,246.878852534644,197.161885478876
ENSG00000288445.2,76.0595975674012,65.8620855626646,43.4916113273466,0
ENSG00000288461.1,66.9843046758363,0,0,107.881031677121
ENSG00000288485.1,0,32.2303822966231,0,45.8804387592352
ENSG00000288534.1,87.2956744807673,123.316245308819,0,0
ENSG00000288550.3,5.61803845668304,21.0198145412759,0,22.3202134504387
ENSG00000288558.3,35.8690147618994,32.2303822966231,15.3499804684753,0
ENSG00000288564.1,0,29.4277403577863,57.5624267567823,27.2802608838696
ENSG00000288597.1,15.1254881526082,35.0330242354599,15.3499804684753,13.6401304419348
ENSG00000288673.2,357.825834010274,334.915711690997,273.741318354476,318.683047597931
ENSG00000288684.1,3.02509763052164,0,15.3499804684753,16.1201541586502
ENSG00000288701.2,85.1348904589661,84.0792581651037,66.5165820300595,69.4406640680317
ENSG00000288825.1,6.91450886976375,18.2171726024391,0,0
ENSG00000288838.2,12.964704130807,14.013209694184,8.95415527327724,9.92009486686167
ENSG00000288891.3,8.64313608720468,0,20.4666406246337,3.72003557507312
ENSG00000288920.3,28.9545058921357,28.0264193883679,37.0957861321486,19.8401897337233
ENSG00000289027.1,46.6729348709053,63.0594436238278,0,0
ENSG00000289047.3,395.423475989614,524.09404256248,702.261606432744,512.124897501733
ENSG00000289372.3,6.05019526104328,8.40792581651037,21.7458056636733,7.44007115014625
ENSG00000289444.2,6.05019526104328,11.2105677553472,2.55833007807921,14.8801423002925
ENSG00000289474.2,102.421162633375,177.967763116136,234.087202144248,208.321992204095
ENSG00000289562.3,9.07529289156492,4.20396290825519,2.55833007807921,14.8801423002925
ENSG00000289586.3,14.693331348248,22.4211355106943,20.4666406246337,12.4001185835771
ENSG00000289587.3,10.8039201090059,16.8158516330207,7.67499023423763,22.3202134504387
ENSG00000289694.1,79.5168520022831,0,51.1666015615842,54.5605217677392
ENSG00000289704.1,4.32156804360234,21.0198145412759,10.2333203123168,12.4001185835771
ENSG00000289720.1,54.8839141537497,63.0594436238278,69.0749121081387,110.361055393836
ENSG00000289901.2,41.4870532185825,42.0396290825519,65.2374169910199,33.4803201756581
ENSG00000289923.2,12.5325473264468,15.4145306636024,10.2333203123168,14.8801423002925
ENSG00000290315.1,23.3364674354526,116.309640461727,0,0
ENSG00000290439.2,4.75372484796257,7.00660484709198,14.0708154294357,9.92009486686167
ENSG00000290450.2,9.07529289156492,12.6118887247656,12.7916503903961,18.6001778753656
ENSG00000290534.1,19.0148993918503,70.0660484709198,17.9083105465545,12.4001185835771
ENSG00000290535.2,6.48235206540351,1.4013209694184,14.0708154294357,3.72003557507312
ENSG00000290548.2,7.77882247848421,5.60528387767358,12.7916503903961,8.68008300850396
ENSG00000290555.2,36.7333283706199,35.0330242354599,53.7249316396634,60.7605810595277
ENSG00000290560.2,7.77882247848421,12.6118887247656,19.1874755855941,11.1601067252194
ENSG00000290606.3,13.3968609351673,12.6118887247656,15.3499804684753,11.1601067252194
ENSG00000290683.2,7.34666567412398,11.2105677553472,19.1874755855941,2.48002371671542
ENSG00000290689.2,5.18588165232281,2.80264193883679,6.39582519519803,16.1201541586502
ENSG00000290746.2,40.622739609862,82.6779371956853,75.4707373033367,83.0807945099664
ENSG00000290758.3,22.9043106310924,32.2303822966231,19.1874755855941,8.68008300850396
ENSG00000290763.2,72.1701863281591,86.8819001039405,101.054038084129,125.241197694129
ENSG00000290831.2,5.18588165232281,14.013209694184,8.95415527327724,0
ENSG00000290832.2,29.3866626964959,33.6317032660415,47.3291064444654,60.7605810595277
ENSG00000290833.1,16.8541153700491,5.60528387767358,16.6291455075149,22.3202134504387
ENSG00000290846.2,54.8839141537497,93.8885049510325,76.7499023423763,42.1604031841621
ENSG00000290860.2,8.64313608720468,0,12.7916503903961,14.8801423002925
ENSG00000290871.2,20.311369804931,29.4277403577863,10.2333203123168,0
ENSG00000290873.2,18.1505857831298,15.4145306636024,7.67499023423763,23.5602253087965
ENSG00000290876.2,10.3717633046456,14.013209694184,15.3499804684753,9.92009486686167
ENSG00000290888.2,9.93960650028538,14.013209694184,11.5124853513564,3.72003557507312
ENSG00000290890.2,6.05019526104328,8.40792581651037,17.9083105465545,9.92009486686167
ENSG00000290921.2,7.34666567412398,14.013209694184,11.5124853513564,6.20005929178854
ENSG00000290923.2,6.91450886976375,12.6118887247656,7.67499023423763,14.8801423002925
ENSG00000290926.2,29.8188195008562,26.6250984189495,43.4916113273466,28.5202727422273
ENSG00000290927.2,4.75372484796257,9.80924678592877,12.7916503903961,11.1601067252194
ENSG00000290951.2,48.4015620883462,68.6647275015014,20.4666406246337,11.1601067252194
ENSG00000290989.2,10.8039201090059,15.4145306636024,20.4666406246337,21.080201592081
ENSG00000291003.2,10.3717633046456,32.2303822966231,29.4207958979109,9.92009486686167
ENSG00000291006.1,138.722334199635,155.546627605442,49.8874365225446,53.3205099093814
ENSG00000291035.2,13.3968609351673,12.6118887247656,6.39582519519803,19.8401897337233
ENSG00000291046.2,13.8290177395275,21.0198145412759,35.816621093109,33.4803201756581
ENSG00000291060.2,7.34666567412398,21.0198145412759,12.7916503903961,11.1601067252194
ENSG00000291063.2,27.658035479055,32.2303822966231,11.5124853513564,9.92009486686167
ENSG00000291064.2,22.0399970223719,22.4211355106943,26.8624658198317,32.2403083173004
ENSG00000291067.2,30.6831331095766,33.6317032660415,30.6999609369505,35.9603438923735
ENSG00000291069.2,6.05019526104328,11.2105677553472,20.4666406246337,14.8801423002925
ENSG00000291072.2,13.3968609351673,22.4211355106943,21.7458056636733,13.6401304419348
ENSG00000291073.2,22.0399970223719,21.0198145412759,52.4457666006238,34.7203320340158
ENSG00000291075.2,22.4721538267322,32.2303822966231,39.6541162102278,35.9603438923735
ENSG00000291078.2,11.2360769133661,7.00660484709198,2.55833007807921,16.1201541586502
ENSG00000291079.2,14.2611745438877,18.2171726024391,6.39582519519803,13.6401304419348
ENSG00000291080.2,24.2007810441731,21.0198145412759,51.1666015615842,27.2802608838696
ENSG00000291082.2,16.4219585656889,46.2435919908071,17.9083105465545,29.760284600585
ENSG00000291087.2,46.240778066545,64.4607645932462,76.7499023423763,88.0408419433973
ENSG00000291088.2,26.3615650659743,18.2171726024391,5.11666015615842,1.24001185835771
ENSG00000291091.2,63.0948934365942,68.6647275015014,72.9124072252575,64.4806166346008
ENSG00000291093.2,38.0297987837006,49.0462339296438,21.7458056636733,33.4803201756581
ENSG00000291100.2,11.2360769133661,5.60528387767358,31.9791259759901,11.1601067252194
ENSG00000291102.2,9.93960650028538,14.013209694184,2.55833007807921,13.6401304419348
ENSG00000291104.2,12.964704130807,21.0198145412759,8.95415527327724,13.6401304419348
ENSG00000291105.2,12.1003905220866,7.00660484709198,23.0249707027129,14.8801423002925
ENSG00000291106.2,3.45725443488187,2.80264193883679,17.9083105465545,17.3601660170079
ENSG00000291113.3,70.0094023063579,2.80264193883679,75.4707373033367,63.2406047762431
ENSG00000291118.2,12.1003905220866,19.6184935718575,17.9083105465545,22.3202134504387
ENSG00000291124.2,8.21097928284445,12.6118887247656,20.4666406246337,12.4001185835771
ENSG00000291133.2,37.5976419793404,61.6581226544094,30.6999609369505,62.0005929178854
ENSG00000291136.2,60.5019526104328,46.2435919908071,56.2832617177426,43.4004150425198
ENSG00000291137.2,15.9898017613287,12.6118887247656,35.816621093109,22.3202134504387
ENSG00000291139.2,6.91450886976375,15.4145306636024,10.2333203123168,16.1201541586502
ENSG00000291140.2,7.34666567412398,4.20396290825519,11.5124853513564,14.8801423002925
ENSG00000291147.2,6.05019526104328,2.80264193883679,16.6291455075149,8.68008300850396
ENSG00000291149.2,5.61803845668304,23.8224564801127,31.9791259759901,16.1201541586502
ENSG00000291150.2,38.4619555880608,28.0264193883679,40.9332812492674,63.2406047762431
ENSG00000291151.2,21.1756834136515,8.40792581651037,25.5833007807921,12.4001185835771
ENSG00000291152.2,61.7984230235135,71.4673694403382,98.4957080060496,96.7209249519012
ENSG00000291153.2,24.6329378485333,28.0264193883679,35.816621093109,34.7203320340158
ENSG00000291154.2,29.8188195008562,42.0396290825519,47.3291064444654,45.8804387592352
ENSG00000291171.2,7.77882247848421,8.40792581651037,14.0708154294357,8.68008300850396
ENSG00000291178.2,10.8039201090059,25.2237774495311,29.4207958979109,22.3202134504387
ENSG00000291186.2,21.6078402180117,7.00660484709198,12.7916503903961,31.0002964589427
ENSG00000291201.2,3.45725443488187,14.013209694184,20.4666406246337,24.8002371671542
ENSG00000291203.2,28.9545058921357,29.4277403577863,43.4916113273466,31.0002964589427
ENSG00000291207.2,22.9043106310924,25.2237774495311,28.1416308588713,21.080201592081
ENSG00000291214.1,86.4313608720468,135.928134033584,136.870659177238,126.481209552486
ENSG00000291223.1,19.4470561962105,0,25.5833007807921,31.0002964589427
ENSG00000291224.2,8.21097928284445,9.80924678592877,14.0708154294357,4.96004743343083
ENSG00000291228.2,13.3968609351673,12.6118887247656,34.5374560540694,31.0002964589427
ENSG00000291233.2,16.8541153700491,28.0264193883679,79.3082324204556,48.3604624759506
ENSG00000291237.3,54.8839141537497,49.0462339296438,35.816621093109,35.9603438923735
ENSG00000291266.2,26.3615650659743,63.0594436238278,52.4457666006238,27.2802608838696
ENSG00000291347.1,3.45725443488187,47.6449129602254,16.6291455075149,0
ENSG00000291356.1,325.414073683256,536.705931287245,828.898945297664,693.166628821959
ENSG00000291379.1,132.239982134232,180.770405054973,90.820717771812,0
ENSG00000291442.1,13.3968609351673,0,8.95415527327724,17.3601660170079
ENSG00000291502.1,43.2156804360234,43.4409500519703,15.3499804684753,58.2805573428123
ENSG00000291508.1,466.729348709053,424.600253733774,428.520288078268,525.765027943668
ENSG00000291525.1,31.1152899139369,54.6515178073174,19.1874755855941,21.080201592081
ENSG00000291527.1,71.7380295237989,128.921529186492,0,58.2805573428123
ENSG00000291534.1,72.6023431325193,0,0,47.1204506175929
ENSG00000291796.1,20.7435266092912,127.520208217074,144.545649411475,53.3205099093814
ENSG00000291802.1,0,36.4343452048783,26.8624658198317,37.2003557507312
ENSG00000291803.1,113.225082742381,248.033811587056,0,85.5608182266819
ENSG00000291835.1,41.9192100229427,35.0330242354599,48.608271483505,78.1207470765356
ENSG00000291948.1,109.767828307499,295.678724547281,322.349589837981,178.56170760351
ENSG00000291964.1,70.4415591107182,67.263406532083,43.4916113273466,47.1204506175929
ENSG00000291969.1,22.9043106310924,54.6515178073174,58.8415917958219,47.1204506175929
ENSG00000291973.1,38.4619555880608,0,0,34.7203320340158
ENSG00000291995.1,15.1254881526082,12.6118887247656,38.3749511711882,32.2403083173004
ENSG00000292096.1,356.961520401553,270.45494709775,281.416308588713,246.762359813184
ENSG00000292102.1,385.916026293689,346.126279446344,267.345493159278,231.882217512891
ENSG00000292130.1,15.9898017613287,35.0330242354599,0,35.9603438923735
ENSG00000292155.1,0,40.6383081131335,71.6332421862179,57.0405454844546
ENSG00000292169.1,22.0399970223719,60.256801684991,43.4916113273466,48.3604624759506
ENSG00000292192.1,134.832922960393,105.09907270638,92.0998828108516,84.3208063683242
ENSG00000292196.1,8.64313608720468,0,0,40.9203913258044
ENSG00000292208.1,21.1756834136515,4.20396290825519,57.5624267567823,8.68008300850396
ENSG00000292211.1,25.0650946528936,28.0264193883679,28.1416308588713,12.4001185835771
ENSG00000292215.1,8.64313608720468,21.0198145412759,28.1416308588713,18.6001778753656
ENSG00000292219.1,5.18588165232281,0,17.9083105465545,19.8401897337233
ENSG00000292225.2,5.61803845668304,29.4277403577863,12.7916503903961,16.1201541586502
ENSG00000292227.2,6.48235206540351,0,24.3041357417525,0
ENSG00000292236.1,19.4470561962105,0,29.4207958979109,18.6001778753656
ENSG00000292251.1,95.5066537636117,95.2898259204509,97.21654296701,100.440960526974
ENSG00000292253.1,637.431286431345,589.956128125145,500.153530264486,453.844340158921
ENSG00000292286.1,15.5576449569684,0,25.5833007807921,35.9603438923735
ENSG00000292288.1,4.75372484796257,7.00660484709198,10.2333203123168,37.2003557507312
ENSG00000292301.1,73.4666567412398,107.901714645216,63.9582519519803,52.0804980510237
ENSG00000292378.1,37.1654851749801,25.2237774495311,43.4916113273466,31.0002964589427
ENSG00000292979.2,15.9898017613287,18.2171726024391,35.816621093109,26.0402490255119
ENSG00000292982.2,6.48235206540351,2.80264193883679,3.83749511711882,13.6401304419348
ENSG00000292986.2,98.0995945897731,100.895109798124,184.199765621703,156.241494153071
ENSG00000293042.2,6.05019526104328,8.40792581651037,12.7916503903961,11.1601067252194
ENSG00000293106.2,18.1505857831298,14.013209694184,15.3499804684753,9.92009486686167
ENSG00000293164.1,30.6831331095766,81.2766162262669,47.3291064444654,52.0804980510237
ENSG00000293185.2,26.3615650659743,12.6118887247656,33.2582910150297,18.6001778753656
ENSG00000293192.2,12.1003905220866,0,2.55833007807921,13.6401304419348
ENSG00000293241.2,45.8086212621848,19.6184935718575,0,0
ENSG00000293252.1,66.9843046758363,106.500393675798,136.870659177238,128.961233269202
ENSG00000293264.2,4.75372484796257,5.60528387767358,12.7916503903961,2.48002371671542
ENSG00000293309.2,12.1003905220866,40.6383081131335,25.5833007807921,17.3601660170079
ENSG00000293311.2,25.929408261614,37.8356661742967,58.8415917958219,26.0402490255119
ENSG00000293313.2,16.4219585656889,15.4145306636024,35.816621093109,17.3601660170079
ENSG00000293317.2,60.934109414793,28.0264193883679,23.0249707027129,26.0402490255119
ENSG00000293319.1,105.014103459537,0,188.037260738822,141.361351852779
ENSG00000293320.1,163.787428852529,253.63909546473,195.71225097306,210.80201592081
ENSG00000293329.2,206.138795679832,288.672119700189,317.232929681822,257.922466538403
ENSG00000293332.2,4.75372484796257,19.6184935718575,14.0708154294357,4.96004743343083
ENSG00000293339.1,128.35057089499,133.125492094748,74.1915722642971,105.401007960405
ENSG00000293352.2,3.88941123924211,1.4013209694184,170.128950192268,172.361648311721
ENSG00000293434.2,15.1254881526082,25.2237774495311,16.6291455075149,17.3601660170079
ENSG00000293455.2,28.5223490877754,15.4145306636024,10.2333203123168,8.68008300850396
ENSG00000293460.1,44.9443076534643,40.6383081131335,58.8415917958219,59.52056920117
ENSG00000293473.2,34.5725443488187,29.4277403577863,30.6999609369505,31.0002964589427
ENSG00000293478.2,31.1152899139369,19.6184935718575,28.1416308588713,39.6803794674467
ENSG00000293491.2,13.8290177395275,30.8290613272047,24.3041357417525,31.0002964589427
ENSG00000293495.2,132.239982134232,100.895109798124,196.991416012099,203.361944770664
ENSG00000293508.2,7.34666567412398,8.40792581651037,20.4666406246337,13.6401304419348
ENSG00000293510.2,23.3364674354526,25.2237774495311,38.3749511711882,32.2403083173004
ENSG00000293514.2,24.6329378485333,25.2237774495311,31.9791259759901,26.0402490255119
ENSG00000293516.2,40.622739609862,44.8422710213887,19.1874755855941,37.2003557507312
ENSG00000293600.3,46.240778066545,91.0858630121957,102.333203123168,55.8005336260969
ENSG00000293616.2,14.2611745438877,23.8224564801127,33.2582910150297,23.5602253087965
ENSG00000293669.2,12.5325473264468,19.6184935718575,31.9791259759901,17.3601660170079
ENSG00000294133.1,9.93960650028538,2.80264193883679,30.6999609369505,7.44007115014625
ENSG00000294255.1,276.14819798619,248.033811587056,208.503901363456,224.442146362745
ENSG00000294781.1,9.50744969592515,15.4145306636024,11.5124853513564,11.1601067252194
ENSG00000295063.1,15.9898017613287,26.6250984189495,26.8624658198317,17.3601660170079
ENSG00000295452.1,0,19.6184935718575,8.95415527327724,19.8401897337233
ENSG00000295873.1,17.7184289787696,29.4277403577863,20.4666406246337,13.6401304419348
ENSG00000295911.1,6.91450886976375,15.4145306636024,0,6.20005929178854
ENSG00000295970.1,1.2964704130807,1.4013209694184,42.212446288307,21.080201592081
ENSG00000296618.1,5.18588165232281,7.00660484709198,15.3499804684753,12.4001185835771
ENSG00000296802.1,8.21097928284445,14.013209694184,11.5124853513564,3.72003557507312
ENSG00000297076.1,34.5725443488187,15.4145306636024,0,37.2003557507312
ENSG00000297244.1,11.6682337177263,7.00660484709198,21.7458056636733,12.4001185835771
ENSG00000297285.1,5.18588165232281,7.00660484709198,15.3499804684753,7.44007115014625
ENSG00000297719.1,369.494067728,508.679511898878,470.732734366575,362.083462640451
ENSG00000297805.1,12.5325473264468,18.2171726024391,26.8624658198317,14.8801423002925
ENSG00000298073.1,6.91450886976375,4.20396290825519,20.4666406246337,13.6401304419348
ENSG00000298485.1,39.7584260011415,113.50699852289,81.8665624985348,63.2406047762431
ENSG00000298505.1,2.16078402180117,8.40792581651037,14.0708154294357,18.6001778753656
ENSG00000298775.1,7.77882247848421,18.2171726024391,12.7916503903961,4.96004743343083
ENSG00000298931.1,36.3011715662597,57.4541597461542,63.9582519519803,44.6404269008775
ENSG00000299022.1,7.34666567412398,2.80264193883679,21.7458056636733,11.1601067252194
ENSG00000299897.1,6.48235206540351,1.4013209694184,3.83749511711882,13.6401304419348
ENSG00000300022.1,9.93960650028538,16.8158516330207,6.39582519519803,14.8801423002925
ENSG00000300384.1,16.4219585656889,44.8422710213887,29.4207958979109,28.5202727422273
ENSG00000300939.1,7.34666567412398,5.60528387767358,16.6291455075149,8.68008300850396
ENSG00000302686.1,9.07529289156492,0,0,12.4001185835771
ENSG00000302701.1,9.93960650028538,2.80264193883679,17.9083105465545,4.96004743343083
ENSG00000303853.1,12.964704130807,9.80924678592877,16.6291455075149,12.4001185835771
ENSG00000303991.1,9.50744969592515,14.013209694184,3.83749511711882,4.96004743343083
ENSG00000304176.1,5.18588165232281,0,20.4666406246337,2.48002371671542
ENSG00000304309.1,14.2611745438877,9.80924678592877,8.95415527327724,26.0402490255119
ENSG00000304497.1,8.21097928284445,4.20396290825519,16.6291455075149,7.44007115014625
ENSG00000304560.1,6.91450886976375,21.0198145412759,1.27916503903961,3.72003557507312
ENSG00000304661.1,7.34666567412398,11.2105677553472,15.3499804684753,9.92009486686167
ENSG00000304668.1,6.91450886976375,14.013209694184,19.1874755855941,6.20005929178854
ENSG00000305513.1,12.964704130807,11.2105677553472,23.0249707027129,14.8801423002925
ENSG00000305635.1,13.8290177395275,18.2171726024391,60.1207568348615,43.4004150425198
ENSG00000306678.1,5.61803845668304,14.013209694184,10.2333203123168,1.24001185835771
ENSG00000306750.1,6.91450886976375,18.2171726024391,8.95415527327724,3.72003557507312
ENSG00000306831.1,4.32156804360234,1.4013209694184,23.0249707027129,19.8401897337233
ENSG00000307088.1,26.7937218703345,39.2369871437151,38.3749511711882,24.8002371671542
ENSG00000307236.1,20.311369804931,28.0264193883679,17.9083105465545,12.4001185835771
ENSG00000307300.1,5.18588165232281,14.013209694184,3.83749511711882,1.24001185835771
ENSG00000307664.1,20.311369804931,25.2237774495311,19.1874755855941,22.3202134504387
ENSG00000307842.1,14.693331348248,29.4277403577863,21.7458056636733,13.6401304419348
ENSG00000308185.1,63.5270502409544,98.0924678592877,47.3291064444654,55.8005336260969
ENSG00000309673.1,15.9898017613287,22.4211355106943,2.55833007807921,1.24001185835771
ENSG00000309811.1,15.5576449569684,18.2171726024391,28.1416308588713,6.20005929178854
ENSG00000310107.1,237.254085593769,497.46894414353,446.428598624822,264.122525830192
ENSG00000310376.1,7554.96525382561,7286.86904097566,6879.349579955,6156.65887674602
ENSG00000310517.3,421.785041055588,381.159303681804,327.466249994139,341.00326104837
ENSG00000310560.3,15.1254881526082,15.4145306636024,19.1874755855941,16.1201541586502
ENSG00000310576.2,14.2611745438877,8.40792581651037,28.1416308588713,44.6404269008775
ENSG00000310600.1,5.61803845668304,21.0198145412759,15.3499804684753,12.4001185835771
ENSG00000310601.1,8.21097928284445,15.4145306636024,10.2333203123168,4.96004743343083
